slurm-9377742.out:result,/home/utr_lefebvre/AF-bilevel-ccg/code/data/milp/BCPIns_8_7_10.txt_trad.txt_K5.aux,19,1,8,28,8,9,19,19,0.253011,0.101348,0.000231,0.000231,2,2,17,1,0,0,
slurm-9377743.out:result,/home/utr_lefebvre/AF-bilevel-ccg/code/data/milp/BCPIns_8_7_1.txt_trad.txt_K5.aux,19,1,8,28,8,9,19,19,0.236398,0.078665,0.000312,0.000312,2,2,17,1,0,0,
slurm-9377744.out:result,/home/utr_lefebvre/AF-bilevel-ccg/code/data/milp/BCPIns_8_7_2.txt_trad.txt_K5.aux,19,1,8,28,8,9,19,19,0.251827,0.100352,0.000319,0.000319,2,2,17,1,0,0,
slurm-9377745.out:result,/home/utr_lefebvre/AF-bilevel-ccg/code/data/milp/BCPIns_8_7_3.txt_trad.txt_K5.aux,19,1,8,28,8,9,19,19,0.221324,0.060312,0.000324,0.000324,2,2,14,1,0,0,
slurm-9377746.out:result,/home/utr_lefebvre/AF-bilevel-ccg/code/data/milp/BCPIns_8_7_4.txt_trad.txt_K5.aux,19,1,8,28,8,9,19,19,0.238013,0.109827,0.000309,0.000309,3,3,16,1,0,0,
slurm-9377747.out:result,/home/utr_lefebvre/AF-bilevel-ccg/code/data/milp/BCPIns_8_7_5.txt_trad.txt_K5.aux,19,1,8,28,8,9,19,19,0.215368,0.091726,0.000387,0.000387,2,2,14,1,0,0,
slurm-9377748.out:result,/home/utr_lefebvre/AF-bilevel-ccg/code/data/milp/BCPIns_8_7_6.txt_trad.txt_K5.aux,19,1,8,28,8,9,19,19,0.294268,0.131839,0.000322,0.000322,2,2,20,1,0,0,
slurm-9377749.out:result,/home/utr_lefebvre/AF-bilevel-ccg/code/data/milp/BCPIns_8_7_7.txt_trad.txt_K5.aux,19,1,8,28,8,9,19,19,0.220495,0.093388,0.000305,0.000305,3,3,15,1,0,0,
slurm-9377750.out:result,/home/utr_lefebvre/AF-bilevel-ccg/code/data/milp/BCPIns_8_7_8.txt_trad.txt_K5.aux,19,1,8,28,8,9,19,19,0.223643,0.093127,0.000355,0.000355,2,2,15,1,0,0,
slurm-9377751.out:result,/home/utr_lefebvre/AF-bilevel-ccg/code/data/milp/BCPIns_8_7_9.txt_trad.txt_K5.aux,19,1,8,28,8,9,19,19,0.271905,0.123501,0.000331,0.000331,2,2,18,1,0,0,
slurm-9377752.out:result,/home/utr_lefebvre/AF-bilevel-ccg/code/data/milp/K5010W02.KNP.aux,10,1,10,11,10,1,10,10,1.68213,1.20325,0.000313,0.000313,1060,1060,122,1,0,0,
slurm-9377753.out:result,/home/utr_lefebvre/AF-bilevel-ccg/code/data/milp/K5010W03.KNP.aux,10,1,10,11,10,1,10,10,1.65958,1.17658,0.000339,0.000339,526,526,119,1,0,0,
slurm-9377754.out:result,/home/utr_lefebvre/AF-bilevel-ccg/code/data/milp/K5010W04.KNP.aux,10,1,10,11,10,1,10,10,1.29063,0.855569,0.000331,0.000331,1533,1533,104,1,0,0,
slurm-9377755.out:result,/home/utr_lefebvre/AF-bilevel-ccg/code/data/milp/K5010W05.KNP.aux,10,1,10,11,10,1,10,10,1.75452,1.20961,0.000352,0.000352,2114,2114,131,1,0,0,
slurm-9377756.out:result,/home/utr_lefebvre/AF-bilevel-ccg/code/data/milp/K5010W06.KNP.aux,10,1,10,11,10,1,10,10,1.28769,0.876159,0.000305,0.000305,1100,1100,100,1,0,0,
slurm-9377757.out:result,/home/utr_lefebvre/AF-bilevel-ccg/code/data/milp/K5010W07.KNP.aux,10,1,10,11,10,1,10,10,1.79364,1.28906,0.000298,0.000298,1135,1135,122,1,0,0,
slurm-9377758.out:result,/home/utr_lefebvre/AF-bilevel-ccg/code/data/milp/K5010W08.KNP.aux,10,1,10,11,10,1,10,10,1.80059,1.29073,0.000326,0.000326,1707,1707,130,1,0,0,
slurm-9377759.out:result,/home/utr_lefebvre/AF-bilevel-ccg/code/data/milp/K5010W09.KNP.aux,10,1,10,11,10,1,10,10,1.52348,1.04585,0.000284,0.000284,271,271,116,1,0,0,
slurm-9377760.out:result,/home/utr_lefebvre/AF-bilevel-ccg/code/data/milp/K5010W10.KNP.aux,10,1,10,11,10,1,10,10,1.45224,0.993132,0.000297,0.000297,509,509,120,1,0,0,
slurm-9377761.out:result,/home/utr_lefebvre/AF-bilevel-ccg/code/data/milp/K5010W11.KNP.aux,10,1,10,11,10,1,10,10,1.56069,1.12644,0.000288,0.000288,1759,1759,117,1,0,0,
slurm-9377762.out:result,/home/utr_lefebvre/AF-bilevel-ccg/code/data/milp/K5010W12.KNP.aux,10,1,10,11,10,1,10,10,1.55839,1.06705,0.000308,0.000308,1223,1223,120,1,0,0,
slurm-9377763.out:result,/home/utr_lefebvre/AF-bilevel-ccg/code/data/milp/K5010W13.KNP.aux,10,1,10,11,10,1,10,10,1.33272,0.917035,0.000286,0.000286,700,700,110,1,0,0,
slurm-9377764.out:result,/home/utr_lefebvre/AF-bilevel-ccg/code/data/milp/K5010W14.KNP.aux,10,1,10,11,10,1,10,10,1.93391,1.37529,0.000306,0.000306,644,644,140,1,0,0,
slurm-9377765.out:result,/home/utr_lefebvre/AF-bilevel-ccg/code/data/milp/K5010W15.KNP.aux,10,1,10,11,10,1,10,10,1.45229,1.02807,0.000298,0.000298,1723,1723,113,1,0,0,
slurm-9377766.out:result,/home/utr_lefebvre/AF-bilevel-ccg/code/data/milp/K5010W16.KNP.aux,10,1,10,11,10,1,10,10,1.33556,0.882488,0.00031,0.00031,1098,1098,114,1,0,0,
slurm-9377767.out:result,/home/utr_lefebvre/AF-bilevel-ccg/code/data/milp/K5010W17.KNP.aux,10,1,10,11,10,1,10,10,1.27973,0.853326,0.000314,0.000314,1465,1465,105,1,0,0,
slurm-9377768.out:result,/home/utr_lefebvre/AF-bilevel-ccg/code/data/milp/K5010W18.KNP.aux,10,1,10,11,10,1,10,10,1.3577,0.927443,0.00032,0.00032,1580,1580,108,1,0,0,
slurm-9377769.out:result,/home/utr_lefebvre/AF-bilevel-ccg/code/data/milp/K5010W19.KNP.aux,10,1,10,11,10,1,10,10,1.63413,1.15847,0.000253,0.000253,2055,2055,120,1,0,0,
slurm-9377770.out:result,/home/utr_lefebvre/AF-bilevel-ccg/code/data/milp/K5010W20.KNP.aux,10,1,10,11,10,1,10,10,0.987745,0.627615,0.000291,0.000291,1998,1998,90,1,0,0,
slurm-9377771.out:result,/home/utr_lefebvre/AF-bilevel-ccg/code/data/milp/K5020W01.KNP.aux,20,1,20,21,20,1,20,20,7203.92,6937.91,0.035448,0.035448,0,5972,7362,1,0,0,
slurm-9377772.out:result,/home/utr_lefebvre/AF-bilevel-ccg/code/data/milp/K5020W02.KNP.aux,20,1,20,21,20,1,20,20,7203.19,6944.85,0.036273,0.036273,0,5704,7299,1,0,0,
slurm-9377773.out:result,/home/utr_lefebvre/AF-bilevel-ccg/code/data/milp/K5020W03.KNP.aux,20,1,20,21,20,1,20,20,7204.11,6915.53,0.038198,0.038198,0,4775,7404,1,0,0,
slurm-9377774.out:result,/home/utr_lefebvre/AF-bilevel-ccg/code/data/milp/K5020W04.KNP.aux,20,1,20,21,20,1,20,20,7203.85,6985.56,0.040874,0.040874,0,5507,6935,1,0,0,
slurm-9377775.out:result,/home/utr_lefebvre/AF-bilevel-ccg/code/data/milp/K5020W05.KNP.aux,20,1,20,21,20,1,20,20,7203.88,6969.55,0.026927,0.026927,0,6223,7140,1,0,0,
slurm-9377776.out:result,/home/utr_lefebvre/AF-bilevel-ccg/code/data/milp/K5020W06.KNP.aux,20,1,20,21,20,1,20,20,7202.51,6971.74,0.026036,0.026036,0,3958,7263,1,0,0,
slurm-9377777.out:result,/home/utr_lefebvre/AF-bilevel-ccg/code/data/milp/K5020W07.KNP.aux,20,1,20,21,20,1,20,20,7202.68,6949.96,0.03501,0.03501,0,6381,7581,1,0,0,
slurm-9377778.out:result,/home/utr_lefebvre/AF-bilevel-ccg/code/data/milp/K5020W08.KNP.aux,20,1,20,21,20,1,20,20,7203.43,6986.79,0.023541,0.023541,0,5987,6833,1,0,0,
slurm-9377779.out:result,/home/utr_lefebvre/AF-bilevel-ccg/code/data/milp/K5020W09.KNP.aux,20,1,20,21,20,1,20,20,7204.13,6958.59,0.024139,0.024139,0,5230,7254,1,0,0,
slurm-9377780.out:result,/home/utr_lefebvre/AF-bilevel-ccg/code/data/milp/K5020W10.KNP.aux,20,1,20,21,20,1,20,20,7203.78,6981.08,0.024098,0.024098,0,5954,6963,1,0,0,
slurm-9377781.out:result,/home/utr_lefebvre/AF-bilevel-ccg/code/data/milp/K5020W11.KNP.aux,20,1,20,21,20,1,20,20,7202.68,6995.06,0.027644,0.027644,0,5000,6494,1,0,0,
slurm-9377782.out:result,/home/utr_lefebvre/AF-bilevel-ccg/code/data/milp/K5020W12.KNP.aux,20,1,20,21,20,1,20,20,7203.46,6970.75,0.043113,0.043113,0,6038,6535,1,0,0,
slurm-9377783.out:result,/home/utr_lefebvre/AF-bilevel-ccg/code/data/milp/K5020W13.KNP.aux,20,1,20,21,20,1,20,20,7203.78,6947.95,0.030213,0.030213,0,5960,6985,1,0,0,
slurm-9377784.out:result,/home/utr_lefebvre/AF-bilevel-ccg/code/data/milp/K5020W14.KNP.aux,20,1,20,21,20,1,20,20,7203.08,6959.87,0.034613,0.034613,0,4648,7212,1,0,0,
slurm-9377785.out:result,/home/utr_lefebvre/AF-bilevel-ccg/code/data/milp/K5020W15.KNP.aux,20,1,20,21,20,1,20,20,7202.43,6969.98,0.02666,0.02666,0,4538,6743,1,0,0,
slurm-9377786.out:result,/home/utr_lefebvre/AF-bilevel-ccg/code/data/milp/K5020W16.KNP.aux,20,1,20,21,20,1,20,20,7204.75,6960.18,0.049506,0.049506,0,5914,7203,1,0,0,
slurm-9377787.out:result,/home/utr_lefebvre/AF-bilevel-ccg/code/data/milp/K5020W17.KNP.aux,20,1,20,21,20,1,20,20,7204.24,6961.79,0.032214,0.032214,0,6047,7036,1,0,0,
slurm-9377788.out:result,/home/utr_lefebvre/AF-bilevel-ccg/code/data/milp/K5020W18.KNP.aux,20,1,20,21,20,1,20,20,7203.31,6983.35,0.033419,0.033419,0,4411,6970,1,0,0,
slurm-9377789.out:result,/home/utr_lefebvre/AF-bilevel-ccg/code/data/milp/K5020W19.KNP.aux,20,1,20,21,20,1,20,20,7203.7,6979.7,0.024644,0.024644,0,5751,6980,1,0,0,
slurm-9377790.out:result,/home/utr_lefebvre/AF-bilevel-ccg/code/data/milp/K5020W20.KNP.aux,20,1,20,21,20,1,20,20,7203.83,6973.51,0.035282,0.035282,0,4976,7046,1,0,0,
slurm-9377791.out:result,/home/utr_lefebvre/AF-bilevel-ccg/code/data/milp/knapsack.aux,7,1,7,8,7,1,7,7,0.042966,0.016833,0.000189,0.000189,0,0,1,1,0,0,
slurm-9377792.out:result,/home/utr_lefebvre/AF-bilevel-ccg/code/data/milp/p0033-0.500000.aux,17,0,16,16,16,5,17,11,0.390512,0.376837,0.000236,0.000236,3095,3095,1,1,0,0,
slurm-9377793.out:result,/home/utr_lefebvre/AF-bilevel-ccg/code/data/milp/pb5.dat-0.aux,20,1,20,29,20,9,20,20,7202.33,6925.28,0.069288,0.069288,0,1894,6822,1,0,0,
slurm-9377794.out:result,/home/utr_lefebvre/AF-bilevel-ccg/code/data/milp/pb5.dat-100.aux,20,9,20,21,20,1,20,20,7203.71,6963.58,0.033724,0.033724,0,2418,7170,1,0,0,
slurm-9377795.out:result,/home/utr_lefebvre/AF-bilevel-ccg/code/data/milp/pb5.dat-50.aux,20,5,20,25,20,5,20,20,7202.94,6960.84,0.050957,0.050957,0,1856,6365,1,0,0,
slurm-9377796.out:result,/home/utr_lefebvre/AF-bilevel-ccg/code/data/milp/pet2.dat-0.aux,10,1,10,19,10,9,10,10,1.91452,1.28213,0.000298,0.000298,25295,25295,149,1,0,0,
slurm-9377797.out:result,/home/utr_lefebvre/AF-bilevel-ccg/code/data/milp/pet2.dat-100.aux,10,9,10,11,10,1,10,10,1.93338,1.37586,0.000272,0.000272,38833,38833,147,1,0,0,
slurm-9377798.out:result,/home/utr_lefebvre/AF-bilevel-ccg/code/data/milp/pet2.dat-50.aux,10,5,10,15,10,5,10,10,1.54998,1.02343,0.000256,0.000256,38833,38833,130,1,0,0,
slurm-9377799.out:result,/home/utr_lefebvre/AF-bilevel-ccg/code/data/milp/pet3.dat-0.aux,15,1,15,24,15,9,15,15,749.548,715.151,0.020103,0.020103,905,905,2343,1,0,0,
slurm-9377800.out:result,/home/utr_lefebvre/AF-bilevel-ccg/code/data/milp/pet3.dat-100.aux,15,9,15,16,15,1,15,15,596.573,569.159,0.016245,0.016245,1080,1080,2463,1,0,0,
slurm-9377801.out:result,/home/utr_lefebvre/AF-bilevel-ccg/code/data/milp/pet3.dat-50.aux,15,5,15,20,15,5,15,15,369.91,350.886,0.012263,0.012263,905,905,1862,1,0,0,
slurm-9377802.out:result,/home/utr_lefebvre/AF-bilevel-ccg/code/data/milp/pet4.dat-0.aux,20,1,20,29,20,9,20,20,7202.42,6968.28,0.02267,0.02267,0,3260,6518,1,0,0,
slurm-9377803.out:result,/home/utr_lefebvre/AF-bilevel-ccg/code/data/milp/pet4.dat-100.aux,20,9,20,21,20,1,20,20,7203.68,6952.82,0.035516,0.035516,0,5155,6791,1,0,0,
slurm-9377804.out:result,/home/utr_lefebvre/AF-bilevel-ccg/code/data/milp/pet4.dat-50.aux,20,5,20,25,20,5,20,20,7203.58,6964.64,0.070232,0.070232,0,4025,6771,1,0,0,
slurm-9377805.out:result,/home/utr_lefebvre/AF-bilevel-ccg/code/data/milp/stein27-0.500000.aux,14,0,13,118,13,13,14,105,0.291518,0.268306,0.000156,0.000156,19,19,1,1,0,0,
slurm-9377806.out:result,/home/utr_lefebvre/AF-bilevel-ccg/code/data/milp/stein27-0.900000.aux,3,0,24,118,24,81,3,37,0.052434,0.037026,0.000134,0.000134,24,24,1,1,0,0,
slurm-9377807.out:result,/home/utr_lefebvre/AF-bilevel-ccg/code/data/milp/stein45-0.500000.aux,23,0,22,331,22,39,23,292,125.782,125.708,0.000213,0.000213,32,32,1,1,0,0,
slurm-9379880.out:result,/home/utr_lefebvre/AF-bilevel-ccg/code/data/nlp/BCPIns_8_7_10.txt_trad.txt_K5_p25_k25_s25.aux,19,1,8,28,2,0,25,28,0.188116,0.082589,0.005413,0.005413,3.12111,3.12111,2,1,0,0,
slurm-9379881.out:result,/home/utr_lefebvre/AF-bilevel-ccg/code/data/nlp/BCPIns_8_7_10.txt_trad.txt_K5_p25_k25_s50.aux,19,1,8,28,2,0,25,28,0.205341,0.10313,0.005709,0.005709,3.15032,3.15033,4,1,0,0,
slurm-9379882.out:result,/home/utr_lefebvre/AF-bilevel-ccg/code/data/nlp/BCPIns_8_7_10.txt_trad.txt_K5_p25_k25_s75.aux,19,1,8,28,2,0,25,28,0.275952,0.157524,0.004748,0.004748,3.1203,3.12031,6,1,0,0,
slurm-9379883.out:result,/home/utr_lefebvre/AF-bilevel-ccg/code/data/nlp/BCPIns_8_7_10.txt_trad.txt_K5_p25_k50_s25.aux,19,1,8,28,2,0,25,28,0.146804,0.071318,0.006097,0.006097,3.12111,3.12111,2,1,0,0,
slurm-9379884.out:result,/home/utr_lefebvre/AF-bilevel-ccg/code/data/nlp/BCPIns_8_7_10.txt_trad.txt_K5_p25_k50_s50.aux,19,1,8,28,2,0,25,28,0.108952,0.04698,0.005384,0.005384,3.14512,3.14512,2,1,0,0,
slurm-9379885.out:result,/home/utr_lefebvre/AF-bilevel-ccg/code/data/nlp/BCPIns_8_7_10.txt_trad.txt_K5_p25_k50_s75.aux,19,1,8,28,2,0,25,28,0.337967,0.215967,0.007539,0.007539,3.1203,3.12031,5,1,0,0,
slurm-9379886.out:result,/home/utr_lefebvre/AF-bilevel-ccg/code/data/nlp/BCPIns_8_7_10.txt_trad.txt_K5_p25_k75_s25.aux,19,1,8,28,2,0,25,28,0.184077,0.091398,0.008609,0.008609,3.00335,3.00335,2,1,0,0,
slurm-9379887.out:result,/home/utr_lefebvre/AF-bilevel-ccg/code/data/nlp/BCPIns_8_7_10.txt_trad.txt_K5_p25_k75_s50.aux,19,1,8,28,2,0,25,28,0.460694,0.347105,0.00568,0.00568,3.0105,3.0105,5,1,0,0,
slurm-9379888.out:result,/home/utr_lefebvre/AF-bilevel-ccg/code/data/nlp/BCPIns_8_7_10.txt_trad.txt_K5_p25_k75_s75.aux,19,1,8,28,2,0,25,28,0.393959,0.268518,0.007912,0.007912,3.01764,3.01764,5,1,0,0,
slurm-9379889.out:result,/home/utr_lefebvre/AF-bilevel-ccg/code/data/nlp/BCPIns_8_7_10.txt_trad.txt_K5_p50_k25_s25.aux,19,1,8,28,4,1,23,27,7207.29,5589.88,0.262963,0.262963,0,3.17838,14162,1,0,0,
slurm-9379890.out:result,/home/utr_lefebvre/AF-bilevel-ccg/code/data/nlp/BCPIns_8_7_10.txt_trad.txt_K5_p50_k25_s50.aux,19,1,8,28,4,1,23,27,7207.66,5545.64,0.255365,0.255365,0,3.71796,14047,1,0,0,
slurm-9379891.out:result,/home/utr_lefebvre/AF-bilevel-ccg/code/data/nlp/BCPIns_8_7_10.txt_trad.txt_K5_p50_k25_s75.aux,19,1,8,28,4,1,23,27,7206.98,6098.44,0.21956,0.21956,0,3.22463,14920,1,0,0,
slurm-9379892.out:result,/home/utr_lefebvre/AF-bilevel-ccg/code/data/nlp/BCPIns_8_7_10.txt_trad.txt_K5_p50_k50_s25.aux,19,1,8,28,4,1,23,27,7204.16,6808.54,0.110666,0.110666,2.17224,2.17252,5282,1,0,0,
slurm-9379893.out:result,/home/utr_lefebvre/AF-bilevel-ccg/code/data/nlp/BCPIns_8_7_10.txt_trad.txt_K5_p50_k50_s50.aux,19,1,8,28,4,1,23,27,0.360385,0.209403,0.044731,0.044731,2.19716,2.19716,2,1,0,0,
slurm-9379894.out:result,/home/utr_lefebvre/AF-bilevel-ccg/code/data/nlp/BCPIns_8_7_10.txt_trad.txt_K5_p50_k50_s75.aux,19,1,8,28,4,1,23,27,0.55232,0.342743,0.031295,0.031295,2.19715,2.19716,5,1,0,0,
slurm-9379895.out:result,/home/utr_lefebvre/AF-bilevel-ccg/code/data/nlp/BCPIns_8_7_10.txt_trad.txt_K5_p50_k75_s25.aux,19,1,8,28,4,1,23,27,3.66457,2.39198,0.067209,0.067209,2.17004,2.17004,13,1,0,0,
slurm-9379896.out:result,/home/utr_lefebvre/AF-bilevel-ccg/code/data/nlp/BCPIns_8_7_10.txt_trad.txt_K5_p50_k75_s50.aux,19,1,8,28,4,1,23,27,0.853586,0.513904,0.052747,0.052747,2.19339,2.19339,4,1,0,0,
slurm-9379897.out:result,/home/utr_lefebvre/AF-bilevel-ccg/code/data/nlp/BCPIns_8_7_10.txt_trad.txt_K5_p50_k75_s75.aux,19,1,8,28,4,1,23,27,0.616581,0.397105,0.020816,0.020816,2.19657,2.19657,5,1,0,0,
slurm-9379898.out:result,/home/utr_lefebvre/AF-bilevel-ccg/code/data/nlp/BCPIns_8_7_10.txt_trad.txt_K5_p75_k25_s25.aux,19,1,8,28,6,5,21,23,0.926363,0.432076,0.117302,0.117302,1.80744,1.80744,2,1,0,0,
slurm-9379899.out:result,/home/utr_lefebvre/AF-bilevel-ccg/code/data/nlp/BCPIns_8_7_10.txt_trad.txt_K5_p75_k25_s50.aux,19,1,8,28,6,5,21,23,1.4137,0.979149,0.071907,0.071907,1.36139,1.36139,3,1,0,0,
slurm-9379900.out:result,/home/utr_lefebvre/AF-bilevel-ccg/code/data/nlp/BCPIns_8_7_10.txt_trad.txt_K5_p75_k25_s75.aux,19,1,8,28,6,5,21,23,2.21955,0.773816,0.26764,0.26764,1.31873,1.31879,4,1,0,0,
slurm-9379901.out:result,/home/utr_lefebvre/AF-bilevel-ccg/code/data/nlp/BCPIns_8_7_10.txt_trad.txt_K5_p75_k50_s25.aux,19,1,8,28,6,5,21,23,7205.78,3548.01,0.451586,0.451586,0,2.32449,11679,1,0,0,
slurm-9379902.out:result,/home/utr_lefebvre/AF-bilevel-ccg/code/data/nlp/BCPIns_8_7_10.txt_trad.txt_K5_p75_k50_s50.aux,19,1,8,28,6,5,21,23,3.20126,1.26946,0.430916,0.430916,1.33749,1.33749,5,1,0,0,
slurm-9379903.out:result,/home/utr_lefebvre/AF-bilevel-ccg/code/data/nlp/BCPIns_8_7_10.txt_trad.txt_K5_p75_k50_s75.aux,19,1,8,28,6,5,21,23,7206.23,5611.13,0.227747,0.227747,0,2.40954,14693,1,0,0,
slurm-9379904.out:result,/home/utr_lefebvre/AF-bilevel-ccg/code/data/nlp/BCPIns_8_7_10.txt_trad.txt_K5_p75_k75_s25.aux,19,1,8,28,6,5,21,23,7205.87,4132.49,0.37225,0.37225,0,2.32965,12435,1,0,0,
slurm-9379905.out:result,/home/utr_lefebvre/AF-bilevel-ccg/code/data/nlp/BCPIns_8_7_10.txt_trad.txt_K5_p75_k75_s50.aux,19,1,8,28,6,5,21,23,7205.7,5106.08,0.310254,0.310254,1.32883,1.41531,10674,1,0,0,
slurm-9379906.out:result,/home/utr_lefebvre/AF-bilevel-ccg/code/data/nlp/BCPIns_8_7_10.txt_trad.txt_K5_p75_k75_s75.aux,19,1,8,28,6,5,21,23,7206.95,5242.99,0.275368,0.275368,0,2.14246,14800,1,0,0,
slurm-9379907.out:result,/home/utr_lefebvre/AF-bilevel-ccg/code/data/nlp/BCPIns_8_7_1.txt_trad.txt_K5_p25_k25_s25.aux,19,1,8,28,2,0,25,28,0.405265,0.313288,0.005974,0.005974,3.12111,3.12111,5,1,0,0,
slurm-9379908.out:result,/home/utr_lefebvre/AF-bilevel-ccg/code/data/nlp/BCPIns_8_7_1.txt_trad.txt_K5_p25_k25_s50.aux,19,1,8,28,2,0,25,28,0.890208,0.735849,0.006125,0.006125,3.15032,3.15033,9,1,0,0,
slurm-9379909.out:result,/home/utr_lefebvre/AF-bilevel-ccg/code/data/nlp/BCPIns_8_7_1.txt_trad.txt_K5_p25_k25_s75.aux,19,1,8,28,2,0,25,28,0.384175,0.276484,0.010394,0.010394,3.1203,3.12031,5,1,0,0,
slurm-9379910.out:result,/home/utr_lefebvre/AF-bilevel-ccg/code/data/nlp/BCPIns_8_7_1.txt_trad.txt_K5_p25_k50_s25.aux,19,1,8,28,2,0,25,28,0.300745,0.190202,0.004876,0.004876,3.12111,3.12111,4,1,0,0,
slurm-9379911.out:result,/home/utr_lefebvre/AF-bilevel-ccg/code/data/nlp/BCPIns_8_7_1.txt_trad.txt_K5_p25_k50_s50.aux,19,1,8,28,2,0,25,28,0.811124,0.65679,0.007552,0.007552,3.14512,3.14512,8,1,0,0,
slurm-9379912.out:result,/home/utr_lefebvre/AF-bilevel-ccg/code/data/nlp/BCPIns_8_7_1.txt_trad.txt_K5_p25_k50_s75.aux,19,1,8,28,2,0,25,28,0.170667,0.093824,0.00786,0.00786,3.1203,3.12031,3,1,0,0,
slurm-9379913.out:result,/home/utr_lefebvre/AF-bilevel-ccg/code/data/nlp/BCPIns_8_7_1.txt_trad.txt_K5_p25_k75_s25.aux,19,1,8,28,2,0,25,28,0.147099,0.080658,0.006817,0.006817,3.00347,3.00347,2,1,0,0,
slurm-9379914.out:result,/home/utr_lefebvre/AF-bilevel-ccg/code/data/nlp/BCPIns_8_7_1.txt_trad.txt_K5_p25_k75_s50.aux,19,1,8,28,2,0,25,28,7205.04,6958.1,0.077585,0.077585,3.00757,3.00758,5521,1,0,0,
slurm-9379915.out:result,/home/utr_lefebvre/AF-bilevel-ccg/code/data/nlp/BCPIns_8_7_1.txt_trad.txt_K5_p25_k75_s75.aux,19,1,8,28,2,0,25,28,0.620764,0.486427,0.010417,0.010417,3.01764,3.01764,6,1,0,0,
slurm-9379916.out:result,/home/utr_lefebvre/AF-bilevel-ccg/code/data/nlp/BCPIns_8_7_1.txt_trad.txt_K5_p50_k25_s25.aux,19,1,8,28,4,2,23,26,0.135336,0.074458,0.014665,0.014665,2.19307,2.19307,1,1,0,0,
slurm-9379917.out:result,/home/utr_lefebvre/AF-bilevel-ccg/code/data/nlp/BCPIns_8_7_1.txt_trad.txt_K5_p50_k25_s50.aux,19,1,8,28,4,2,23,26,7207.2,5768.29,0.246876,0.246876,0,4.45453,13992,1,0,0,
slurm-9379918.out:result,/home/utr_lefebvre/AF-bilevel-ccg/code/data/nlp/BCPIns_8_7_1.txt_trad.txt_K5_p50_k25_s75.aux,19,1,8,28,4,2,23,26,7207.36,5905.06,0.246217,0.246217,0,2.51642,14380,1,0,0,
slurm-9379919.out:result,/home/utr_lefebvre/AF-bilevel-ccg/code/data/nlp/BCPIns_8_7_1.txt_trad.txt_K5_p50_k50_s25.aux,19,1,8,28,4,2,23,26,7204.1,6755.58,0.122197,0.122197,2.17333,2.17334,5568,1,0,0,
slurm-9379920.out:result,/home/utr_lefebvre/AF-bilevel-ccg/code/data/nlp/BCPIns_8_7_1.txt_trad.txt_K5_p50_k50_s50.aux,19,1,8,28,4,2,23,26,1.03619,0.59873,0.056093,0.056093,2.19716,2.19716,5,1,0,0,
slurm-9379921.out:result,/home/utr_lefebvre/AF-bilevel-ccg/code/data/nlp/BCPIns_8_7_1.txt_trad.txt_K5_p50_k50_s75.aux,19,1,8,28,4,2,23,26,0.2307,0.113973,0.024514,0.024514,2.18964,2.18964,2,1,0,0,
slurm-9379922.out:result,/home/utr_lefebvre/AF-bilevel-ccg/code/data/nlp/BCPIns_8_7_1.txt_trad.txt_K5_p50_k75_s25.aux,19,1,8,28,4,2,23,26,1.69985,0.849731,0.11353,0.11353,2.1703,2.17031,8,1,0,0,
slurm-9379923.out:result,/home/utr_lefebvre/AF-bilevel-ccg/code/data/nlp/BCPIns_8_7_1.txt_trad.txt_K5_p50_k75_s50.aux,19,1,8,28,4,2,23,26,2.30618,1.58217,0.056166,0.056166,2.19246,2.19246,11,1,0,0,
slurm-9379924.out:result,/home/utr_lefebvre/AF-bilevel-ccg/code/data/nlp/BCPIns_8_7_1.txt_trad.txt_K5_p50_k75_s75.aux,19,1,8,28,4,2,23,26,7207.58,5835.49,0.226405,0.226405,0,2.25972,14269,1,0,0,
slurm-9379925.out:result,/home/utr_lefebvre/AF-bilevel-ccg/code/data/nlp/BCPIns_8_7_1.txt_trad.txt_K5_p75_k25_s25.aux,19,1,8,28,6,4,21,24,7203.57,6301.93,0.207022,0.207022,1.74767,1.74775,4740,1,0,0,
slurm-9379926.out:result,/home/utr_lefebvre/AF-bilevel-ccg/code/data/nlp/BCPIns_8_7_1.txt_trad.txt_K5_p75_k25_s50.aux,19,1,8,28,6,4,21,24,7202.44,6449.88,0.163127,0.163127,1.35611,1.35612,5098,1,0,0,
slurm-9379927.out:result,/home/utr_lefebvre/AF-bilevel-ccg/code/data/nlp/BCPIns_8_7_1.txt_trad.txt_K5_p75_k25_s75.aux,19,1,8,28,6,4,21,24,7205.98,3157.17,0.484585,0.484585,0,1.45555,11098,1,0,0,
slurm-9379928.out:result,/home/utr_lefebvre/AF-bilevel-ccg/code/data/nlp/BCPIns_8_7_1.txt_trad.txt_K5_p75_k50_s25.aux,19,1,8,28,6,4,21,24,7207.21,4732.8,0.312616,0.312616,0,1.57572,13023,1,0,0,
slurm-9379929.out:result,/home/utr_lefebvre/AF-bilevel-ccg/code/data/nlp/BCPIns_8_7_1.txt_trad.txt_K5_p75_k50_s50.aux,19,1,8,28,6,4,21,24,7204.84,2233.78,0.6439,0.6439,0,1.45622,9358,1,0,0,
slurm-9379930.out:result,/home/utr_lefebvre/AF-bilevel-ccg/code/data/nlp/BCPIns_8_7_1.txt_trad.txt_K5_p75_k50_s75.aux,19,1,8,28,6,4,21,24,7206.04,3904.67,0.438121,0.438121,0,1.45224,11951,1,0,0,
slurm-9379931.out:result,/home/utr_lefebvre/AF-bilevel-ccg/code/data/nlp/BCPIns_8_7_1.txt_trad.txt_K5_p75_k75_s25.aux,19,1,8,28,6,4,21,24,7206.29,4721.62,0.304902,0.304902,0,1.58694,13469,1,0,0,
slurm-9379932.out:result,/home/utr_lefebvre/AF-bilevel-ccg/code/data/nlp/BCPIns_8_7_1.txt_trad.txt_K5_p75_k75_s50.aux,19,1,8,28,6,4,21,24,7205.75,4431.25,0.317897,0.317897,0,1.4284,13837,1,0,0,
slurm-9379933.out:result,/home/utr_lefebvre/AF-bilevel-ccg/code/data/nlp/BCPIns_8_7_1.txt_trad.txt_K5_p75_k75_s75.aux,19,1,8,28,6,4,21,24,7205.66,3202.35,0.484726,0.484726,1.09798,1.39431,8345,1,0,0,
slurm-9379934.out:result,/home/utr_lefebvre/AF-bilevel-ccg/code/data/nlp/BCPIns_8_7_2.txt_trad.txt_K5_p25_k25_s25.aux,19,1,8,28,2,0,25,28,0.386776,0.278069,0.005586,0.005586,3.1212,3.1212,5,1,0,0,
slurm-9379935.out:result,/home/utr_lefebvre/AF-bilevel-ccg/code/data/nlp/BCPIns_8_7_2.txt_trad.txt_K5_p25_k25_s50.aux,19,1,8,28,2,0,25,28,0.326876,0.230687,0.007189,0.007189,3.15152,3.15152,5,1,0,0,
slurm-9379936.out:result,/home/utr_lefebvre/AF-bilevel-ccg/code/data/nlp/BCPIns_8_7_2.txt_trad.txt_K5_p25_k25_s75.aux,19,1,8,28,2,0,25,28,0.413285,0.309821,0.008522,0.008522,3.1203,3.12031,5,1,0,0,
slurm-9379937.out:result,/home/utr_lefebvre/AF-bilevel-ccg/code/data/nlp/BCPIns_8_7_2.txt_trad.txt_K5_p25_k50_s25.aux,19,1,8,28,2,0,25,28,0.221097,0.133667,0.005989,0.005989,3.1212,3.1212,3,1,0,0,
slurm-9379938.out:result,/home/utr_lefebvre/AF-bilevel-ccg/code/data/nlp/BCPIns_8_7_2.txt_trad.txt_K5_p25_k50_s50.aux,19,1,8,28,2,0,25,28,0.352772,0.259263,0.006906,0.006906,3.14512,3.14512,5,1,0,0,
slurm-9379939.out:result,/home/utr_lefebvre/AF-bilevel-ccg/code/data/nlp/BCPIns_8_7_2.txt_trad.txt_K5_p25_k50_s75.aux,19,1,8,28,2,0,25,28,2.19349,1.75306,0.009109,0.009109,3.1203,3.12031,21,1,0,0,
slurm-9379940.out:result,/home/utr_lefebvre/AF-bilevel-ccg/code/data/nlp/BCPIns_8_7_2.txt_trad.txt_K5_p25_k75_s25.aux,19,1,8,28,2,0,25,28,0.331603,0.219365,0.022147,0.022147,3.00337,3.00337,2,1,0,0,
slurm-9379941.out:result,/home/utr_lefebvre/AF-bilevel-ccg/code/data/nlp/BCPIns_8_7_2.txt_trad.txt_K5_p25_k75_s50.aux,19,1,8,28,2,0,25,28,0.121525,0.076817,0.00519,0.00519,3.00729,3.00729,2,1,0,0,
slurm-9379942.out:result,/home/utr_lefebvre/AF-bilevel-ccg/code/data/nlp/BCPIns_8_7_2.txt_trad.txt_K5_p25_k75_s75.aux,19,1,8,28,2,0,25,28,0.311699,0.217773,0.007996,0.007996,3.01915,3.01915,4,1,0,0,
slurm-9379943.out:result,/home/utr_lefebvre/AF-bilevel-ccg/code/data/nlp/BCPIns_8_7_2.txt_trad.txt_K5_p50_k25_s25.aux,19,1,8,28,4,1,23,27,0.52128,0.324398,0.014398,0.014398,2.19439,2.19439,3,1,0,0,
slurm-9379944.out:result,/home/utr_lefebvre/AF-bilevel-ccg/code/data/nlp/BCPIns_8_7_2.txt_trad.txt_K5_p50_k25_s50.aux,19,1,8,28,4,1,23,27,7207.31,5550.85,0.265856,0.265856,0,4.04621,13690,1,0,0,
slurm-9379945.out:result,/home/utr_lefebvre/AF-bilevel-ccg/code/data/nlp/BCPIns_8_7_2.txt_trad.txt_K5_p50_k25_s75.aux,19,1,8,28,4,1,23,27,7207.27,6000.68,0.208582,0.208582,0,2.94479,14408,1,0,0,
slurm-9379946.out:result,/home/utr_lefebvre/AF-bilevel-ccg/code/data/nlp/BCPIns_8_7_2.txt_trad.txt_K5_p50_k50_s25.aux,19,1,8,28,4,1,23,27,0.805212,0.294244,0.076431,0.076431,2.1647,2.1647,3,1,0,0,
slurm-9379947.out:result,/home/utr_lefebvre/AF-bilevel-ccg/code/data/nlp/BCPIns_8_7_2.txt_trad.txt_K5_p50_k50_s50.aux,19,1,8,28,4,1,23,27,0.5091,0.187146,0.055767,0.055767,2.19747,2.19748,2,1,0,0,
slurm-9379948.out:result,/home/utr_lefebvre/AF-bilevel-ccg/code/data/nlp/BCPIns_8_7_2.txt_trad.txt_K5_p50_k50_s75.aux,19,1,8,28,4,1,23,27,0.424615,0.248243,0.040544,0.040544,2.19747,2.19747,3,1,0,0,
slurm-9379949.out:result,/home/utr_lefebvre/AF-bilevel-ccg/code/data/nlp/BCPIns_8_7_2.txt_trad.txt_K5_p50_k75_s25.aux,19,1,8,28,4,1,23,27,1.63165,0.8852,0.044808,0.044808,2.16437,2.16437,7,1,0,0,
slurm-9379950.out:result,/home/utr_lefebvre/AF-bilevel-ccg/code/data/nlp/BCPIns_8_7_2.txt_trad.txt_K5_p50_k75_s50.aux,19,1,8,28,4,1,23,27,0.583717,0.305728,0.059087,0.059087,2.19348,2.19349,3,1,0,0,
slurm-9379951.out:result,/home/utr_lefebvre/AF-bilevel-ccg/code/data/nlp/BCPIns_8_7_2.txt_trad.txt_K5_p50_k75_s75.aux,19,1,8,28,4,1,23,27,7206.76,6309.81,0.224903,0.224903,2.08666,2.25374,11285,1,0,0,
slurm-9379952.out:result,/home/utr_lefebvre/AF-bilevel-ccg/code/data/nlp/BCPIns_8_7_2.txt_trad.txt_K5_p75_k25_s25.aux,19,1,8,28,6,4,21,24,1.03052,0.451722,0.131857,0.131857,1.69372,1.69376,2,1,0,0,
slurm-9379953.out:result,/home/utr_lefebvre/AF-bilevel-ccg/code/data/nlp/BCPIns_8_7_2.txt_trad.txt_K5_p75_k25_s50.aux,19,1,8,28,6,4,21,24,7203.71,6403.15,0.206806,0.206806,1.34842,1.34847,5027,1,0,0,
slurm-9379954.out:result,/home/utr_lefebvre/AF-bilevel-ccg/code/data/nlp/BCPIns_8_7_2.txt_trad.txt_K5_p75_k25_s75.aux,19,1,8,28,6,4,21,24,1.41026,0.382657,0.286207,0.286207,1.32157,1.32157,3,1,0,0,
slurm-9379955.out:result,/home/utr_lefebvre/AF-bilevel-ccg/code/data/nlp/BCPIns_8_7_2.txt_trad.txt_K5_p75_k50_s25.aux,19,1,8,28,6,4,21,24,7206.07,5020.85,0.335167,0.335167,0.353171,1.53065,10637,1,0,0,
slurm-9379956.out:result,/home/utr_lefebvre/AF-bilevel-ccg/code/data/nlp/BCPIns_8_7_2.txt_trad.txt_K5_p75_k50_s50.aux,19,1,8,28,6,4,21,24,3.69715,1.72706,0.227832,0.227832,1.34003,1.34003,6,1,0,0,
slurm-9379957.out:result,/home/utr_lefebvre/AF-bilevel-ccg/code/data/nlp/BCPIns_8_7_2.txt_trad.txt_K5_p75_k50_s75.aux,19,1,8,28,6,4,21,24,2.24695,0.6224,0.159068,0.159068,1.31841,1.31842,6,1,0,0,
slurm-9379958.out:result,/home/utr_lefebvre/AF-bilevel-ccg/code/data/nlp/BCPIns_8_7_2.txt_trad.txt_K5_p75_k75_s25.aux,19,1,8,28,6,4,21,24,7205.73,5479.41,0.246057,0.246057,1.20433,1.47179,11106,1,0,0,
slurm-9379959.out:result,/home/utr_lefebvre/AF-bilevel-ccg/code/data/nlp/BCPIns_8_7_2.txt_trad.txt_K5_p75_k75_s50.aux,19,1,8,28,6,4,21,24,7205.87,4644.69,0.269493,0.269493,1.33413,1.42126,9745,1,0,0,
slurm-9379960.out:result,/home/utr_lefebvre/AF-bilevel-ccg/code/data/nlp/BCPIns_8_7_2.txt_trad.txt_K5_p75_k75_s75.aux,19,1,8,28,6,4,21,24,7204.15,4660.78,0.53833,0.53833,1.29821,1.29882,4651,1,0,0,
slurm-9379961.out:result,/home/utr_lefebvre/AF-bilevel-ccg/code/data/nlp/BCPIns_8_7_3.txt_trad.txt_K5_p25_k25_s25.aux,19,1,8,28,2,0,25,28,0.184163,0.12097,0.00436,0.00436,3.12111,3.12111,3,1,0,0,
slurm-9379962.out:result,/home/utr_lefebvre/AF-bilevel-ccg/code/data/nlp/BCPIns_8_7_3.txt_trad.txt_K5_p25_k25_s50.aux,19,1,8,28,2,0,25,28,0.265699,0.196195,0.00603,0.00603,3.15152,3.15152,4,1,0,0,
slurm-9379963.out:result,/home/utr_lefebvre/AF-bilevel-ccg/code/data/nlp/BCPIns_8_7_3.txt_trad.txt_K5_p25_k25_s75.aux,19,1,8,28,2,0,25,28,0.144268,0.07683,0.008772,0.008772,3.1203,3.12031,3,1,0,0,
slurm-9379964.out:result,/home/utr_lefebvre/AF-bilevel-ccg/code/data/nlp/BCPIns_8_7_3.txt_trad.txt_K5_p25_k50_s25.aux,19,1,8,28,2,0,25,28,0.208287,0.134066,0.00598,0.00598,3.12111,3.12111,3,1,0,0,
slurm-9379965.out:result,/home/utr_lefebvre/AF-bilevel-ccg/code/data/nlp/BCPIns_8_7_3.txt_trad.txt_K5_p25_k50_s50.aux,19,1,8,28,2,0,25,28,0.175746,0.115937,0.005258,0.005258,3.14512,3.14512,3,1,0,0,
slurm-9379966.out:result,/home/utr_lefebvre/AF-bilevel-ccg/code/data/nlp/BCPIns_8_7_3.txt_trad.txt_K5_p25_k50_s75.aux,19,1,8,28,2,0,25,28,0.157206,0.084839,0.008758,0.008758,3.1203,3.12031,3,1,0,0,
slurm-9379967.out:result,/home/utr_lefebvre/AF-bilevel-ccg/code/data/nlp/BCPIns_8_7_3.txt_trad.txt_K5_p25_k75_s25.aux,19,1,8,28,2,0,25,28,0.278042,0.167532,0.017086,0.017086,3.00337,3.00337,3,1,0,0,
slurm-9379968.out:result,/home/utr_lefebvre/AF-bilevel-ccg/code/data/nlp/BCPIns_8_7_3.txt_trad.txt_K5_p25_k75_s50.aux,19,1,8,28,2,0,25,28,0.295109,0.229019,0.006358,0.006358,3.00729,3.00729,3,1,0,0,
slurm-9379969.out:result,/home/utr_lefebvre/AF-bilevel-ccg/code/data/nlp/BCPIns_8_7_3.txt_trad.txt_K5_p25_k75_s75.aux,19,1,8,28,2,0,25,28,0.456941,0.35456,0.006295,0.006295,3.01764,3.01764,5,1,0,0,
slurm-9379970.out:result,/home/utr_lefebvre/AF-bilevel-ccg/code/data/nlp/BCPIns_8_7_3.txt_trad.txt_K5_p50_k25_s25.aux,19,1,8,28,4,1,23,27,0.422572,0.151864,0.041693,0.041693,2.19438,2.19439,3,1,0,0,
slurm-9379971.out:result,/home/utr_lefebvre/AF-bilevel-ccg/code/data/nlp/BCPIns_8_7_3.txt_trad.txt_K5_p50_k25_s50.aux,19,1,8,28,4,1,23,27,7206.76,5851.58,0.180397,0.180397,0,4.29831,14414,1,0,0,
slurm-9379972.out:result,/home/utr_lefebvre/AF-bilevel-ccg/code/data/nlp/BCPIns_8_7_3.txt_trad.txt_K5_p50_k25_s75.aux,19,1,8,28,4,1,23,27,7206,6289.69,0.203063,0.203063,2.33605,2.41431,11232,1,0,0,
slurm-9379973.out:result,/home/utr_lefebvre/AF-bilevel-ccg/code/data/nlp/BCPIns_8_7_3.txt_trad.txt_K5_p50_k50_s25.aux,19,1,8,28,4,1,23,27,2.35401,1.31953,0.054315,0.054315,2.16918,2.16918,8,1,0,0,
slurm-9379974.out:result,/home/utr_lefebvre/AF-bilevel-ccg/code/data/nlp/BCPIns_8_7_3.txt_trad.txt_K5_p50_k50_s50.aux,19,1,8,28,4,1,23,27,0.678078,0.373625,0.057845,0.057845,2.19668,2.19668,3,1,0,0,
slurm-9379975.out:result,/home/utr_lefebvre/AF-bilevel-ccg/code/data/nlp/BCPIns_8_7_3.txt_trad.txt_K5_p50_k50_s75.aux,19,1,8,28,4,1,23,27,0.343627,0.209889,0.023347,0.023347,2.19577,2.19577,3,1,0,0,
slurm-9379976.out:result,/home/utr_lefebvre/AF-bilevel-ccg/code/data/nlp/BCPIns_8_7_3.txt_trad.txt_K5_p50_k75_s25.aux,19,1,8,28,4,1,23,27,7203.45,6759.47,0.115753,0.115753,2.16737,2.16739,5220,1,0,0,
slurm-9379977.out:result,/home/utr_lefebvre/AF-bilevel-ccg/code/data/nlp/BCPIns_8_7_3.txt_trad.txt_K5_p50_k75_s50.aux,19,1,8,28,4,1,23,27,0.6259,0.315715,0.0335,0.0335,2.19478,2.19478,3,1,0,0,
slurm-9379978.out:result,/home/utr_lefebvre/AF-bilevel-ccg/code/data/nlp/BCPIns_8_7_3.txt_trad.txt_K5_p50_k75_s75.aux,19,1,8,28,4,1,23,27,7205.75,6234.2,0.208577,0.208577,2.02868,2.24249,12124,1,0,0,
slurm-9379979.out:result,/home/utr_lefebvre/AF-bilevel-ccg/code/data/nlp/BCPIns_8_7_3.txt_trad.txt_K5_p75_k25_s25.aux,19,1,8,28,6,5,21,23,7202.52,6225.2,0.248629,0.248629,1.79458,1.79473,4586,1,0,0,
slurm-9379980.out:result,/home/utr_lefebvre/AF-bilevel-ccg/code/data/nlp/BCPIns_8_7_3.txt_trad.txt_K5_p75_k25_s50.aux,19,1,8,28,6,5,21,23,7207.01,4788.47,0.345323,0.345323,0,1.37521,13104,1,0,0,
slurm-9379981.out:result,/home/utr_lefebvre/AF-bilevel-ccg/code/data/nlp/BCPIns_8_7_3.txt_trad.txt_K5_p75_k25_s75.aux,19,1,8,28,6,5,21,23,7205.78,2746.56,0.629544,0.629544,0,1.45906,10141,1,0,0,
slurm-9379982.out:result,/home/utr_lefebvre/AF-bilevel-ccg/code/data/nlp/BCPIns_8_7_3.txt_trad.txt_K5_p75_k50_s25.aux,19,1,8,28,6,5,21,23,7206.32,4064.46,0.384742,0.384742,0,1.57955,12172,1,0,0,
slurm-9379983.out:result,/home/utr_lefebvre/AF-bilevel-ccg/code/data/nlp/BCPIns_8_7_3.txt_trad.txt_K5_p75_k50_s50.aux,19,1,8,28,6,5,21,23,1.83201,0.743513,0.241234,0.241234,1.34006,1.34006,2,1,0,0,
slurm-9379984.out:result,/home/utr_lefebvre/AF-bilevel-ccg/code/data/nlp/BCPIns_8_7_3.txt_trad.txt_K5_p75_k50_s75.aux,19,1,8,28,6,5,21,23,7206.5,3702.17,0.453591,0.453591,0,1.45506,11961,1,0,0,
slurm-9379985.out:result,/home/utr_lefebvre/AF-bilevel-ccg/code/data/nlp/BCPIns_8_7_3.txt_trad.txt_K5_p75_k75_s25.aux,19,1,8,28,6,5,21,23,7206.21,3528.81,0.437064,0.437064,0,1.44186,11767,1,0,0,
slurm-9379986.out:result,/home/utr_lefebvre/AF-bilevel-ccg/code/data/nlp/BCPIns_8_7_3.txt_trad.txt_K5_p75_k75_s50.aux,19,1,8,28,6,5,21,23,7204.64,3174.06,0.448524,0.448524,0,1.3535,11116,1,0,0,
slurm-9379987.out:result,/home/utr_lefebvre/AF-bilevel-ccg/code/data/nlp/BCPIns_8_7_3.txt_trad.txt_K5_p75_k75_s75.aux,19,1,8,28,6,5,21,23,7205.31,3503.33,0.439357,0.439357,0,1.44708,11735,1,0,0,
slurm-9379988.out:result,/home/utr_lefebvre/AF-bilevel-ccg/code/data/nlp/BCPIns_8_7_4.txt_trad.txt_K5_p25_k25_s25.aux,19,1,8,28,2,0,25,28,0.097255,0.05139,0.005326,0.005326,3.12111,3.12111,2,1,0,0,
slurm-9379989.out:result,/home/utr_lefebvre/AF-bilevel-ccg/code/data/nlp/BCPIns_8_7_4.txt_trad.txt_K5_p25_k25_s50.aux,19,1,8,28,2,0,25,28,0.107129,0.062373,0.005347,0.005347,3.15152,3.15152,2,1,0,0,
slurm-9379990.out:result,/home/utr_lefebvre/AF-bilevel-ccg/code/data/nlp/BCPIns_8_7_4.txt_trad.txt_K5_p25_k25_s75.aux,19,1,8,28,2,0,25,28,0.414349,0.267392,0.007389,0.007389,3.1203,3.12031,7,1,0,0,
slurm-9379991.out:result,/home/utr_lefebvre/AF-bilevel-ccg/code/data/nlp/BCPIns_8_7_4.txt_trad.txt_K5_p25_k50_s25.aux,19,1,8,28,2,0,25,28,0.099667,0.049009,0.006353,0.006353,3.12111,3.12111,2,1,0,0,
slurm-9379992.out:result,/home/utr_lefebvre/AF-bilevel-ccg/code/data/nlp/BCPIns_8_7_4.txt_trad.txt_K5_p25_k50_s50.aux,19,1,8,28,2,0,25,28,0.320438,0.226797,0.006192,0.006192,3.14512,3.14512,5,1,0,0,
slurm-9379993.out:result,/home/utr_lefebvre/AF-bilevel-ccg/code/data/nlp/BCPIns_8_7_4.txt_trad.txt_K5_p25_k50_s75.aux,19,1,8,28,2,0,25,28,0.795964,0.563891,0.009273,0.009273,3.1203,3.12031,11,1,0,0,
slurm-9379994.out:result,/home/utr_lefebvre/AF-bilevel-ccg/code/data/nlp/BCPIns_8_7_4.txt_trad.txt_K5_p25_k75_s25.aux,19,1,8,28,2,0,25,28,0.192299,0.119853,0.009569,0.009569,3.00319,3.00319,2,1,0,0,
slurm-9379995.out:result,/home/utr_lefebvre/AF-bilevel-ccg/code/data/nlp/BCPIns_8_7_4.txt_trad.txt_K5_p25_k75_s50.aux,19,1,8,28,2,0,25,28,0.421088,0.322811,0.006878,0.006878,3.01152,3.01153,5,1,0,0,
slurm-9379996.out:result,/home/utr_lefebvre/AF-bilevel-ccg/code/data/nlp/BCPIns_8_7_4.txt_trad.txt_K5_p25_k75_s75.aux,19,1,8,28,2,0,25,28,0.271258,0.198061,0.007412,0.007412,3.01456,3.01456,3,1,0,0,
slurm-9379997.out:result,/home/utr_lefebvre/AF-bilevel-ccg/code/data/nlp/BCPIns_8_7_4.txt_trad.txt_K5_p50_k25_s25.aux,19,1,8,28,4,2,23,26,0.171294,0.097828,0.013969,0.013969,2.19307,2.19307,2,1,0,0,
slurm-9379998.out:result,/home/utr_lefebvre/AF-bilevel-ccg/code/data/nlp/BCPIns_8_7_4.txt_trad.txt_K5_p50_k25_s50.aux,19,1,8,28,4,2,23,26,7206.95,5570.15,0.26168,0.26168,0,4.0086,14311,1,0,0,
slurm-9379999.out:result,/home/utr_lefebvre/AF-bilevel-ccg/code/data/nlp/BCPIns_8_7_4.txt_trad.txt_K5_p50_k25_s75.aux,19,1,8,28,4,2,23,26,7207.29,5701.94,0.256032,0.256032,0,3.17621,13961,1,0,0,
slurm-9380000.out:result,/home/utr_lefebvre/AF-bilevel-ccg/code/data/nlp/BCPIns_8_7_4.txt_trad.txt_K5_p50_k50_s25.aux,19,1,8,28,4,2,23,26,7203.38,6478.84,0.179468,0.179468,2.16871,2.16876,5628,1,0,0,
slurm-9380001.out:result,/home/utr_lefebvre/AF-bilevel-ccg/code/data/nlp/BCPIns_8_7_4.txt_trad.txt_K5_p50_k50_s50.aux,19,1,8,28,4,2,23,26,7203.69,6672.65,0.138245,0.138245,2.19745,2.19748,5737,1,0,0,
slurm-9380002.out:result,/home/utr_lefebvre/AF-bilevel-ccg/code/data/nlp/BCPIns_8_7_4.txt_trad.txt_K5_p50_k50_s75.aux,19,1,8,28,4,2,23,26,7206.2,6292.16,0.205241,0.205241,2.03421,2.2328,12194,1,0,0,
slurm-9380003.out:result,/home/utr_lefebvre/AF-bilevel-ccg/code/data/nlp/BCPIns_8_7_4.txt_trad.txt_K5_p50_k75_s25.aux,19,1,8,28,4,2,23,26,1.98826,1.15752,0.039698,0.039698,2.16756,2.16756,8,1,0,0,
slurm-9380004.out:result,/home/utr_lefebvre/AF-bilevel-ccg/code/data/nlp/BCPIns_8_7_4.txt_trad.txt_K5_p50_k75_s50.aux,19,1,8,28,4,2,23,26,7203.87,6745.18,0.124742,0.124742,2.19347,2.19349,4999,1,0,0,
slurm-9380005.out:result,/home/utr_lefebvre/AF-bilevel-ccg/code/data/nlp/BCPIns_8_7_4.txt_trad.txt_K5_p50_k75_s75.aux,19,1,8,28,4,2,23,26,0.467478,0.294469,0.019263,0.019263,2.19657,2.19657,4,1,0,0,
slurm-9380006.out:result,/home/utr_lefebvre/AF-bilevel-ccg/code/data/nlp/BCPIns_8_7_4.txt_trad.txt_K5_p75_k25_s25.aux,19,1,8,28,6,3,21,25,7206.47,4107.78,0.402902,0.402902,0,2.57091,12140,1,0,0,
slurm-9380007.out:result,/home/utr_lefebvre/AF-bilevel-ccg/code/data/nlp/BCPIns_8_7_4.txt_trad.txt_K5_p75_k25_s50.aux,19,1,8,28,6,3,21,25,7206.1,4618.33,0.370146,0.370146,0,2.30677,12728,1,0,0,
slurm-9380008.out:result,/home/utr_lefebvre/AF-bilevel-ccg/code/data/nlp/BCPIns_8_7_4.txt_trad.txt_K5_p75_k25_s75.aux,19,1,8,28,6,3,21,25,7206.15,4228.68,0.442766,0.442766,0,2.29518,12049,1,0,0,
slurm-9380009.out:result,/home/utr_lefebvre/AF-bilevel-ccg/code/data/nlp/BCPIns_8_7_4.txt_trad.txt_K5_p75_k50_s25.aux,19,1,8,28,6,3,21,25,7206.21,3861.52,0.421616,0.421616,0,2.37251,11827,1,0,0,
slurm-9380010.out:result,/home/utr_lefebvre/AF-bilevel-ccg/code/data/nlp/BCPIns_8_7_4.txt_trad.txt_K5_p75_k50_s50.aux,19,1,8,28,6,3,21,25,7206.16,4921.45,0.291984,0.291984,0,2.30669,13575,1,0,0,
slurm-9380011.out:result,/home/utr_lefebvre/AF-bilevel-ccg/code/data/nlp/BCPIns_8_7_4.txt_trad.txt_K5_p75_k50_s75.aux,19,1,8,28,6,3,21,25,7204.39,2989.81,0.556801,0.556801,0,1.44258,10382,1,0,0,
slurm-9380012.out:result,/home/utr_lefebvre/AF-bilevel-ccg/code/data/nlp/BCPIns_8_7_4.txt_trad.txt_K5_p75_k75_s25.aux,19,1,8,28,6,3,21,25,7205.91,4235.61,0.327269,0.327269,0,2.3726,12558,1,0,0,
slurm-9380013.out:result,/home/utr_lefebvre/AF-bilevel-ccg/code/data/nlp/BCPIns_8_7_4.txt_trad.txt_K5_p75_k75_s50.aux,19,1,8,28,6,3,21,25,7206.64,5140.4,0.259215,0.259215,0,2.41381,13878,1,0,0,
slurm-9380014.out:result,/home/utr_lefebvre/AF-bilevel-ccg/code/data/nlp/BCPIns_8_7_4.txt_trad.txt_K5_p75_k75_s75.aux,19,1,8,28,6,3,21,25,7205.3,2257.87,0.672132,0.672132,1.14752,1.39443,6986,1,0,0,
slurm-9380015.out:result,/home/utr_lefebvre/AF-bilevel-ccg/code/data/nlp/BCPIns_8_7_5.txt_trad.txt_K5_p25_k25_s25.aux,19,1,8,28,2,0,25,28,0.04969,0.017839,0.005412,0.005412,3.12111,3.12111,1,1,0,0,
slurm-9380016.out:result,/home/utr_lefebvre/AF-bilevel-ccg/code/data/nlp/BCPIns_8_7_5.txt_trad.txt_K5_p25_k25_s50.aux,19,1,8,28,2,0,25,28,0.105633,0.065266,0.004347,0.004347,3.15152,3.15152,2,1,0,0,
slurm-9380017.out:result,/home/utr_lefebvre/AF-bilevel-ccg/code/data/nlp/BCPIns_8_7_5.txt_trad.txt_K5_p25_k25_s75.aux,19,1,8,28,2,0,25,28,0.142211,0.068848,0.006531,0.006531,3.1203,3.12031,2,1,0,0,
slurm-9380018.out:result,/home/utr_lefebvre/AF-bilevel-ccg/code/data/nlp/BCPIns_8_7_5.txt_trad.txt_K5_p25_k50_s25.aux,19,1,8,28,2,0,25,28,0.133105,0.064366,0.0073,0.0073,3.12111,3.12111,2,1,0,0,
slurm-9380019.out:result,/home/utr_lefebvre/AF-bilevel-ccg/code/data/nlp/BCPIns_8_7_5.txt_trad.txt_K5_p25_k50_s50.aux,19,1,8,28,2,0,25,28,0.10974,0.060542,0.006711,0.006711,3.14512,3.14512,2,1,0,0,
slurm-9380020.out:result,/home/utr_lefebvre/AF-bilevel-ccg/code/data/nlp/BCPIns_8_7_5.txt_trad.txt_K5_p25_k50_s75.aux,19,1,8,28,2,0,25,28,0.250679,0.155284,0.007253,0.007253,3.1203,3.12031,4,1,0,0,
slurm-9380021.out:result,/home/utr_lefebvre/AF-bilevel-ccg/code/data/nlp/BCPIns_8_7_5.txt_trad.txt_K5_p25_k75_s25.aux,19,1,8,28,2,0,25,28,0.151453,0.06646,0.023531,0.023531,3.00298,3.00298,1,1,0,0,
slurm-9380022.out:result,/home/utr_lefebvre/AF-bilevel-ccg/code/data/nlp/BCPIns_8_7_5.txt_trad.txt_K5_p25_k75_s50.aux,19,1,8,28,2,0,25,28,0.230176,0.161901,0.007407,0.007407,3.00691,3.00691,3,1,0,0,
slurm-9380023.out:result,/home/utr_lefebvre/AF-bilevel-ccg/code/data/nlp/BCPIns_8_7_5.txt_trad.txt_K5_p25_k75_s75.aux,19,1,8,28,2,0,25,28,0.391478,0.284576,0.009942,0.009942,3.02429,3.0243,5,1,0,0,
slurm-9380024.out:result,/home/utr_lefebvre/AF-bilevel-ccg/code/data/nlp/BCPIns_8_7_5.txt_trad.txt_K5_p50_k25_s25.aux,19,1,8,28,4,3,23,25,0.368287,0.201232,0.043543,0.043543,2.19451,2.19451,2,1,0,0,
slurm-9380025.out:result,/home/utr_lefebvre/AF-bilevel-ccg/code/data/nlp/BCPIns_8_7_5.txt_trad.txt_K5_p50_k25_s50.aux,19,1,8,28,4,3,23,25,7207.51,5953.24,0.192112,0.192112,0,4.72497,14506,1,0,0,
slurm-9380026.out:result,/home/utr_lefebvre/AF-bilevel-ccg/code/data/nlp/BCPIns_8_7_5.txt_trad.txt_K5_p50_k25_s75.aux,19,1,8,28,4,3,23,25,7203.9,6961.52,0.069059,0.069059,2.36146,2.36148,5404,1,0,0,
slurm-9380027.out:result,/home/utr_lefebvre/AF-bilevel-ccg/code/data/nlp/BCPIns_8_7_5.txt_trad.txt_K5_p50_k50_s25.aux,19,1,8,28,4,3,23,25,1.11078,0.516338,0.051714,0.051714,2.17011,2.17011,6,1,0,0,
slurm-9380028.out:result,/home/utr_lefebvre/AF-bilevel-ccg/code/data/nlp/BCPIns_8_7_5.txt_trad.txt_K5_p50_k50_s50.aux,19,1,8,28,4,3,23,25,7207.16,5595.93,0.24223,0.24223,0,2.31509,14878,1,0,0,
slurm-9380029.out:result,/home/utr_lefebvre/AF-bilevel-ccg/code/data/nlp/BCPIns_8_7_5.txt_trad.txt_K5_p50_k50_s75.aux,19,1,8,28,4,3,23,25,7207.16,6001.92,0.239788,0.239788,0,2.35565,14601,1,0,0,
slurm-9380030.out:result,/home/utr_lefebvre/AF-bilevel-ccg/code/data/nlp/BCPIns_8_7_5.txt_trad.txt_K5_p50_k75_s25.aux,19,1,8,28,4,3,23,25,7206.72,5726.45,0.248275,0.248275,0,2.21306,14138,1,0,0,
slurm-9380031.out:result,/home/utr_lefebvre/AF-bilevel-ccg/code/data/nlp/BCPIns_8_7_5.txt_trad.txt_K5_p50_k75_s50.aux,19,1,8,28,4,3,23,25,2.23934,1.46251,0.049335,0.049335,2.19079,2.19079,11,1,0,0,
slurm-9380032.out:result,/home/utr_lefebvre/AF-bilevel-ccg/code/data/nlp/BCPIns_8_7_5.txt_trad.txt_K5_p50_k75_s75.aux,19,1,8,28,4,3,23,25,7202.98,6883.78,0.125134,0.125134,2.19475,2.19476,5360,1,0,0,
slurm-9380033.out:result,/home/utr_lefebvre/AF-bilevel-ccg/code/data/nlp/BCPIns_8_7_5.txt_trad.txt_K5_p75_k25_s25.aux,19,1,8,28,6,4,21,24,7204.79,6439.64,0.220959,0.220959,1.71367,1.7137,4443,1,0,0,
slurm-9380034.out:result,/home/utr_lefebvre/AF-bilevel-ccg/code/data/nlp/BCPIns_8_7_5.txt_trad.txt_K5_p75_k25_s50.aux,19,1,8,28,6,4,21,24,7206.04,4697.64,0.306582,0.306582,0,1.47063,13249,1,0,0,
slurm-9380035.out:result,/home/utr_lefebvre/AF-bilevel-ccg/code/data/nlp/BCPIns_8_7_5.txt_trad.txt_K5_p75_k25_s75.aux,19,1,8,28,6,4,21,24,7206.26,3194.83,0.536628,0.536628,0,1.456,11137,1,0,0,
slurm-9380036.out:result,/home/utr_lefebvre/AF-bilevel-ccg/code/data/nlp/BCPIns_8_7_5.txt_trad.txt_K5_p75_k50_s25.aux,19,1,8,28,6,4,21,24,7205.88,4819.55,0.261417,0.261417,0,1.62512,13673,1,0,0,
slurm-9380037.out:result,/home/utr_lefebvre/AF-bilevel-ccg/code/data/nlp/BCPIns_8_7_5.txt_trad.txt_K5_p75_k50_s50.aux,19,1,8,28,6,4,21,24,2.76435,0.79608,0.37066,0.37066,1.33757,1.33757,4,1,0,0,
slurm-9380038.out:result,/home/utr_lefebvre/AF-bilevel-ccg/code/data/nlp/BCPIns_8_7_5.txt_trad.txt_K5_p75_k50_s75.aux,19,1,8,28,6,4,21,24,7205.95,3144.8,0.502914,0.502914,0,1.45179,11028,1,0,0,
slurm-9380039.out:result,/home/utr_lefebvre/AF-bilevel-ccg/code/data/nlp/BCPIns_8_7_5.txt_trad.txt_K5_p75_k75_s25.aux,19,1,8,28,6,4,21,24,7205.56,3107.2,0.496608,0.496608,0,1.44201,10975,1,0,0,
slurm-9380040.out:result,/home/utr_lefebvre/AF-bilevel-ccg/code/data/nlp/BCPIns_8_7_5.txt_trad.txt_K5_p75_k75_s50.aux,19,1,8,28,6,4,21,24,7206.36,3768.45,0.400782,0.400782,0,1.33212,11670,1,0,0,
slurm-9380041.out:result,/home/utr_lefebvre/AF-bilevel-ccg/code/data/nlp/BCPIns_8_7_5.txt_trad.txt_K5_p75_k75_s75.aux,19,1,8,28,6,4,21,24,7205.01,1902.9,0.747599,0.747599,0,1.39338,8429,1,0,0,
slurm-9380042.out:result,/home/utr_lefebvre/AF-bilevel-ccg/code/data/nlp/BCPIns_8_7_6.txt_trad.txt_K5_p25_k25_s25.aux,19,1,8,28,2,0,25,28,0.167992,0.117909,0.005178,0.005178,3.1212,3.1212,2,1,0,0,
slurm-9380043.out:result,/home/utr_lefebvre/AF-bilevel-ccg/code/data/nlp/BCPIns_8_7_6.txt_trad.txt_K5_p25_k25_s50.aux,19,1,8,28,2,0,25,28,0.101031,0.053884,0.00654,0.00654,3.15152,3.15152,2,1,0,0,
slurm-9380044.out:result,/home/utr_lefebvre/AF-bilevel-ccg/code/data/nlp/BCPIns_8_7_6.txt_trad.txt_K5_p25_k25_s75.aux,19,1,8,28,2,0,25,28,0.332489,0.251769,0.006718,0.006718,3.1203,3.12031,4,1,0,0,
slurm-9380045.out:result,/home/utr_lefebvre/AF-bilevel-ccg/code/data/nlp/BCPIns_8_7_6.txt_trad.txt_K5_p25_k50_s25.aux,19,1,8,28,2,0,25,28,0.384457,0.279674,0.004723,0.004723,3.1212,3.1212,5,1,0,0,
slurm-9380046.out:result,/home/utr_lefebvre/AF-bilevel-ccg/code/data/nlp/BCPIns_8_7_6.txt_trad.txt_K5_p25_k50_s50.aux,19,1,8,28,2,0,25,28,0.207436,0.143637,0.005417,0.005417,3.14512,3.14512,3,1,0,0,
slurm-9380047.out:result,/home/utr_lefebvre/AF-bilevel-ccg/code/data/nlp/BCPIns_8_7_6.txt_trad.txt_K5_p25_k50_s75.aux,19,1,8,28,2,0,25,28,0.820916,0.616618,0.007735,0.007735,3.1203,3.12031,8,1,0,0,
slurm-9380048.out:result,/home/utr_lefebvre/AF-bilevel-ccg/code/data/nlp/BCPIns_8_7_6.txt_trad.txt_K5_p25_k75_s25.aux,19,1,8,28,2,0,25,28,7202.83,6895.27,0.099323,0.099323,3.0032,3.00324,5527,1,0,0,
slurm-9380049.out:result,/home/utr_lefebvre/AF-bilevel-ccg/code/data/nlp/BCPIns_8_7_6.txt_trad.txt_K5_p25_k75_s50.aux,19,1,8,28,2,0,25,28,0.314901,0.176959,0.005681,0.005681,3.00674,3.00674,3,1,0,0,
slurm-9380050.out:result,/home/utr_lefebvre/AF-bilevel-ccg/code/data/nlp/BCPIns_8_7_6.txt_trad.txt_K5_p25_k75_s75.aux,19,1,8,28,2,0,25,28,0.415877,0.249567,0.007811,0.007811,3.01679,3.01679,4,1,0,0,
slurm-9380051.out:result,/home/utr_lefebvre/AF-bilevel-ccg/code/data/nlp/BCPIns_8_7_6.txt_trad.txt_K5_p50_k25_s25.aux,19,1,8,28,4,2,23,26,0.664438,0.25754,0.047586,0.047586,2.19438,2.19438,4,1,0,0,
slurm-9380052.out:result,/home/utr_lefebvre/AF-bilevel-ccg/code/data/nlp/BCPIns_8_7_6.txt_trad.txt_K5_p50_k25_s50.aux,19,1,8,28,4,2,23,26,7206.82,5630.81,0.21133,0.21133,0,4.82023,15305,1,0,0,
slurm-9380053.out:result,/home/utr_lefebvre/AF-bilevel-ccg/code/data/nlp/BCPIns_8_7_6.txt_trad.txt_K5_p50_k25_s75.aux,19,1,8,28,4,2,23,26,7202.21,6917.61,0.077853,0.077853,2.35771,2.35775,5246,1,0,0,
slurm-9380054.out:result,/home/utr_lefebvre/AF-bilevel-ccg/code/data/nlp/BCPIns_8_7_6.txt_trad.txt_K5_p50_k50_s25.aux,19,1,8,28,4,2,23,26,1.28375,0.623917,0.067967,0.067967,2.16492,2.16492,5,1,0,0,
slurm-9380055.out:result,/home/utr_lefebvre/AF-bilevel-ccg/code/data/nlp/BCPIns_8_7_6.txt_trad.txt_K5_p50_k50_s50.aux,19,1,8,28,4,2,23,26,0.724026,0.392491,0.052181,0.052181,2.1964,2.1964,4,1,0,0,
slurm-9380056.out:result,/home/utr_lefebvre/AF-bilevel-ccg/code/data/nlp/BCPIns_8_7_6.txt_trad.txt_K5_p50_k50_s75.aux,19,1,8,28,4,2,23,26,7206.01,6277.54,0.197151,0.197151,2.02332,2.25878,11429,1,0,0,
slurm-9380057.out:result,/home/utr_lefebvre/AF-bilevel-ccg/code/data/nlp/BCPIns_8_7_6.txt_trad.txt_K5_p50_k75_s25.aux,19,1,8,28,4,2,23,26,7202.67,6749.69,0.123096,0.123096,2.16426,2.1643,5411,1,0,0,
slurm-9380058.out:result,/home/utr_lefebvre/AF-bilevel-ccg/code/data/nlp/BCPIns_8_7_6.txt_trad.txt_K5_p50_k75_s50.aux,19,1,8,28,4,2,23,26,1.02872,0.546053,0.04659,0.04659,2.19302,2.19303,5,1,0,0,
slurm-9380059.out:result,/home/utr_lefebvre/AF-bilevel-ccg/code/data/nlp/BCPIns_8_7_6.txt_trad.txt_K5_p50_k75_s75.aux,19,1,8,28,4,2,23,26,7204.15,6742.47,0.091005,0.091005,2.19269,2.19272,5378,1,0,0,
slurm-9380060.out:result,/home/utr_lefebvre/AF-bilevel-ccg/code/data/nlp/BCPIns_8_7_6.txt_trad.txt_K5_p75_k25_s25.aux,19,1,8,28,6,4,21,24,7206.26,4542.91,0.311829,0.311829,0,2.12989,13153,1,0,0,
slurm-9380061.out:result,/home/utr_lefebvre/AF-bilevel-ccg/code/data/nlp/BCPIns_8_7_6.txt_trad.txt_K5_p75_k25_s50.aux,19,1,8,28,6,4,21,24,7204.76,5229.66,0.27648,0.27648,0.464739,1.4539,11116,1,0,0,
slurm-9380062.out:result,/home/utr_lefebvre/AF-bilevel-ccg/code/data/nlp/BCPIns_8_7_6.txt_trad.txt_K5_p75_k25_s75.aux,19,1,8,28,6,4,21,24,7204.1,1146.73,1.06402,1.06402,0,1.45714,6610,1,0,0,
slurm-9380063.out:result,/home/utr_lefebvre/AF-bilevel-ccg/code/data/nlp/BCPIns_8_7_6.txt_trad.txt_K5_p75_k50_s25.aux,19,1,8,28,6,4,21,24,7205.98,3339.52,0.471938,0.471938,0,1.55358,11120,1,0,0,
slurm-9380064.out:result,/home/utr_lefebvre/AF-bilevel-ccg/code/data/nlp/BCPIns_8_7_6.txt_trad.txt_K5_p75_k50_s50.aux,19,1,8,28,6,4,21,24,7205.59,2909.71,0.496376,0.496376,0,1.45551,10596,1,0,0,
slurm-9380065.out:result,/home/utr_lefebvre/AF-bilevel-ccg/code/data/nlp/BCPIns_8_7_6.txt_trad.txt_K5_p75_k50_s75.aux,19,1,8,28,6,4,21,24,7204.89,3728.27,0.41055,0.41055,0,1.45405,12763,1,0,0,
slurm-9380066.out:result,/home/utr_lefebvre/AF-bilevel-ccg/code/data/nlp/BCPIns_8_7_6.txt_trad.txt_K5_p75_k75_s25.aux,19,1,8,28,6,4,21,24,7206.04,3668.61,0.405128,0.405128,0,1.47613,11701,1,0,0,
slurm-9380067.out:result,/home/utr_lefebvre/AF-bilevel-ccg/code/data/nlp/BCPIns_8_7_6.txt_trad.txt_K5_p75_k75_s50.aux,19,1,8,28,6,4,21,24,7206.52,5114.51,0.320802,0.320802,1.33159,1.42935,10556,1,0,0,
slurm-9380068.out:result,/home/utr_lefebvre/AF-bilevel-ccg/code/data/nlp/BCPIns_8_7_6.txt_trad.txt_K5_p75_k75_s75.aux,19,1,8,28,6,4,21,24,7204.23,2024.5,0.714049,0.714049,0,1.39907,8810,1,0,0,
slurm-9380069.out:result,/home/utr_lefebvre/AF-bilevel-ccg/code/data/nlp/BCPIns_8_7_7.txt_trad.txt_K5_p25_k25_s25.aux,19,1,8,28,2,1,25,27,0.164558,0.107731,0.004997,0.004997,3.12111,3.12111,3,1,0,0,
slurm-9380070.out:result,/home/utr_lefebvre/AF-bilevel-ccg/code/data/nlp/BCPIns_8_7_7.txt_trad.txt_K5_p25_k25_s50.aux,19,1,8,28,2,1,25,27,0.13171,0.068696,0.005966,0.005966,3.14835,3.14835,3,1,0,0,
slurm-9380071.out:result,/home/utr_lefebvre/AF-bilevel-ccg/code/data/nlp/BCPIns_8_7_7.txt_trad.txt_K5_p25_k25_s75.aux,19,1,8,28,2,1,25,27,0.288083,0.194212,0.006678,0.006678,3.1203,3.12031,5,1,0,0,
slurm-9380072.out:result,/home/utr_lefebvre/AF-bilevel-ccg/code/data/nlp/BCPIns_8_7_7.txt_trad.txt_K5_p25_k50_s25.aux,19,1,8,28,2,1,25,27,0.185734,0.127729,0.005132,0.005132,3.12111,3.12111,3,1,0,0,
slurm-9380073.out:result,/home/utr_lefebvre/AF-bilevel-ccg/code/data/nlp/BCPIns_8_7_7.txt_trad.txt_K5_p25_k50_s50.aux,19,1,8,28,2,1,25,27,0.113635,0.054263,0.00713,0.00713,3.14289,3.14289,3,1,0,0,
slurm-9380074.out:result,/home/utr_lefebvre/AF-bilevel-ccg/code/data/nlp/BCPIns_8_7_7.txt_trad.txt_K5_p25_k50_s75.aux,19,1,8,28,2,1,25,27,0.154658,0.092131,0.00637,0.00637,3.1203,3.12031,3,1,0,0,
slurm-9380075.out:result,/home/utr_lefebvre/AF-bilevel-ccg/code/data/nlp/BCPIns_8_7_7.txt_trad.txt_K5_p25_k75_s25.aux,19,1,8,28,2,1,25,27,0.279756,0.189049,0.005952,0.005952,3.00319,3.00319,3,1,0,0,
slurm-9380076.out:result,/home/utr_lefebvre/AF-bilevel-ccg/code/data/nlp/BCPIns_8_7_7.txt_trad.txt_K5_p25_k75_s50.aux,19,1,8,28,2,1,25,27,0.649986,0.532126,0.006393,0.006393,3.00931,3.00932,6,1,0,0,
slurm-9380077.out:result,/home/utr_lefebvre/AF-bilevel-ccg/code/data/nlp/BCPIns_8_7_7.txt_trad.txt_K5_p25_k75_s75.aux,19,1,8,28,2,1,25,27,0.54146,0.409594,0.009057,0.009057,3.01764,3.01764,6,1,0,0,
slurm-9380078.out:result,/home/utr_lefebvre/AF-bilevel-ccg/code/data/nlp/BCPIns_8_7_7.txt_trad.txt_K5_p50_k25_s25.aux,19,1,8,28,4,4,23,24,0.320954,0.215675,0.014941,0.014941,2.19452,2.19451,2,1,0,0,
slurm-9380079.out:result,/home/utr_lefebvre/AF-bilevel-ccg/code/data/nlp/BCPIns_8_7_7.txt_trad.txt_K5_p50_k25_s50.aux,19,1,8,28,4,4,23,24,7206.92,5850.79,0.227453,0.227453,0,4.22551,14665,1,0,0,
slurm-9380080.out:result,/home/utr_lefebvre/AF-bilevel-ccg/code/data/nlp/BCPIns_8_7_7.txt_trad.txt_K5_p50_k25_s75.aux,19,1,8,28,4,4,23,24,0.20888,0.092205,0.013381,0.013381,2.35811,2.35811,2,1,0,0,
slurm-9380081.out:result,/home/utr_lefebvre/AF-bilevel-ccg/code/data/nlp/BCPIns_8_7_7.txt_trad.txt_K5_p50_k50_s25.aux,19,1,8,28,4,4,23,24,1.20593,0.708322,0.079194,0.079194,2.16438,2.16438,5,1,0,0,
slurm-9380082.out:result,/home/utr_lefebvre/AF-bilevel-ccg/code/data/nlp/BCPIns_8_7_7.txt_trad.txt_K5_p50_k50_s50.aux,19,1,8,28,4,4,23,24,7203.15,6750.75,0.118395,0.118395,2.19714,2.19716,5272,1,0,0,
slurm-9380083.out:result,/home/utr_lefebvre/AF-bilevel-ccg/code/data/nlp/BCPIns_8_7_7.txt_trad.txt_K5_p50_k50_s75.aux,19,1,8,28,4,4,23,24,7206.99,6210.3,0.21789,0.21789,2.02009,2.25826,11660,1,0,0,
slurm-9380084.out:result,/home/utr_lefebvre/AF-bilevel-ccg/code/data/nlp/BCPIns_8_7_7.txt_trad.txt_K5_p50_k75_s25.aux,19,1,8,28,4,4,23,24,7203.36,6592.88,0.1654,0.1654,2.16419,2.16421,5293,1,0,0,
slurm-9380085.out:result,/home/utr_lefebvre/AF-bilevel-ccg/code/data/nlp/BCPIns_8_7_7.txt_trad.txt_K5_p50_k75_s50.aux,19,1,8,28,4,4,23,24,2.99439,2.11018,0.056946,0.056946,2.19339,2.19339,11,1,0,0,
slurm-9380086.out:result,/home/utr_lefebvre/AF-bilevel-ccg/code/data/nlp/BCPIns_8_7_7.txt_trad.txt_K5_p50_k75_s75.aux,19,1,8,28,4,4,23,24,7203.17,6882.39,0.098949,0.098949,2.19656,2.19658,5400,1,0,0,
slurm-9380087.out:result,/home/utr_lefebvre/AF-bilevel-ccg/code/data/nlp/BCPIns_8_7_7.txt_trad.txt_K5_p75_k25_s25.aux,19,1,8,28,6,6,21,22,7206.23,4786.97,0.328037,0.328037,0,1.82955,13597,1,0,0,
slurm-9380088.out:result,/home/utr_lefebvre/AF-bilevel-ccg/code/data/nlp/BCPIns_8_7_7.txt_trad.txt_K5_p75_k25_s50.aux,19,1,8,28,6,6,21,22,7206.2,5108.13,0.292062,0.292062,0,1.49028,14943,1,0,0,
slurm-9380089.out:result,/home/utr_lefebvre/AF-bilevel-ccg/code/data/nlp/BCPIns_8_7_7.txt_trad.txt_K5_p75_k25_s75.aux,19,1,8,28,6,6,21,22,1.12255,0.097734,0.342012,0.342012,1.31591,1.31591,1,1,0,0,
slurm-9380090.out:result,/home/utr_lefebvre/AF-bilevel-ccg/code/data/nlp/BCPIns_8_7_7.txt_trad.txt_K5_p75_k50_s25.aux,19,1,8,28,6,6,21,22,7206.2,3260.83,0.525247,0.525247,0,1.5314,11034,1,0,0,
slurm-9380095.out:result,/home/utr_lefebvre/AF-bilevel-ccg/code/data/nlp/BCPIns_8_7_7.txt_trad.txt_K5_p75_k75_s75.aux,19,1,8,28,6,6,21,22,3.87482,1.41937,0.357487,0.357487,1.30217,1.30217,5,1,0,0,
slurm-9380096.out:result,/home/utr_lefebvre/AF-bilevel-ccg/code/data/nlp/BCPIns_8_7_8.txt_trad.txt_K5_p25_k25_s25.aux,19,1,8,28,2,1,25,27,0.172126,0.111023,0.00592,0.00592,3.12111,3.12111,3,1,0,0,
slurm-9380097.out:result,/home/utr_lefebvre/AF-bilevel-ccg/code/data/nlp/BCPIns_8_7_8.txt_trad.txt_K5_p25_k25_s50.aux,19,1,8,28,2,1,25,27,0.16253,0.106973,0.004913,0.004913,3.15033,3.15033,3,1,0,0,
slurm-9380098.out:result,/home/utr_lefebvre/AF-bilevel-ccg/code/data/nlp/BCPIns_8_7_8.txt_trad.txt_K5_p25_k25_s75.aux,19,1,8,28,2,1,25,27,0.318965,0.207399,0.008326,0.008326,3.12018,3.12031,5,1,0,0,
slurm-9380099.out:result,/home/utr_lefebvre/AF-bilevel-ccg/code/data/nlp/BCPIns_8_7_8.txt_trad.txt_K5_p25_k50_s25.aux,19,1,8,28,2,1,25,27,0.197976,0.139384,0.006148,0.006148,3.12111,3.12111,3,1,0,0,
slurm-9380100.out:result,/home/utr_lefebvre/AF-bilevel-ccg/code/data/nlp/BCPIns_8_7_8.txt_trad.txt_K5_p25_k50_s50.aux,19,1,8,28,2,1,25,27,1.55451,1.33757,0.007311,0.007311,3.14512,3.14512,12,1,0,0,
slurm-9380101.out:result,/home/utr_lefebvre/AF-bilevel-ccg/code/data/nlp/BCPIns_8_7_8.txt_trad.txt_K5_p25_k50_s75.aux,19,1,8,28,2,1,25,27,0.104595,0.047728,0.005362,0.005362,3.1203,3.12031,2,1,0,0,
slurm-9380102.out:result,/home/utr_lefebvre/AF-bilevel-ccg/code/data/nlp/BCPIns_8_7_8.txt_trad.txt_K5_p25_k75_s25.aux,19,1,8,28,2,1,25,27,0.224922,0.15844,0.007367,0.007367,3.00319,3.00319,2,1,0,0,
slurm-9380103.out:result,/home/utr_lefebvre/AF-bilevel-ccg/code/data/nlp/BCPIns_8_7_8.txt_trad.txt_K5_p25_k75_s50.aux,19,1,8,28,2,1,25,27,0.516806,0.409389,0.007204,0.007204,3.01097,3.01097,5,1,0,0,
slurm-9380104.out:result,/home/utr_lefebvre/AF-bilevel-ccg/code/data/nlp/BCPIns_8_7_8.txt_trad.txt_K5_p25_k75_s75.aux,19,1,8,28,2,1,25,27,0.548749,0.430289,0.017125,0.017125,3.0189,3.01891,5,1,0,0,
slurm-9380105.out:result,/home/utr_lefebvre/AF-bilevel-ccg/code/data/nlp/BCPIns_8_7_8.txt_trad.txt_K5_p50_k25_s25.aux,19,1,8,28,4,4,23,24,0.209037,0.136529,0.014908,0.014908,2.19319,2.19319,2,1,0,0,
slurm-9380107.out:result,/home/utr_lefebvre/AF-bilevel-ccg/code/data/nlp/BCPIns_8_7_8.txt_trad.txt_K5_p50_k25_s75.aux,19,1,8,28,4,4,23,24,0.190043,0.090444,0.018399,0.018399,2.35289,2.35289,3,1,0,0,
slurm-9380108.out:result,/home/utr_lefebvre/AF-bilevel-ccg/code/data/nlp/BCPIns_8_7_8.txt_trad.txt_K5_p50_k50_s25.aux,19,1,8,28,4,4,23,24,1.16163,0.597577,0.081085,0.081085,2.16837,2.16837,5,1,0,0,
slurm-9380109.out:result,/home/utr_lefebvre/AF-bilevel-ccg/code/data/nlp/BCPIns_8_7_8.txt_trad.txt_K5_p50_k50_s50.aux,19,1,8,28,4,4,23,24,1.37836,0.920207,0.058261,0.058261,2.19446,2.19446,6,1,0,0,
slurm-9380110.out:result,/home/utr_lefebvre/AF-bilevel-ccg/code/data/nlp/BCPIns_8_7_8.txt_trad.txt_K5_p50_k50_s75.aux,19,1,8,28,4,4,23,24,0.335654,0.205451,0.022072,0.022072,2.19577,2.19577,3,1,0,0,
slurm-9380111.out:result,/home/utr_lefebvre/AF-bilevel-ccg/code/data/nlp/BCPIns_8_7_8.txt_trad.txt_K5_p50_k75_s25.aux,19,1,8,28,4,4,23,24,4.40335,2.96642,0.119446,0.119446,2.16749,2.16749,16,1,0,0,
slurm-9380112.out:result,/home/utr_lefebvre/AF-bilevel-ccg/code/data/nlp/BCPIns_8_7_8.txt_trad.txt_K5_p50_k75_s50.aux,19,1,8,28,4,4,23,24,1.86574,1.29093,0.045286,0.045286,2.19173,2.19173,8,1,0,0,
slurm-9380113.out:result,/home/utr_lefebvre/AF-bilevel-ccg/code/data/nlp/BCPIns_8_7_8.txt_trad.txt_K5_p50_k75_s75.aux,19,1,8,28,4,4,23,24,0.532552,0.350716,0.017843,0.017843,2.19272,2.19272,4,1,0,0,
slurm-9380114.out:result,/home/utr_lefebvre/AF-bilevel-ccg/code/data/nlp/BCPIns_8_7_8.txt_trad.txt_K5_p75_k25_s25.aux,19,1,8,28,6,6,21,22,1.51223,0.771398,0.127797,0.127797,1.75839,1.75848,3,1,0,0,
slurm-9380115.out:result,/home/utr_lefebvre/AF-bilevel-ccg/code/data/nlp/BCPIns_8_7_8.txt_trad.txt_K5_p75_k25_s50.aux,19,1,8,28,6,6,21,22,1.06832,0.612163,0.093698,0.093698,1.36089,1.36094,3,1,0,0,
slurm-9380118.out:result,/home/utr_lefebvre/AF-bilevel-ccg/code/data/nlp/BCPIns_8_7_8.txt_trad.txt_K5_p75_k50_s50.aux,19,1,8,28,6,6,21,22,3.42693,1.32092,0.447667,0.447667,1.33817,1.33823,5,1,0,0,
slurm-9380123.out:result,/home/utr_lefebvre/AF-bilevel-ccg/code/data/nlp/BCPIns_8_7_9.txt_trad.txt_K5_p25_k25_s25.aux,19,1,8,28,2,0,25,28,0.102882,0.054694,0.00541,0.00541,3.12111,3.12111,2,1,0,0,
slurm-9380124.out:result,/home/utr_lefebvre/AF-bilevel-ccg/code/data/nlp/BCPIns_8_7_9.txt_trad.txt_K5_p25_k25_s50.aux,19,1,8,28,2,0,25,28,0.457576,0.340529,0.005444,0.005444,3.15152,3.15152,7,1,0,0,
slurm-9380125.out:result,/home/utr_lefebvre/AF-bilevel-ccg/code/data/nlp/BCPIns_8_7_9.txt_trad.txt_K5_p25_k25_s75.aux,19,1,8,28,2,0,25,28,0.608036,0.46691,0.007478,0.007478,3.1203,3.12031,7,1,0,0,
slurm-9380126.out:result,/home/utr_lefebvre/AF-bilevel-ccg/code/data/nlp/BCPIns_8_7_9.txt_trad.txt_K5_p25_k50_s25.aux,19,1,8,28,2,0,25,28,0.273458,0.183783,0.005301,0.005301,3.12111,3.12111,3,1,0,0,
slurm-9380127.out:result,/home/utr_lefebvre/AF-bilevel-ccg/code/data/nlp/BCPIns_8_7_9.txt_trad.txt_K5_p25_k50_s50.aux,19,1,8,28,2,0,25,28,0.103788,0.054692,0.00618,0.00618,3.14512,3.14512,2,1,0,0,
slurm-9380128.out:result,/home/utr_lefebvre/AF-bilevel-ccg/code/data/nlp/BCPIns_8_7_9.txt_trad.txt_K5_p25_k50_s75.aux,19,1,8,28,2,0,25,28,0.164839,0.091583,0.008567,0.008567,3.1203,3.12031,3,1,0,0,
slurm-9380130.out:result,/home/utr_lefebvre/AF-bilevel-ccg/code/data/nlp/BCPIns_8_7_9.txt_trad.txt_K5_p25_k75_s50.aux,19,1,8,28,2,0,25,28,0.370732,0.280468,0.006438,0.006438,3.00768,3.00768,4,1,0,0,
slurm-9380131.out:result,/home/utr_lefebvre/AF-bilevel-ccg/code/data/nlp/BCPIns_8_7_9.txt_trad.txt_K5_p25_k75_s75.aux,19,1,8,28,2,0,25,28,0.200099,0.123427,0.008058,0.008058,3.00956,3.00957,3,1,0,0,
slurm-9380132.out:result,/home/utr_lefebvre/AF-bilevel-ccg/code/data/nlp/BCPIns_8_7_9.txt_trad.txt_K5_p50_k25_s25.aux,19,1,8,28,4,1,23,27,0.1224,0.063134,0.013663,0.013663,2.19438,2.19438,1,1,0,0,
