result,/home/utr_lefebvre/AD-convex-adjustable-robust-optimization/FLP-with-convex-production-costs/data/basic/instance_F10_C15_R1500__0.txt,10,15,1,0.25,7200,Static,0,0.250351,0,0,867.528,0,0
result,/home/utr_lefebvre/AD-convex-adjustable-robust-optimization/FLP-with-convex-production-costs/data/basic/instance_F10_C15_R1500__0.txt,10,15,3,0.25,7200,Static,0,0.25267,0,0,867.528,0,0
result,/home/utr_lefebvre/AD-convex-adjustable-robust-optimization/FLP-with-convex-production-costs/data/basic/instance_F10_C15_R1500__0.txt,10,15,4,0.25,7200,Static,0,0.250337,0,0,867.528,0,0
result,/home/utr_lefebvre/AD-convex-adjustable-robust-optimization/FLP-with-convex-production-costs/data/basic/instance_F10_C15_R1500__1.txt,10,15,1,0.25,7200,Static,0,0.315587,0,0,1288.93,0,0
result,/home/utr_lefebvre/AD-convex-adjustable-robust-optimization/FLP-with-convex-production-costs/data/basic/instance_F10_C15_R1500__1.txt,10,15,3,0.25,7200,Static,0,0.312956,0,0,1288.93,0,0
result,/home/utr_lefebvre/AD-convex-adjustable-robust-optimization/FLP-with-convex-production-costs/data/basic/instance_F10_C15_R1500__1.txt,10,15,4,0.25,7200,Static,0,0.314393,0,0,1288.93,0,0
result,/home/utr_lefebvre/AD-convex-adjustable-robust-optimization/FLP-with-convex-production-costs/data/basic/instance_F10_C15_R1500__2.txt,10,15,1,0.25,7200,Static,0,0.363088,0,0,913.314,0,0
result,/home/utr_lefebvre/AD-convex-adjustable-robust-optimization/FLP-with-convex-production-costs/data/basic/instance_F10_C15_R1500__2.txt,10,15,3,0.25,7200,Static,0,0.383147,0,0,913.314,0,0
result,/home/utr_lefebvre/AD-convex-adjustable-robust-optimization/FLP-with-convex-production-costs/data/basic/instance_F10_C15_R1500__2.txt,10,15,4,0.25,7200,Static,0,0.222093,0,0,913.314,0,0
result,/home/utr_lefebvre/AD-convex-adjustable-robust-optimization/FLP-with-convex-production-costs/data/basic/instance_F10_C15_R1500__3.txt,10,15,1,0.25,7200,Static,0,0.384826,0,0,1025.94,0,0
result,/home/utr_lefebvre/AD-convex-adjustable-robust-optimization/FLP-with-convex-production-costs/data/basic/instance_F10_C15_R1500__3.txt,10,15,3,0.25,7200,Static,0,0.384877,0,0,1025.94,0,0
result,/home/utr_lefebvre/AD-convex-adjustable-robust-optimization/FLP-with-convex-production-costs/data/basic/instance_F10_C15_R1500__3.txt,10,15,4,0.25,7200,Static,0,0.232873,0,0,1025.94,0,0
result,/home/utr_lefebvre/AD-convex-adjustable-robust-optimization/FLP-with-convex-production-costs/data/basic/instance_F10_C15_R1500__4.txt,10,15,1,0.25,7200,Static,0,0.354096,0,0,1045.68,0,0
result,/home/utr_lefebvre/AD-convex-adjustable-robust-optimization/FLP-with-convex-production-costs/data/basic/instance_F10_C15_R1500__4.txt,10,15,3,0.25,7200,Static,0,0.355324,0,0,1045.68,0,0
result,/home/utr_lefebvre/AD-convex-adjustable-robust-optimization/FLP-with-convex-production-costs/data/basic/instance_F10_C15_R1500__4.txt,10,15,4,0.25,7200,Static,0,0.371579,0,0,1045.68,0,0
result,/home/utr_lefebvre/AD-convex-adjustable-robust-optimization/FLP-with-convex-production-costs/data/basic/instance_F10_C15_R1500__5.txt,10,15,1,0.25,7200,Static,0,0.359984,0,0,1499.68,0,0
result,/home/utr_lefebvre/AD-convex-adjustable-robust-optimization/FLP-with-convex-production-costs/data/basic/instance_F10_C15_R1500__5.txt,10,15,3,0.25,7200,Static,0,0.339395,0,0,1499.68,0,0
result,/home/utr_lefebvre/AD-convex-adjustable-robust-optimization/FLP-with-convex-production-costs/data/basic/instance_F10_C15_R1500__5.txt,10,15,4,0.25,7200,Static,0,0.338719,0,0,1499.68,0,0
result,/home/utr_lefebvre/AD-convex-adjustable-robust-optimization/FLP-with-convex-production-costs/data/basic/instance_F10_C15_R1500__6.txt,10,15,1,0.25,7200,Static,0,0.359764,0,0,1772.24,0,0
result,/home/utr_lefebvre/AD-convex-adjustable-robust-optimization/FLP-with-convex-production-costs/data/basic/instance_F10_C15_R1500__6.txt,10,15,3,0.25,7200,Static,0,0.358728,0,0,1772.24,0,0
result,/home/utr_lefebvre/AD-convex-adjustable-robust-optimization/FLP-with-convex-production-costs/data/basic/instance_F10_C15_R1500__6.txt,10,15,4,0.25,7200,Static,0,0.344245,0,0,1772.24,0,0
result,/home/utr_lefebvre/AD-convex-adjustable-robust-optimization/FLP-with-convex-production-costs/data/basic/instance_F10_C15_R1500__7.txt,10,15,1,0.25,7200,Static,0,0.307338,0,0,1090.41,0,0
result,/home/utr_lefebvre/AD-convex-adjustable-robust-optimization/FLP-with-convex-production-costs/data/basic/instance_F10_C15_R1500__7.txt,10,15,3,0.25,7200,Static,0,0.350152,0,0,1090.41,0,0
result,/home/utr_lefebvre/AD-convex-adjustable-robust-optimization/FLP-with-convex-production-costs/data/basic/instance_F10_C15_R1500__7.txt,10,15,4,0.25,7200,Static,0,0.344578,0,0,1090.41,0,0
result,/home/utr_lefebvre/AD-convex-adjustable-robust-optimization/FLP-with-convex-production-costs/data/basic/instance_F10_C15_R1500__8.txt,10,15,1,0.25,7200,Static,0,0.225778,0,0,1491.47,0,0
result,/home/utr_lefebvre/AD-convex-adjustable-robust-optimization/FLP-with-convex-production-costs/data/basic/instance_F10_C15_R1500__8.txt,10,15,3,0.25,7200,Static,0,0.283618,0,0,1491.47,0,0
result,/home/utr_lefebvre/AD-convex-adjustable-robust-optimization/FLP-with-convex-production-costs/data/basic/instance_F10_C15_R1500__8.txt,10,15,4,0.25,7200,Static,0,0.282586,0,0,1491.47,0,0
result,/home/utr_lefebvre/AD-convex-adjustable-robust-optimization/FLP-with-convex-production-costs/data/basic/instance_F10_C15_R1500__9.txt,10,15,1,0.25,7200,Static,0,0.308057,0,0,957.402,0,0
result,/home/utr_lefebvre/AD-convex-adjustable-robust-optimization/FLP-with-convex-production-costs/data/basic/instance_F10_C15_R1500__9.txt,10,15,3,0.25,7200,Static,0,0.308339,0,0,957.402,0,0
result,/home/utr_lefebvre/AD-convex-adjustable-robust-optimization/FLP-with-convex-production-costs/data/basic/instance_F10_C15_R1500__9.txt,10,15,4,0.25,7200,Static,0,0.308283,0,0,957.402,0,0
result,/home/utr_lefebvre/AD-convex-adjustable-robust-optimization/FLP-with-convex-production-costs/data/basic/instance_F10_C15_R2000__0.txt,10,15,1,0.25,7200,Static,0,0.316343,0,0,924.529,0,0
result,/home/utr_lefebvre/AD-convex-adjustable-robust-optimization/FLP-with-convex-production-costs/data/basic/instance_F10_C15_R2000__0.txt,10,15,1,0.5,7200,Static,0,0.238992,0,0,1242.29,0,0
result,/home/utr_lefebvre/AD-convex-adjustable-robust-optimization/FLP-with-convex-production-costs/data/basic/instance_F10_C15_R2000__0.txt,10,15,3,0.25,7200,Static,0,0.315668,0,0,924.529,0,0
result,/home/utr_lefebvre/AD-convex-adjustable-robust-optimization/FLP-with-convex-production-costs/data/basic/instance_F10_C15_R2000__0.txt,10,15,3,0.5,7200,Static,0,0.239554,0,0,1242.29,0,0
result,/home/utr_lefebvre/AD-convex-adjustable-robust-optimization/FLP-with-convex-production-costs/data/basic/instance_F10_C15_R2000__0.txt,10,15,4,0.25,7200,Static,0,0.314996,0,0,924.529,0,0
result,/home/utr_lefebvre/AD-convex-adjustable-robust-optimization/FLP-with-convex-production-costs/data/basic/instance_F10_C15_R2000__0.txt,10,15,4,0.5,7200,Static,0,0.312755,0,0,1242.29,0,0
result,/home/utr_lefebvre/AD-convex-adjustable-robust-optimization/FLP-with-convex-production-costs/data/basic/instance_F10_C15_R2000__1.txt,10,15,1,0.25,7200,Static,0,0.367085,0,0,770.124,0,0
result,/home/utr_lefebvre/AD-convex-adjustable-robust-optimization/FLP-with-convex-production-costs/data/basic/instance_F10_C15_R2000__1.txt,10,15,1,0.5,7200,Static,0,0.500057,0,0,1016.98,0,0
result,/home/utr_lefebvre/AD-convex-adjustable-robust-optimization/FLP-with-convex-production-costs/data/basic/instance_F10_C15_R2000__1.txt,10,15,3,0.25,7200,Static,0,0.371632,0,0,770.124,0,0
result,/home/utr_lefebvre/AD-convex-adjustable-robust-optimization/FLP-with-convex-production-costs/data/basic/instance_F10_C15_R2000__1.txt,10,15,3,0.5,7200,Static,0,0.688852,0,0,1016.98,0,0
result,/home/utr_lefebvre/AD-convex-adjustable-robust-optimization/FLP-with-convex-production-costs/data/basic/instance_F10_C15_R2000__1.txt,10,15,4,0.25,7200,Static,0,0.485586,0,0,770.124,0,0
result,/home/utr_lefebvre/AD-convex-adjustable-robust-optimization/FLP-with-convex-production-costs/data/basic/instance_F10_C15_R2000__1.txt,10,15,4,0.5,7200,Static,0,0.445276,0,0,1016.98,0,0
result,/home/utr_lefebvre/AD-convex-adjustable-robust-optimization/FLP-with-convex-production-costs/data/basic/instance_F10_C15_R2000__2.txt,10,15,1,0.25,7200,Static,0,0.3473,0,0,548.311,0,0
result,/home/utr_lefebvre/AD-convex-adjustable-robust-optimization/FLP-with-convex-production-costs/data/basic/instance_F10_C15_R2000__2.txt,10,15,1,0.5,7200,Static,0,0.443463,0,0,759.163,0,0
result,/home/utr_lefebvre/AD-convex-adjustable-robust-optimization/FLP-with-convex-production-costs/data/basic/instance_F10_C15_R2000__2.txt,10,15,3,0.25,7200,Static,0,0.351937,0,0,548.311,0,0
result,/home/utr_lefebvre/AD-convex-adjustable-robust-optimization/FLP-with-convex-production-costs/data/basic/instance_F10_C15_R2000__2.txt,10,15,3,0.5,7200,Static,0,0.439617,0,0,759.163,0,0
result,/home/utr_lefebvre/AD-convex-adjustable-robust-optimization/FLP-with-convex-production-costs/data/basic/instance_F10_C15_R2000__2.txt,10,15,4,0.25,7200,Static,0,0.3507,0,0,548.311,0,0
result,/home/utr_lefebvre/AD-convex-adjustable-robust-optimization/FLP-with-convex-production-costs/data/basic/instance_F10_C15_R2000__2.txt,10,15,4,0.5,7200,Static,0,0.439584,0,0,759.163,0,0
result,/home/utr_lefebvre/AD-convex-adjustable-robust-optimization/FLP-with-convex-production-costs/data/basic/instance_F10_C15_R2000__3.txt,10,15,1,0.25,7200,Static,0,0.253386,0,0,696.85,0,0
result,/home/utr_lefebvre/AD-convex-adjustable-robust-optimization/FLP-with-convex-production-costs/data/basic/instance_F10_C15_R2000__3.txt,10,15,1,0.5,7200,Static,0,0.230026,0,0,1058.22,0,0
result,/home/utr_lefebvre/AD-convex-adjustable-robust-optimization/FLP-with-convex-production-costs/data/basic/instance_F10_C15_R2000__3.txt,10,15,3,0.25,7200,Static,0,0.330415,0,0,696.85,0,0
result,/home/utr_lefebvre/AD-convex-adjustable-robust-optimization/FLP-with-convex-production-costs/data/basic/instance_F10_C15_R2000__3.txt,10,15,3,0.5,7200,Static,0,0.230226,0,0,1058.22,0,0
result,/home/utr_lefebvre/AD-convex-adjustable-robust-optimization/FLP-with-convex-production-costs/data/basic/instance_F10_C15_R2000__3.txt,10,15,4,0.25,7200,Static,0,0.330396,0,0,696.85,0,0
result,/home/utr_lefebvre/AD-convex-adjustable-robust-optimization/FLP-with-convex-production-costs/data/basic/instance_F10_C15_R2000__3.txt,10,15,4,0.5,7200,Static,0,0.306199,0,0,1058.22,0,0
result,/home/utr_lefebvre/AD-convex-adjustable-robust-optimization/FLP-with-convex-production-costs/data/basic/instance_F10_C15_R2000__4.txt,10,15,1,0.25,7200,Static,0,0.390443,0,0,812.046,0,0
result,/home/utr_lefebvre/AD-convex-adjustable-robust-optimization/FLP-with-convex-production-costs/data/basic/instance_F10_C15_R2000__4.txt,10,15,1,0.5,7200,Static,0,0.396727,0,0,1157.48,0,0
result,/home/utr_lefebvre/AD-convex-adjustable-robust-optimization/FLP-with-convex-production-costs/data/basic/instance_F10_C15_R2000__4.txt,10,15,3,0.25,7200,Static,0,0.288087,0,0,812.046,0,0
result,/home/utr_lefebvre/AD-convex-adjustable-robust-optimization/FLP-with-convex-production-costs/data/basic/instance_F10_C15_R2000__4.txt,10,15,3,0.5,7200,Static,0,0.319749,0,0,1157.48,0,0
result,/home/utr_lefebvre/AD-convex-adjustable-robust-optimization/FLP-with-convex-production-costs/data/basic/instance_F10_C15_R2000__4.txt,10,15,4,0.25,7200,Static,0,0.36961,0,0,812.046,0,0
result,/home/utr_lefebvre/AD-convex-adjustable-robust-optimization/FLP-with-convex-production-costs/data/basic/instance_F10_C15_R2000__4.txt,10,15,4,0.5,7200,Static,0,0.394072,0,0,1157.48,0,0
result,/home/utr_lefebvre/AD-convex-adjustable-robust-optimization/FLP-with-convex-production-costs/data/basic/instance_F10_C15_R2000__5.txt,10,15,1,0.25,7200,Static,0,0.294188,0,0,752.532,0,0
result,/home/utr_lefebvre/AD-convex-adjustable-robust-optimization/FLP-with-convex-production-costs/data/basic/instance_F10_C15_R2000__5.txt,10,15,1,0.5,7200,Static,0,0.245988,0,0,993.837,0,0
result,/home/utr_lefebvre/AD-convex-adjustable-robust-optimization/FLP-with-convex-production-costs/data/basic/instance_F10_C15_R2000__5.txt,10,15,3,0.25,7200,Static,0,0.293559,0,0,752.532,0,0
result,/home/utr_lefebvre/AD-convex-adjustable-robust-optimization/FLP-with-convex-production-costs/data/basic/instance_F10_C15_R2000__5.txt,10,15,3,0.5,7200,Static,0,0.473958,0,0,993.837,0,0
result,/home/utr_lefebvre/AD-convex-adjustable-robust-optimization/FLP-with-convex-production-costs/data/basic/instance_F10_C15_R2000__5.txt,10,15,4,0.25,7200,Static,0,0.293334,0,0,752.532,0,0
result,/home/utr_lefebvre/AD-convex-adjustable-robust-optimization/FLP-with-convex-production-costs/data/basic/instance_F10_C15_R2000__5.txt,10,15,4,0.5,7200,Static,0,0.250096,0,0,993.837,0,0
result,/home/utr_lefebvre/AD-convex-adjustable-robust-optimization/FLP-with-convex-production-costs/data/basic/instance_F10_C15_R2000__6.txt,10,15,1,0.25,7200,Static,0,0.342031,0,0,732.566,0,0
result,/home/utr_lefebvre/AD-convex-adjustable-robust-optimization/FLP-with-convex-production-costs/data/basic/instance_F10_C15_R2000__6.txt,10,15,1,0.5,7200,Static,0,0.276114,0,0,940.473,0,0
result,/home/utr_lefebvre/AD-convex-adjustable-robust-optimization/FLP-with-convex-production-costs/data/basic/instance_F10_C15_R2000__6.txt,10,15,3,0.25,7200,Static,0,0.343069,0,0,732.566,0,0
result,/home/utr_lefebvre/AD-convex-adjustable-robust-optimization/FLP-with-convex-production-costs/data/basic/instance_F10_C15_R2000__6.txt,10,15,3,0.5,7200,Static,0,0.357734,0,0,940.473,0,0
result,/home/utr_lefebvre/AD-convex-adjustable-robust-optimization/FLP-with-convex-production-costs/data/basic/instance_F10_C15_R2000__6.txt,10,15,4,0.25,7200,Static,0,0.356112,0,0,732.566,0,0
result,/home/utr_lefebvre/AD-convex-adjustable-robust-optimization/FLP-with-convex-production-costs/data/basic/instance_F10_C15_R2000__6.txt,10,15,4,0.5,7200,Static,0,0.280403,0,0,940.473,0,0
result,/home/utr_lefebvre/AD-convex-adjustable-robust-optimization/FLP-with-convex-production-costs/data/basic/instance_F10_C15_R2000__7.txt,10,15,1,0.25,7200,Static,0,0.376994,0,0,632.793,0,0
result,/home/utr_lefebvre/AD-convex-adjustable-robust-optimization/FLP-with-convex-production-costs/data/basic/instance_F10_C15_R2000__7.txt,10,15,1,0.5,7200,Static,0,0.338778,0,0,854.456,0,0
result,/home/utr_lefebvre/AD-convex-adjustable-robust-optimization/FLP-with-convex-production-costs/data/basic/instance_F10_C15_R2000__7.txt,10,15,3,0.25,7200,Static,0,0.379884,0,0,632.793,0,0
result,/home/utr_lefebvre/AD-convex-adjustable-robust-optimization/FLP-with-convex-production-costs/data/basic/instance_F10_C15_R2000__7.txt,10,15,3,0.5,7200,Static,0,0.339875,0,0,854.456,0,0
result,/home/utr_lefebvre/AD-convex-adjustable-robust-optimization/FLP-with-convex-production-costs/data/basic/instance_F10_C15_R2000__7.txt,10,15,4,0.25,7200,Static,0,0.439413,0,0,632.793,0,0
result,/home/utr_lefebvre/AD-convex-adjustable-robust-optimization/FLP-with-convex-production-costs/data/basic/instance_F10_C15_R2000__7.txt,10,15,4,0.5,7200,Static,0,0.40258,0,0,854.456,0,0
result,/home/utr_lefebvre/AD-convex-adjustable-robust-optimization/FLP-with-convex-production-costs/data/basic/instance_F10_C15_R2000__8.txt,10,15,1,0.25,7200,Static,0,0.4471,0,0,995.521,0,0
result,/home/utr_lefebvre/AD-convex-adjustable-robust-optimization/FLP-with-convex-production-costs/data/basic/instance_F10_C15_R2000__8.txt,10,15,1,0.5,7200,Static,0,0.414185,0,0,1346.03,0,0
result,/home/utr_lefebvre/AD-convex-adjustable-robust-optimization/FLP-with-convex-production-costs/data/basic/instance_F10_C15_R2000__8.txt,10,15,3,0.25,7200,Static,0,0.438406,0,0,995.521,0,0
result,/home/utr_lefebvre/AD-convex-adjustable-robust-optimization/FLP-with-convex-production-costs/data/basic/instance_F10_C15_R2000__8.txt,10,15,3,0.5,7200,Static,0,0.442216,0,0,1346.03,0,0
result,/home/utr_lefebvre/AD-convex-adjustable-robust-optimization/FLP-with-convex-production-costs/data/basic/instance_F10_C15_R2000__8.txt,10,15,4,0.25,7200,Static,0,0.444064,0,0,995.521,0,0
result,/home/utr_lefebvre/AD-convex-adjustable-robust-optimization/FLP-with-convex-production-costs/data/basic/instance_F10_C15_R2000__8.txt,10,15,4,0.5,7200,Static,0,0.43815,0,0,1346.03,0,0
result,/home/utr_lefebvre/AD-convex-adjustable-robust-optimization/FLP-with-convex-production-costs/data/basic/instance_F10_C15_R2000__9.txt,10,15,1,0.25,7200,Static,0,0.421136,0,0,769.94,0,0
result,/home/utr_lefebvre/AD-convex-adjustable-robust-optimization/FLP-with-convex-production-costs/data/basic/instance_F10_C15_R2000__9.txt,10,15,1,0.5,7200,Static,0,0.323766,0,0,1003.01,0,0
result,/home/utr_lefebvre/AD-convex-adjustable-robust-optimization/FLP-with-convex-production-costs/data/basic/instance_F10_C15_R2000__9.txt,10,15,3,0.25,7200,Static,0,0.389054,0,0,769.94,0,0
result,/home/utr_lefebvre/AD-convex-adjustable-robust-optimization/FLP-with-convex-production-costs/data/basic/instance_F10_C15_R2000__9.txt,10,15,3,0.5,7200,Static,0,0.233029,0,0,1003.01,0,0
result,/home/utr_lefebvre/AD-convex-adjustable-robust-optimization/FLP-with-convex-production-costs/data/basic/instance_F10_C15_R2000__9.txt,10,15,4,0.25,7200,Static,0,0.323386,0,0,769.94,0,0
result,/home/utr_lefebvre/AD-convex-adjustable-robust-optimization/FLP-with-convex-production-costs/data/basic/instance_F10_C15_R2000__9.txt,10,15,4,0.5,7200,Static,0,0.290456,0,0,1003.01,0,0
result,/home/utr_lefebvre/AD-convex-adjustable-robust-optimization/FLP-with-convex-production-costs/data/basic/instance_F10_C20_R1500__0.txt,10,20,2,0.25,7200,Static,0,0.275409,0,0,1319.05,0,0
result,/home/utr_lefebvre/AD-convex-adjustable-robust-optimization/FLP-with-convex-production-costs/data/basic/instance_F10_C20_R1500__0.txt,10,20,4,0.25,7200,Static,0,0.332863,0,0,1319.05,0,0
result,/home/utr_lefebvre/AD-convex-adjustable-robust-optimization/FLP-with-convex-production-costs/data/basic/instance_F10_C20_R1500__0.txt,10,20,6,0.25,7200,Static,0,0.344339,0,0,1319.05,0,0
result,/home/utr_lefebvre/AD-convex-adjustable-robust-optimization/FLP-with-convex-production-costs/data/basic/instance_F10_C20_R1500__1.txt,10,20,2,0.25,7200,Static,0,0.466428,0,0,1425.75,0,0
result,/home/utr_lefebvre/AD-convex-adjustable-robust-optimization/FLP-with-convex-production-costs/data/basic/instance_F10_C20_R1500__1.txt,10,20,4,0.25,7200,Static,0,0.461309,0,0,1425.75,0,0
result,/home/utr_lefebvre/AD-convex-adjustable-robust-optimization/FLP-with-convex-production-costs/data/basic/instance_F10_C20_R1500__1.txt,10,20,6,0.25,7200,Static,0,0.461008,0,0,1425.75,0,0
result,/home/utr_lefebvre/AD-convex-adjustable-robust-optimization/FLP-with-convex-production-costs/data/basic/instance_F10_C20_R1500__2.txt,10,20,2,0.25,7200,Static,0,0.319202,0,0,1157.67,0,0
result,/home/utr_lefebvre/AD-convex-adjustable-robust-optimization/FLP-with-convex-production-costs/data/basic/instance_F10_C20_R1500__2.txt,10,20,4,0.25,7200,Static,0,0.377041,0,0,1157.67,0,0
result,/home/utr_lefebvre/AD-convex-adjustable-robust-optimization/FLP-with-convex-production-costs/data/basic/instance_F10_C20_R1500__2.txt,10,20,6,0.25,7200,Static,0,0.319244,0,0,1157.67,0,0
result,/home/utr_lefebvre/AD-convex-adjustable-robust-optimization/FLP-with-convex-production-costs/data/basic/instance_F10_C20_R1500__3.txt,10,20,2,0.25,7200,Static,0,0.359172,0,0,1316.84,0,0
result,/home/utr_lefebvre/AD-convex-adjustable-robust-optimization/FLP-with-convex-production-costs/data/basic/instance_F10_C20_R1500__3.txt,10,20,4,0.25,7200,Static,0,0.361195,0,0,1316.84,0,0
result,/home/utr_lefebvre/AD-convex-adjustable-robust-optimization/FLP-with-convex-production-costs/data/basic/instance_F10_C20_R1500__3.txt,10,20,6,0.25,7200,Static,0,0.35907,0,0,1316.84,0,0
result,/home/utr_lefebvre/AD-convex-adjustable-robust-optimization/FLP-with-convex-production-costs/data/basic/instance_F10_C20_R1500__4.txt,10,20,2,0.25,7200,Static,0,0.462173,0,0,1572.75,0,0
result,/home/utr_lefebvre/AD-convex-adjustable-robust-optimization/FLP-with-convex-production-costs/data/basic/instance_F10_C20_R1500__4.txt,10,20,4,0.25,7200,Static,0,0.515092,0,0,1572.75,0,0
result,/home/utr_lefebvre/AD-convex-adjustable-robust-optimization/FLP-with-convex-production-costs/data/basic/instance_F10_C20_R1500__4.txt,10,20,6,0.25,7200,Static,0,0.517385,0,0,1572.75,0,0
result,/home/utr_lefebvre/AD-convex-adjustable-robust-optimization/FLP-with-convex-production-costs/data/basic/instance_F10_C20_R1500__5.txt,10,20,2,0.25,7200,Static,0,0.382707,0,0,856.674,0,0
result,/home/utr_lefebvre/AD-convex-adjustable-robust-optimization/FLP-with-convex-production-costs/data/basic/instance_F10_C20_R1500__5.txt,10,20,4,0.25,7200,Static,0,0.372501,0,0,856.674,0,0
result,/home/utr_lefebvre/AD-convex-adjustable-robust-optimization/FLP-with-convex-production-costs/data/basic/instance_F10_C20_R1500__5.txt,10,20,6,0.25,7200,Static,0,0.371375,0,0,856.674,0,0
result,/home/utr_lefebvre/AD-convex-adjustable-robust-optimization/FLP-with-convex-production-costs/data/basic/instance_F10_C20_R1500__6.txt,10,20,2,0.25,7200,Static,0,0.328781,0,0,1232.84,0,0
result,/home/utr_lefebvre/AD-convex-adjustable-robust-optimization/FLP-with-convex-production-costs/data/basic/instance_F10_C20_R1500__6.txt,10,20,4,0.25,7200,Static,0,0.331593,0,0,1232.84,0,0
result,/home/utr_lefebvre/AD-convex-adjustable-robust-optimization/FLP-with-convex-production-costs/data/basic/instance_F10_C20_R1500__6.txt,10,20,6,0.25,7200,Static,0,0.253366,0,0,1232.84,0,0
result,/home/utr_lefebvre/AD-convex-adjustable-robust-optimization/FLP-with-convex-production-costs/data/basic/instance_F10_C20_R1500__7.txt,10,20,2,0.25,7200,Static,0,0.334755,0,0,1228.08,0,0
result,/home/utr_lefebvre/AD-convex-adjustable-robust-optimization/FLP-with-convex-production-costs/data/basic/instance_F10_C20_R1500__7.txt,10,20,4,0.25,7200,Static,0,0.279184,0,0,1228.08,0,0
result,/home/utr_lefebvre/AD-convex-adjustable-robust-optimization/FLP-with-convex-production-costs/data/basic/instance_F10_C20_R1500__7.txt,10,20,6,0.25,7200,Static,0,0.295506,0,0,1228.08,0,0
result,/home/utr_lefebvre/AD-convex-adjustable-robust-optimization/FLP-with-convex-production-costs/data/basic/instance_F10_C20_R1500__8.txt,10,20,2,0.25,7200,Static,0,0.273359,0,0,1186.36,0,0
result,/home/utr_lefebvre/AD-convex-adjustable-robust-optimization/FLP-with-convex-production-costs/data/basic/instance_F10_C20_R1500__8.txt,10,20,4,0.25,7200,Static,0,0.335555,0,0,1186.36,0,0
result,/home/utr_lefebvre/AD-convex-adjustable-robust-optimization/FLP-with-convex-production-costs/data/basic/instance_F10_C20_R1500__8.txt,10,20,6,0.25,7200,Static,0,0.331804,0,0,1186.36,0,0
result,/home/utr_lefebvre/AD-convex-adjustable-robust-optimization/FLP-with-convex-production-costs/data/basic/instance_F10_C20_R1500__9.txt,10,20,2,0.25,7200,Static,0,0.263224,0,0,1157.3,0,0
result,/home/utr_lefebvre/AD-convex-adjustable-robust-optimization/FLP-with-convex-production-costs/data/basic/instance_F10_C20_R1500__9.txt,10,20,4,0.25,7200,Static,0,0.35476,0,0,1157.3,0,0
result,/home/utr_lefebvre/AD-convex-adjustable-robust-optimization/FLP-with-convex-production-costs/data/basic/instance_F10_C20_R1500__9.txt,10,20,6,0.25,7200,Static,0,0.1708,0,0,1157.3,0,0
result,/home/utr_lefebvre/AD-convex-adjustable-robust-optimization/FLP-with-convex-production-costs/data/basic/instance_F10_C20_R2000__0.txt,10,20,2,0.25,7200,Static,0,0.523208,0,0,963.24,0,0
result,/home/utr_lefebvre/AD-convex-adjustable-robust-optimization/FLP-with-convex-production-costs/data/basic/instance_F10_C20_R2000__0.txt,10,20,2,0.5,7200,Static,0,0.434753,0,0,1286.96,0,0
result,/home/utr_lefebvre/AD-convex-adjustable-robust-optimization/FLP-with-convex-production-costs/data/basic/instance_F10_C20_R2000__0.txt,10,20,4,0.25,7200,Static,0,0.525935,0,0,963.24,0,0
result,/home/utr_lefebvre/AD-convex-adjustable-robust-optimization/FLP-with-convex-production-costs/data/basic/instance_F10_C20_R2000__0.txt,10,20,4,0.5,7200,Static,0,0.456785,0,0,1286.96,0,0
result,/home/utr_lefebvre/AD-convex-adjustable-robust-optimization/FLP-with-convex-production-costs/data/basic/instance_F10_C20_R2000__0.txt,10,20,6,0.25,7200,Static,0,0.811713,0,0,963.24,0,0
result,/home/utr_lefebvre/AD-convex-adjustable-robust-optimization/FLP-with-convex-production-costs/data/basic/instance_F10_C20_R2000__0.txt,10,20,6,0.5,7200,Static,0,0.737377,0,0,1286.96,0,0
result,/home/utr_lefebvre/AD-convex-adjustable-robust-optimization/FLP-with-convex-production-costs/data/basic/instance_F10_C20_R2000__1.txt,10,20,2,0.25,7200,Static,0,0.613239,0,0,924.822,0,0
result,/home/utr_lefebvre/AD-convex-adjustable-robust-optimization/FLP-with-convex-production-costs/data/basic/instance_F10_C20_R2000__1.txt,10,20,2,0.5,7200,Static,0,0.542512,0,0,1179.53,0,0
result,/home/utr_lefebvre/AD-convex-adjustable-robust-optimization/FLP-with-convex-production-costs/data/basic/instance_F10_C20_R2000__1.txt,10,20,4,0.25,7200,Static,0,0.684017,0,0,924.822,0,0
result,/home/utr_lefebvre/AD-convex-adjustable-robust-optimization/FLP-with-convex-production-costs/data/basic/instance_F10_C20_R2000__1.txt,10,20,4,0.5,7200,Static,0,0.615421,0,0,1179.53,0,0
result,/home/utr_lefebvre/AD-convex-adjustable-robust-optimization/FLP-with-convex-production-costs/data/basic/instance_F10_C20_R2000__1.txt,10,20,6,0.25,7200,Static,0,0.680763,0,0,924.822,0,0
result,/home/utr_lefebvre/AD-convex-adjustable-robust-optimization/FLP-with-convex-production-costs/data/basic/instance_F10_C20_R2000__1.txt,10,20,6,0.5,7200,Static,0,0.615592,0,0,1179.53,0,0
result,/home/utr_lefebvre/AD-convex-adjustable-robust-optimization/FLP-with-convex-production-costs/data/basic/instance_F10_C20_R2000__2.txt,10,20,2,0.25,7200,Static,0,0.982843,0,0,907.896,0,0
result,/home/utr_lefebvre/AD-convex-adjustable-robust-optimization/FLP-with-convex-production-costs/data/basic/instance_F10_C20_R2000__2.txt,10,20,2,0.5,7200,Static,0,0.788761,0,0,1141.23,0,0
result,/home/utr_lefebvre/AD-convex-adjustable-robust-optimization/FLP-with-convex-production-costs/data/basic/instance_F10_C20_R2000__2.txt,10,20,4,0.25,7200,Static,0,0.980507,0,0,907.896,0,0
result,/home/utr_lefebvre/AD-convex-adjustable-robust-optimization/FLP-with-convex-production-costs/data/basic/instance_F10_C20_R2000__2.txt,10,20,4,0.5,7200,Static,0,0.484737,0,0,1141.23,0,0
result,/home/utr_lefebvre/AD-convex-adjustable-robust-optimization/FLP-with-convex-production-costs/data/basic/instance_F10_C20_R2000__2.txt,10,20,6,0.25,7200,Static,0,0.674047,0,0,907.896,0,0
result,/home/utr_lefebvre/AD-convex-adjustable-robust-optimization/FLP-with-convex-production-costs/data/basic/instance_F10_C20_R2000__2.txt,10,20,6,0.5,7200,Static,0,0.483852,0,0,1141.23,0,0
result,/home/utr_lefebvre/AD-convex-adjustable-robust-optimization/FLP-with-convex-production-costs/data/basic/instance_F10_C20_R2000__3.txt,10,20,2,0.25,7200,Static,0,0.453537,0,0,564.873,0,0
result,/home/utr_lefebvre/AD-convex-adjustable-robust-optimization/FLP-with-convex-production-costs/data/basic/instance_F10_C20_R2000__3.txt,10,20,2,0.5,7200,Static,0,0.560179,0,0,756.6,0,0
result,/home/utr_lefebvre/AD-convex-adjustable-robust-optimization/FLP-with-convex-production-costs/data/basic/instance_F10_C20_R2000__3.txt,10,20,4,0.25,7200,Static,0,0.71546,0,0,564.873,0,0
result,/home/utr_lefebvre/AD-convex-adjustable-robust-optimization/FLP-with-convex-production-costs/data/basic/instance_F10_C20_R2000__3.txt,10,20,4,0.5,7200,Static,0,0.559992,0,0,756.6,0,0
result,/home/utr_lefebvre/AD-convex-adjustable-robust-optimization/FLP-with-convex-production-costs/data/basic/instance_F10_C20_R2000__3.txt,10,20,6,0.25,7200,Static,0,0.412882,0,0,564.873,0,0
result,/home/utr_lefebvre/AD-convex-adjustable-robust-optimization/FLP-with-convex-production-costs/data/basic/instance_F10_C20_R2000__3.txt,10,20,6,0.5,7200,Static,0,0.289727,0,0,756.6,0,0
result,/home/utr_lefebvre/AD-convex-adjustable-robust-optimization/FLP-with-convex-production-costs/data/basic/instance_F10_C20_R2000__4.txt,10,20,2,0.25,7200,Static,0,0.389582,0,0,615.215,0,0
result,/home/utr_lefebvre/AD-convex-adjustable-robust-optimization/FLP-with-convex-production-costs/data/basic/instance_F10_C20_R2000__4.txt,10,20,2,0.5,7200,Static,0,0.249549,0,0,854.143,0,0
result,/home/utr_lefebvre/AD-convex-adjustable-robust-optimization/FLP-with-convex-production-costs/data/basic/instance_F10_C20_R2000__4.txt,10,20,4,0.25,7200,Static,0,0.39003,0,0,615.215,0,0
result,/home/utr_lefebvre/AD-convex-adjustable-robust-optimization/FLP-with-convex-production-costs/data/basic/instance_F10_C20_R2000__4.txt,10,20,4,0.5,7200,Static,0,0.24916,0,0,854.143,0,0
result,/home/utr_lefebvre/AD-convex-adjustable-robust-optimization/FLP-with-convex-production-costs/data/basic/instance_F10_C20_R2000__4.txt,10,20,6,0.25,7200,Static,0,0.390031,0,0,615.215,0,0
result,/home/utr_lefebvre/AD-convex-adjustable-robust-optimization/FLP-with-convex-production-costs/data/basic/instance_F10_C20_R2000__4.txt,10,20,6,0.5,7200,Static,0,0.267451,0,0,854.143,0,0
result,/home/utr_lefebvre/AD-convex-adjustable-robust-optimization/FLP-with-convex-production-costs/data/basic/instance_F10_C20_R2000__5.txt,10,20,2,0.25,7200,Static,0,0.515184,0,0,775.491,0,0
result,/home/utr_lefebvre/AD-convex-adjustable-robust-optimization/FLP-with-convex-production-costs/data/basic/instance_F10_C20_R2000__5.txt,10,20,2,0.5,7200,Static,0,0.386287,0,0,1058.99,0,0
result,/home/utr_lefebvre/AD-convex-adjustable-robust-optimization/FLP-with-convex-production-costs/data/basic/instance_F10_C20_R2000__5.txt,10,20,4,0.25,7200,Static,0,0.514732,0,0,775.491,0,0
result,/home/utr_lefebvre/AD-convex-adjustable-robust-optimization/FLP-with-convex-production-costs/data/basic/instance_F10_C20_R2000__5.txt,10,20,4,0.5,7200,Static,0,0.385824,0,0,1058.99,0,0
result,/home/utr_lefebvre/AD-convex-adjustable-robust-optimization/FLP-with-convex-production-costs/data/basic/instance_F10_C20_R2000__5.txt,10,20,6,0.25,7200,Static,0,0.515643,0,0,775.491,0,0
result,/home/utr_lefebvre/AD-convex-adjustable-robust-optimization/FLP-with-convex-production-costs/data/basic/instance_F10_C20_R2000__5.txt,10,20,6,0.5,7200,Static,0,0.385854,0,0,1058.99,0,0
result,/home/utr_lefebvre/AD-convex-adjustable-robust-optimization/FLP-with-convex-production-costs/data/basic/instance_F10_C20_R2000__6.txt,10,20,2,0.25,7200,Static,0,0.504778,0,0,733.712,0,0
result,/home/utr_lefebvre/AD-convex-adjustable-robust-optimization/FLP-with-convex-production-costs/data/basic/instance_F10_C20_R2000__6.txt,10,20,2,0.5,7200,Static,0,0.459231,0,0,1052.26,0,0
result,/home/utr_lefebvre/AD-convex-adjustable-robust-optimization/FLP-with-convex-production-costs/data/basic/instance_F10_C20_R2000__6.txt,10,20,4,0.25,7200,Static,0,0.505675,0,0,733.712,0,0
result,/home/utr_lefebvre/AD-convex-adjustable-robust-optimization/FLP-with-convex-production-costs/data/basic/instance_F10_C20_R2000__6.txt,10,20,4,0.5,7200,Static,0,0.456604,0,0,1052.26,0,0
result,/home/utr_lefebvre/AD-convex-adjustable-robust-optimization/FLP-with-convex-production-costs/data/basic/instance_F10_C20_R2000__6.txt,10,20,6,0.25,7200,Static,0,0.501188,0,0,733.712,0,0
result,/home/utr_lefebvre/AD-convex-adjustable-robust-optimization/FLP-with-convex-production-costs/data/basic/instance_F10_C20_R2000__6.txt,10,20,6,0.5,7200,Static,0,0.456122,0,0,1052.26,0,0
result,/home/utr_lefebvre/AD-convex-adjustable-robust-optimization/FLP-with-convex-production-costs/data/basic/instance_F10_C20_R2000__7.txt,10,20,2,0.25,7200,Static,0,0.595735,0,0,455.47,0,0
result,/home/utr_lefebvre/AD-convex-adjustable-robust-optimization/FLP-with-convex-production-costs/data/basic/instance_F10_C20_R2000__7.txt,10,20,2,0.5,7200,Static,0,0.54143,0,0,616.311,0,0
result,/home/utr_lefebvre/AD-convex-adjustable-robust-optimization/FLP-with-convex-production-costs/data/basic/instance_F10_C20_R2000__7.txt,10,20,4,0.25,7200,Static,0,0.607604,0,0,455.47,0,0
result,/home/utr_lefebvre/AD-convex-adjustable-robust-optimization/FLP-with-convex-production-costs/data/basic/instance_F10_C20_R2000__7.txt,10,20,4,0.5,7200,Static,0,0.541679,0,0,616.311,0,0
result,/home/utr_lefebvre/AD-convex-adjustable-robust-optimization/FLP-with-convex-production-costs/data/basic/instance_F10_C20_R2000__7.txt,10,20,6,0.25,7200,Static,0,0.639861,0,0,455.47,0,0
result,/home/utr_lefebvre/AD-convex-adjustable-robust-optimization/FLP-with-convex-production-costs/data/basic/instance_F10_C20_R2000__7.txt,10,20,6,0.5,7200,Static,0,0.531508,0,0,616.311,0,0
result,/home/utr_lefebvre/AD-convex-adjustable-robust-optimization/FLP-with-convex-production-costs/data/basic/instance_F10_C20_R2000__8.txt,10,20,2,0.25,7200,Static,0,0.518707,0,0,929.076,0,0
result,/home/utr_lefebvre/AD-convex-adjustable-robust-optimization/FLP-with-convex-production-costs/data/basic/instance_F10_C20_R2000__8.txt,10,20,2,0.5,7200,Static,0,0.546254,0,0,1261.87,0,0
result,/home/utr_lefebvre/AD-convex-adjustable-robust-optimization/FLP-with-convex-production-costs/data/basic/instance_F10_C20_R2000__8.txt,10,20,4,0.25,7200,Static,0,0.523899,0,0,929.076,0,0
result,/home/utr_lefebvre/AD-convex-adjustable-robust-optimization/FLP-with-convex-production-costs/data/basic/instance_F10_C20_R2000__8.txt,10,20,4,0.5,7200,Static,0,0.547591,0,0,1261.87,0,0
result,/home/utr_lefebvre/AD-convex-adjustable-robust-optimization/FLP-with-convex-production-costs/data/basic/instance_F10_C20_R2000__8.txt,10,20,6,0.25,7200,Static,0,0.527479,0,0,929.076,0,0
result,/home/utr_lefebvre/AD-convex-adjustable-robust-optimization/FLP-with-convex-production-costs/data/basic/instance_F10_C20_R2000__8.txt,10,20,6,0.5,7200,Static,0,0.545005,0,0,1261.87,0,0
result,/home/utr_lefebvre/AD-convex-adjustable-robust-optimization/FLP-with-convex-production-costs/data/basic/instance_F10_C20_R2000__9.txt,10,20,2,0.25,7200,Static,0,0.491762,0,0,725.52,0,0
result,/home/utr_lefebvre/AD-convex-adjustable-robust-optimization/FLP-with-convex-production-costs/data/basic/instance_F10_C20_R2000__9.txt,10,20,2,0.5,7200,Static,0,0.522384,0,0,974.7,0,0
result,/home/utr_lefebvre/AD-convex-adjustable-robust-optimization/FLP-with-convex-production-costs/data/basic/instance_F10_C20_R2000__9.txt,10,20,4,0.25,7200,Static,0,0.460681,0,0,725.52,0,0
result,/home/utr_lefebvre/AD-convex-adjustable-robust-optimization/FLP-with-convex-production-costs/data/basic/instance_F10_C20_R2000__9.txt,10,20,4,0.5,7200,Static,0,0.512942,0,0,974.7,0,0
result,/home/utr_lefebvre/AD-convex-adjustable-robust-optimization/FLP-with-convex-production-costs/data/basic/instance_F10_C20_R2000__9.txt,10,20,6,0.25,7200,Static,0,0.470441,0,0,725.52,0,0
result,/home/utr_lefebvre/AD-convex-adjustable-robust-optimization/FLP-with-convex-production-costs/data/basic/instance_F10_C20_R2000__9.txt,10,20,6,0.5,7200,Static,0,0.497814,0,0,974.7,0,0
result,/home/utr_lefebvre/AD-convex-adjustable-robust-optimization/FLP-with-convex-production-costs/data/basic/instance_F15_C30_R1500__0.txt,15,30,3,0.25,7200,Static,0,1.3494,0,0,1519.51,0,0
result,/home/utr_lefebvre/AD-convex-adjustable-robust-optimization/FLP-with-convex-production-costs/data/basic/instance_F15_C30_R1500__0.txt,15,30,6,0.25,7200,Static,0,1.02588,0,0,1519.51,0,0
result,/home/utr_lefebvre/AD-convex-adjustable-robust-optimization/FLP-with-convex-production-costs/data/basic/instance_F15_C30_R1500__0.txt,15,30,9,0.25,7200,Static,0,1.34027,0,0,1519.51,0,0
result,/home/utr_lefebvre/AD-convex-adjustable-robust-optimization/FLP-with-convex-production-costs/data/basic/instance_F15_C30_R1500__1.txt,15,30,3,0.25,7200,Static,0,0.599136,0,0,1287.84,0,0
result,/home/utr_lefebvre/AD-convex-adjustable-robust-optimization/FLP-with-convex-production-costs/data/basic/instance_F15_C30_R1500__1.txt,15,30,6,0.25,7200,Static,0,0.588416,0,0,1287.84,0,0
result,/home/utr_lefebvre/AD-convex-adjustable-robust-optimization/FLP-with-convex-production-costs/data/basic/instance_F15_C30_R1500__1.txt,15,30,9,0.25,7200,Static,0,0.647223,0,0,1287.84,0,0
result,/home/utr_lefebvre/AD-convex-adjustable-robust-optimization/FLP-with-convex-production-costs/data/basic/instance_F15_C30_R1500__2.txt,15,30,3,0.25,7200,Static,0,1.41347,0,0,2080.18,0,0
result,/home/utr_lefebvre/AD-convex-adjustable-robust-optimization/FLP-with-convex-production-costs/data/basic/instance_F15_C30_R1500__2.txt,15,30,6,0.25,7200,Static,0,1.41594,0,0,2080.18,0,0
result,/home/utr_lefebvre/AD-convex-adjustable-robust-optimization/FLP-with-convex-production-costs/data/basic/instance_F15_C30_R1500__2.txt,15,30,9,0.25,7200,Static,0,1.39303,0,0,2080.18,0,0
result,/home/utr_lefebvre/AD-convex-adjustable-robust-optimization/FLP-with-convex-production-costs/data/basic/instance_F15_C30_R1500__3.txt,15,30,3,0.25,7200,Static,0,0.71361,0,0,1928.67,0,0
result,/home/utr_lefebvre/AD-convex-adjustable-robust-optimization/FLP-with-convex-production-costs/data/basic/instance_F15_C30_R1500__3.txt,15,30,6,0.25,7200,Static,0,0.71588,0,0,1928.67,0,0
result,/home/utr_lefebvre/AD-convex-adjustable-robust-optimization/FLP-with-convex-production-costs/data/basic/instance_F15_C30_R1500__3.txt,15,30,9,0.25,7200,Static,0,0.759562,0,0,1928.67,0,0
result,/home/utr_lefebvre/AD-convex-adjustable-robust-optimization/FLP-with-convex-production-costs/data/basic/instance_F15_C30_R1500__4.txt,15,30,3,0.25,7200,Static,0,0.852496,0,0,1891.37,0,0
result,/home/utr_lefebvre/AD-convex-adjustable-robust-optimization/FLP-with-convex-production-costs/data/basic/instance_F15_C30_R1500__4.txt,15,30,6,0.25,7200,Static,0,0.806642,0,0,1891.37,0,0
result,/home/utr_lefebvre/AD-convex-adjustable-robust-optimization/FLP-with-convex-production-costs/data/basic/instance_F15_C30_R1500__4.txt,15,30,9,0.25,7200,Static,0,0.806397,0,0,1891.37,0,0
result,/home/utr_lefebvre/AD-convex-adjustable-robust-optimization/FLP-with-convex-production-costs/data/basic/instance_F15_C30_R1500__5.txt,15,30,3,0.25,7200,Static,0,1.15508,0,0,1825.28,0,0
result,/home/utr_lefebvre/AD-convex-adjustable-robust-optimization/FLP-with-convex-production-costs/data/basic/instance_F15_C30_R1500__5.txt,15,30,6,0.25,7200,Static,0,1.08571,0,0,1825.28,0,0
result,/home/utr_lefebvre/AD-convex-adjustable-robust-optimization/FLP-with-convex-production-costs/data/basic/instance_F15_C30_R1500__5.txt,15,30,9,0.25,7200,Static,0,1.06847,0,0,1825.28,0,0
result,/home/utr_lefebvre/AD-convex-adjustable-robust-optimization/FLP-with-convex-production-costs/data/basic/instance_F15_C30_R1500__6.txt,15,30,3,0.25,7200,Static,0,0.790088,0,0,1433.34,0,0
result,/home/utr_lefebvre/AD-convex-adjustable-robust-optimization/FLP-with-convex-production-costs/data/basic/instance_F15_C30_R1500__6.txt,15,30,6,0.25,7200,Static,0,0.823211,0,0,1433.34,0,0
result,/home/utr_lefebvre/AD-convex-adjustable-robust-optimization/FLP-with-convex-production-costs/data/basic/instance_F15_C30_R1500__6.txt,15,30,9,0.25,7200,Static,0,0.878988,0,0,1433.34,0,0
result,/home/utr_lefebvre/AD-convex-adjustable-robust-optimization/FLP-with-convex-production-costs/data/basic/instance_F15_C30_R1500__7.txt,15,30,3,0.25,7200,Static,0,0.740858,0,0,1444,0,0
result,/home/utr_lefebvre/AD-convex-adjustable-robust-optimization/FLP-with-convex-production-costs/data/basic/instance_F15_C30_R1500__7.txt,15,30,6,0.25,7200,Static,0,0.741647,0,0,1444,0,0
result,/home/utr_lefebvre/AD-convex-adjustable-robust-optimization/FLP-with-convex-production-costs/data/basic/instance_F15_C30_R1500__7.txt,15,30,9,0.25,7200,Static,0,0.680626,0,0,1444,0,0
result,/home/utr_lefebvre/AD-convex-adjustable-robust-optimization/FLP-with-convex-production-costs/data/basic/instance_F15_C30_R1500__8.txt,15,30,3,0.25,7200,Static,0,0.639928,0,0,1701.52,0,0
result,/home/utr_lefebvre/AD-convex-adjustable-robust-optimization/FLP-with-convex-production-costs/data/basic/instance_F15_C30_R1500__8.txt,15,30,6,0.25,7200,Static,0,0.597077,0,0,1701.52,0,0
result,/home/utr_lefebvre/AD-convex-adjustable-robust-optimization/FLP-with-convex-production-costs/data/basic/instance_F15_C30_R1500__8.txt,15,30,9,0.25,7200,Static,0,0.640147,0,0,1701.52,0,0
result,/home/utr_lefebvre/AD-convex-adjustable-robust-optimization/FLP-with-convex-production-costs/data/basic/instance_F15_C30_R1500__9.txt,15,30,3,0.25,7200,Static,0,0.875888,0,0,1853.65,0,0
result,/home/utr_lefebvre/AD-convex-adjustable-robust-optimization/FLP-with-convex-production-costs/data/basic/instance_F15_C30_R1500__9.txt,15,30,6,0.25,7200,Static,0,0.875874,0,0,1853.65,0,0
result,/home/utr_lefebvre/AD-convex-adjustable-robust-optimization/FLP-with-convex-production-costs/data/basic/instance_F15_C30_R1500__9.txt,15,30,9,0.25,7200,Static,0,0.876603,0,0,1853.65,0,0
result,/home/utr_lefebvre/AD-convex-adjustable-robust-optimization/FLP-with-convex-production-costs/data/basic/instance_F15_C30_R2000__0.txt,15,30,3,0.25,7200,Static,0,2.00621,0,0,949.334,0,0
result,/home/utr_lefebvre/AD-convex-adjustable-robust-optimization/FLP-with-convex-production-costs/data/basic/instance_F15_C30_R2000__0.txt,15,30,3,0.5,7200,Static,0,1.67087,0,0,1277.4,0,0
result,/home/utr_lefebvre/AD-convex-adjustable-robust-optimization/FLP-with-convex-production-costs/data/basic/instance_F15_C30_R2000__0.txt,15,30,6,0.25,7200,Static,0,2.37049,0,0,949.334,0,0
result,/home/utr_lefebvre/AD-convex-adjustable-robust-optimization/FLP-with-convex-production-costs/data/basic/instance_F15_C30_R2000__0.txt,15,30,6,0.5,7200,Static,0,1.67372,0,0,1277.4,0,0
result,/home/utr_lefebvre/AD-convex-adjustable-robust-optimization/FLP-with-convex-production-costs/data/basic/instance_F15_C30_R2000__0.txt,15,30,9,0.25,7200,Static,0,2.33851,0,0,949.334,0,0
result,/home/utr_lefebvre/AD-convex-adjustable-robust-optimization/FLP-with-convex-production-costs/data/basic/instance_F15_C30_R2000__0.txt,15,30,9,0.5,7200,Static,0,1.61369,0,0,1277.4,0,0
result,/home/utr_lefebvre/AD-convex-adjustable-robust-optimization/FLP-with-convex-production-costs/data/basic/instance_F15_C30_R2000__1.txt,15,30,3,0.25,7200,Static,0,1.77626,0,0,1187.26,0,0
result,/home/utr_lefebvre/AD-convex-adjustable-robust-optimization/FLP-with-convex-production-costs/data/basic/instance_F15_C30_R2000__1.txt,15,30,3,0.5,7200,Static,0,1.05701,0,0,1681.88,0,0
result,/home/utr_lefebvre/AD-convex-adjustable-robust-optimization/FLP-with-convex-production-costs/data/basic/instance_F15_C30_R2000__1.txt,15,30,6,0.25,7200,Static,0,1.76723,0,0,1187.26,0,0
result,/home/utr_lefebvre/AD-convex-adjustable-robust-optimization/FLP-with-convex-production-costs/data/basic/instance_F15_C30_R2000__1.txt,15,30,6,0.5,7200,Static,0,1.0571,0,0,1681.88,0,0
result,/home/utr_lefebvre/AD-convex-adjustable-robust-optimization/FLP-with-convex-production-costs/data/basic/instance_F15_C30_R2000__1.txt,15,30,9,0.25,7200,Static,0,1.77274,0,0,1187.26,0,0
result,/home/utr_lefebvre/AD-convex-adjustable-robust-optimization/FLP-with-convex-production-costs/data/basic/instance_F15_C30_R2000__1.txt,15,30,9,0.5,7200,Static,0,1.0527,0,0,1681.88,0,0
result,/home/utr_lefebvre/AD-convex-adjustable-robust-optimization/FLP-with-convex-production-costs/data/basic/instance_F15_C30_R2000__2.txt,15,30,3,0.25,7200,Static,0,2.19088,0,0,1176.27,0,0
result,/home/utr_lefebvre/AD-convex-adjustable-robust-optimization/FLP-with-convex-production-costs/data/basic/instance_F15_C30_R2000__2.txt,15,30,3,0.5,7200,Static,0,1.68028,0,0,1539.02,0,0
result,/home/utr_lefebvre/AD-convex-adjustable-robust-optimization/FLP-with-convex-production-costs/data/basic/instance_F15_C30_R2000__2.txt,15,30,6,0.25,7200,Static,0,2.19828,0,0,1176.27,0,0
result,/home/utr_lefebvre/AD-convex-adjustable-robust-optimization/FLP-with-convex-production-costs/data/basic/instance_F15_C30_R2000__2.txt,15,30,6,0.5,7200,Static,0,1.67672,0,0,1539.02,0,0
result,/home/utr_lefebvre/AD-convex-adjustable-robust-optimization/FLP-with-convex-production-costs/data/basic/instance_F15_C30_R2000__2.txt,15,30,9,0.25,7200,Static,0,2.2025,0,0,1176.27,0,0
result,/home/utr_lefebvre/AD-convex-adjustable-robust-optimization/FLP-with-convex-production-costs/data/basic/instance_F15_C30_R2000__2.txt,15,30,9,0.5,7200,Static,0,1.67248,0,0,1539.02,0,0
result,/home/utr_lefebvre/AD-convex-adjustable-robust-optimization/FLP-with-convex-production-costs/data/basic/instance_F15_C30_R2000__3.txt,15,30,3,0.25,7200,Static,0,1.40316,0,0,1274.09,0,0
result,/home/utr_lefebvre/AD-convex-adjustable-robust-optimization/FLP-with-convex-production-costs/data/basic/instance_F15_C30_R2000__3.txt,15,30,3,0.5,7200,Static,0,1.26101,0,0,1724.22,0,0
result,/home/utr_lefebvre/AD-convex-adjustable-robust-optimization/FLP-with-convex-production-costs/data/basic/instance_F15_C30_R2000__3.txt,15,30,6,0.25,7200,Static,0,1.43175,0,0,1274.09,0,0
result,/home/utr_lefebvre/AD-convex-adjustable-robust-optimization/FLP-with-convex-production-costs/data/basic/instance_F15_C30_R2000__3.txt,15,30,6,0.5,7200,Static,0,1.26497,0,0,1724.22,0,0
result,/home/utr_lefebvre/AD-convex-adjustable-robust-optimization/FLP-with-convex-production-costs/data/basic/instance_F15_C30_R2000__3.txt,15,30,9,0.25,7200,Static,0,1.32051,0,0,1274.09,0,0
result,/home/utr_lefebvre/AD-convex-adjustable-robust-optimization/FLP-with-convex-production-costs/data/basic/instance_F15_C30_R2000__3.txt,15,30,9,0.5,7200,Static,0,1.1576,0,0,1724.22,0,0
result,/home/utr_lefebvre/AD-convex-adjustable-robust-optimization/FLP-with-convex-production-costs/data/basic/instance_F15_C30_R2000__4.txt,15,30,3,0.25,7200,Static,0,1.76086,0,0,1141.15,0,0
result,/home/utr_lefebvre/AD-convex-adjustable-robust-optimization/FLP-with-convex-production-costs/data/basic/instance_F15_C30_R2000__4.txt,15,30,3,0.5,7200,Static,0,1.27679,0,0,1553.46,0,0
result,/home/utr_lefebvre/AD-convex-adjustable-robust-optimization/FLP-with-convex-production-costs/data/basic/instance_F15_C30_R2000__4.txt,15,30,6,0.25,7200,Static,0,1.67732,0,0,1141.15,0,0
result,/home/utr_lefebvre/AD-convex-adjustable-robust-optimization/FLP-with-convex-production-costs/data/basic/instance_F15_C30_R2000__4.txt,15,30,6,0.5,7200,Static,0,1.23232,0,0,1553.46,0,0
result,/home/utr_lefebvre/AD-convex-adjustable-robust-optimization/FLP-with-convex-production-costs/data/basic/instance_F15_C30_R2000__4.txt,15,30,9,0.25,7200,Static,0,1.69102,0,0,1141.15,0,0
result,/home/utr_lefebvre/AD-convex-adjustable-robust-optimization/FLP-with-convex-production-costs/data/basic/instance_F15_C30_R2000__4.txt,15,30,9,0.5,7200,Static,0,1.17488,0,0,1553.46,0,0
result,/home/utr_lefebvre/AD-convex-adjustable-robust-optimization/FLP-with-convex-production-costs/data/basic/instance_F15_C30_R2000__5.txt,15,30,3,0.25,7200,Static,0,1.26851,0,0,1223,0,0
result,/home/utr_lefebvre/AD-convex-adjustable-robust-optimization/FLP-with-convex-production-costs/data/basic/instance_F15_C30_R2000__5.txt,15,30,3,0.5,7200,Static,0,1.38129,0,0,1656.5,0,0
result,/home/utr_lefebvre/AD-convex-adjustable-robust-optimization/FLP-with-convex-production-costs/data/basic/instance_F15_C30_R2000__5.txt,15,30,6,0.25,7200,Static,0,1.2737,0,0,1223,0,0
result,/home/utr_lefebvre/AD-convex-adjustable-robust-optimization/FLP-with-convex-production-costs/data/basic/instance_F15_C30_R2000__5.txt,15,30,6,0.5,7200,Static,0,1.52135,0,0,1656.5,0,0
result,/home/utr_lefebvre/AD-convex-adjustable-robust-optimization/FLP-with-convex-production-costs/data/basic/instance_F15_C30_R2000__5.txt,15,30,9,0.25,7200,Static,0,1.41068,0,0,1223,0,0
result,/home/utr_lefebvre/AD-convex-adjustable-robust-optimization/FLP-with-convex-production-costs/data/basic/instance_F15_C30_R2000__5.txt,15,30,9,0.5,7200,Static,0,1.52364,0,0,1656.5,0,0
result,/home/utr_lefebvre/AD-convex-adjustable-robust-optimization/FLP-with-convex-production-costs/data/basic/instance_F15_C30_R2000__6.txt,15,30,3,0.25,7200,Static,0,1.77884,0,0,1174.97,0,0
result,/home/utr_lefebvre/AD-convex-adjustable-robust-optimization/FLP-with-convex-production-costs/data/basic/instance_F15_C30_R2000__6.txt,15,30,3,0.5,7200,Static,0,1.55241,0,0,1609.18,0,0
result,/home/utr_lefebvre/AD-convex-adjustable-robust-optimization/FLP-with-convex-production-costs/data/basic/instance_F15_C30_R2000__6.txt,15,30,6,0.25,7200,Static,0,1.783,0,0,1174.97,0,0
result,/home/utr_lefebvre/AD-convex-adjustable-robust-optimization/FLP-with-convex-production-costs/data/basic/instance_F15_C30_R2000__6.txt,15,30,6,0.5,7200,Static,0,1.55899,0,0,1609.18,0,0
result,/home/utr_lefebvre/AD-convex-adjustable-robust-optimization/FLP-with-convex-production-costs/data/basic/instance_F15_C30_R2000__6.txt,15,30,9,0.25,7200,Static,0,1.82624,0,0,1174.97,0,0
result,/home/utr_lefebvre/AD-convex-adjustable-robust-optimization/FLP-with-convex-production-costs/data/basic/instance_F15_C30_R2000__6.txt,15,30,9,0.5,7200,Static,0,1.59814,0,0,1609.18,0,0
result,/home/utr_lefebvre/AD-convex-adjustable-robust-optimization/FLP-with-convex-production-costs/data/basic/instance_F15_C30_R2000__7.txt,15,30,3,0.25,7200,Static,0,1.82117,0,0,1077.23,0,0
result,/home/utr_lefebvre/AD-convex-adjustable-robust-optimization/FLP-with-convex-production-costs/data/basic/instance_F15_C30_R2000__7.txt,15,30,3,0.5,7200,Static,0,1.62423,0,0,1457.46,0,0
result,/home/utr_lefebvre/AD-convex-adjustable-robust-optimization/FLP-with-convex-production-costs/data/basic/instance_F15_C30_R2000__7.txt,15,30,6,0.25,7200,Static,0,1.67208,0,0,1077.23,0,0
result,/home/utr_lefebvre/AD-convex-adjustable-robust-optimization/FLP-with-convex-production-costs/data/basic/instance_F15_C30_R2000__7.txt,15,30,6,0.5,7200,Static,0,1.47041,0,0,1457.46,0,0
result,/home/utr_lefebvre/AD-convex-adjustable-robust-optimization/FLP-with-convex-production-costs/data/basic/instance_F15_C30_R2000__7.txt,15,30,9,0.25,7200,Static,0,1.54521,0,0,1077.23,0,0
result,/home/utr_lefebvre/AD-convex-adjustable-robust-optimization/FLP-with-convex-production-costs/data/basic/instance_F15_C30_R2000__7.txt,15,30,9,0.5,7200,Static,0,1.47697,0,0,1457.46,0,0
result,/home/utr_lefebvre/AD-convex-adjustable-robust-optimization/FLP-with-convex-production-costs/data/basic/instance_F15_C30_R2000__8.txt,15,30,3,0.25,7200,Static,0,1.96606,0,0,1152.44,0,0
result,/home/utr_lefebvre/AD-convex-adjustable-robust-optimization/FLP-with-convex-production-costs/data/basic/instance_F15_C30_R2000__8.txt,15,30,3,0.5,7200,Static,0,1.61174,0,0,1542.58,0,0
result,/home/utr_lefebvre/AD-convex-adjustable-robust-optimization/FLP-with-convex-production-costs/data/basic/instance_F15_C30_R2000__8.txt,15,30,6,0.25,7200,Static,0,1.97407,0,0,1152.44,0,0
result,/home/utr_lefebvre/AD-convex-adjustable-robust-optimization/FLP-with-convex-production-costs/data/basic/instance_F15_C30_R2000__8.txt,15,30,6,0.5,7200,Static,0,1.67192,0,0,1542.58,0,0
result,/home/utr_lefebvre/AD-convex-adjustable-robust-optimization/FLP-with-convex-production-costs/data/basic/instance_F15_C30_R2000__8.txt,15,30,9,0.25,7200,Static,0,2.06407,0,0,1152.44,0,0
result,/home/utr_lefebvre/AD-convex-adjustable-robust-optimization/FLP-with-convex-production-costs/data/basic/instance_F15_C30_R2000__8.txt,15,30,9,0.5,7200,Static,0,1.66499,0,0,1542.58,0,0
result,/home/utr_lefebvre/AD-convex-adjustable-robust-optimization/FLP-with-convex-production-costs/data/basic/instance_F15_C30_R2000__9.txt,15,30,3,0.25,7200,Static,0,2.28872,0,0,1280.16,0,0
result,/home/utr_lefebvre/AD-convex-adjustable-robust-optimization/FLP-with-convex-production-costs/data/basic/instance_F15_C30_R2000__9.txt,15,30,3,0.5,7200,Static,0,1.00315,0,0,1639.37,0,0
result,/home/utr_lefebvre/AD-convex-adjustable-robust-optimization/FLP-with-convex-production-costs/data/basic/instance_F15_C30_R2000__9.txt,15,30,6,0.25,7200,Static,0,2.27802,0,0,1280.16,0,0
result,/home/utr_lefebvre/AD-convex-adjustable-robust-optimization/FLP-with-convex-production-costs/data/basic/instance_F15_C30_R2000__9.txt,15,30,6,0.5,7200,Static,0,1.01007,0,0,1639.37,0,0
result,/home/utr_lefebvre/AD-convex-adjustable-robust-optimization/FLP-with-convex-production-costs/data/basic/instance_F15_C30_R2000__9.txt,15,30,9,0.25,7200,Static,0,1.99892,0,0,1280.16,0,0
result,/home/utr_lefebvre/AD-convex-adjustable-robust-optimization/FLP-with-convex-production-costs/data/basic/instance_F15_C30_R2000__9.txt,15,30,9,0.5,7200,Static,0,0.84646,0,0,1639.37,0,0
