slurm-9323482.out:result,/home/utr_lefebvre/AF-bilevel-ccg/code/data/milp/BCPIns_8_7_10.txt_trad.txt_K5.aux,19,1,8,28,8,9,19,19,0.342684,0.166931,0.069711,2,2,17,0,
slurm-9323483.out:result,/home/utr_lefebvre/AF-bilevel-ccg/code/data/milp/BCPIns_8_7_1.txt_trad.txt_K5.aux,19,1,8,28,8,9,19,19,0.623848,0.335005,0.165728,2,2,17,0,
slurm-9323484.out:result,/home/utr_lefebvre/AF-bilevel-ccg/code/data/milp/BCPIns_8_7_2.txt_trad.txt_K5.aux,19,1,8,28,8,9,19,19,0.645625,0.412002,0.109931,2,2,18,0,
slurm-9323485.out:result,/home/utr_lefebvre/AF-bilevel-ccg/code/data/milp/BCPIns_8_7_3.txt_trad.txt_K5.aux,19,1,8,28,8,9,19,19,0.608582,0.336332,0.176304,2,2,14,0,
slurm-9323486.out:result,/home/utr_lefebvre/AF-bilevel-ccg/code/data/milp/BCPIns_8_7_4.txt_trad.txt_K5.aux,19,1,8,28,8,9,19,19,0.624995,0.425395,0.108966,3,3,13,0,
slurm-9323487.out:result,/home/utr_lefebvre/AF-bilevel-ccg/code/data/milp/BCPIns_8_7_5.txt_trad.txt_K5.aux,19,1,8,28,8,9,19,19,0.245609,0.102857,0.058769,2,2,15,0,
slurm-9323488.out:result,/home/utr_lefebvre/AF-bilevel-ccg/code/data/milp/BCPIns_8_7_6.txt_trad.txt_K5.aux,19,1,8,28,8,9,19,19,0.255646,0.115747,0.050632,2,2,18,0,
slurm-9323489.out:result,/home/utr_lefebvre/AF-bilevel-ccg/code/data/milp/BCPIns_8_7_7.txt_trad.txt_K5.aux,19,1,8,28,8,9,19,19,0.320357,0.185471,0.044097,3,3,17,0,
slurm-9323490.out:result,/home/utr_lefebvre/AF-bilevel-ccg/code/data/milp/BCPIns_8_7_8.txt_trad.txt_K5.aux,19,1,8,28,8,9,19,19,0.476702,0.247636,0.118545,2,2,17,0,
slurm-9323491.out:result,/home/utr_lefebvre/AF-bilevel-ccg/code/data/milp/BCPIns_8_7_9.txt_trad.txt_K5.aux,19,1,8,28,8,9,19,19,0.485946,0.227499,0.131894,2,2,20,0,
slurm-9323492.out:result,/home/utr_lefebvre/AF-bilevel-ccg/code/data/milp/K5010W02.KNP.aux,10,1,10,11,10,1,10,10,1.35844,1.01885,0.050076,1060,1060,122,0,
slurm-9323493.out:result,/home/utr_lefebvre/AF-bilevel-ccg/code/data/milp/K5010W03.KNP.aux,10,1,10,11,10,1,10,10,1.44363,1.02955,0.087177,526,526,118,0,
slurm-9323494.out:result,/home/utr_lefebvre/AF-bilevel-ccg/code/data/milp/K5010W04.KNP.aux,10,1,10,11,10,1,10,10,1.40329,0.96634,0.088261,1533,1533,104,0,
slurm-9323495.out:result,/home/utr_lefebvre/AF-bilevel-ccg/code/data/milp/K5010W05.KNP.aux,10,1,10,11,10,1,10,10,1.92377,1.37333,0.109195,2114,2114,131,0,
slurm-9323496.out:result,/home/utr_lefebvre/AF-bilevel-ccg/code/data/milp/K5010W06.KNP.aux,10,1,10,11,10,1,10,10,1.29461,0.885424,0.086444,1100,1100,99,0,
slurm-9323497.out:result,/home/utr_lefebvre/AF-bilevel-ccg/code/data/milp/K5010W07.KNP.aux,10,1,10,11,10,1,10,10,2.00594,1.49409,0.096199,1135,1135,122,0,
slurm-9323498.out:result,/home/utr_lefebvre/AF-bilevel-ccg/code/data/milp/K5010W08.KNP.aux,10,1,10,11,10,1,10,10,1.62755,1.1974,0.078171,1707,1707,130,0,
slurm-9323499.out:result,/home/utr_lefebvre/AF-bilevel-ccg/code/data/milp/K5010W09.KNP.aux,10,1,10,11,10,1,10,10,1.29243,0.937058,0.077162,271,271,116,0,
slurm-9323500.out:result,/home/utr_lefebvre/AF-bilevel-ccg/code/data/milp/K5010W10.KNP.aux,10,1,10,11,10,1,10,10,1.38767,0.974736,0.11374,509,509,120,0,
slurm-9323501.out:result,/home/utr_lefebvre/AF-bilevel-ccg/code/data/milp/K5010W11.KNP.aux,10,1,10,11,10,1,10,10,1.52008,1.11186,0.092743,1759,1759,117,0,
slurm-9323502.out:result,/home/utr_lefebvre/AF-bilevel-ccg/code/data/milp/K5010W12.KNP.aux,10,1,10,11,10,1,10,10,1.28714,0.938869,0.060713,1223,1223,120,0,
slurm-9323503.out:result,/home/utr_lefebvre/AF-bilevel-ccg/code/data/milp/K5010W13.KNP.aux,10,1,10,11,10,1,10,10,1.04571,0.711515,0.072626,700,700,108,0,
slurm-9323504.out:result,/home/utr_lefebvre/AF-bilevel-ccg/code/data/milp/K5010W14.KNP.aux,10,1,10,11,10,1,10,10,1.79135,1.32459,0.077622,644,644,140,0,
slurm-9323505.out:result,/home/utr_lefebvre/AF-bilevel-ccg/code/data/milp/K5010W15.KNP.aux,10,1,10,11,10,1,10,10,1.85916,1.35343,0.116891,1723,1723,113,0,
slurm-9323506.out:result,/home/utr_lefebvre/AF-bilevel-ccg/code/data/milp/K5010W16.KNP.aux,10,1,10,11,10,1,10,10,1.64785,1.1274,0.128403,1098,1098,114,0,
slurm-9323507.out:result,/home/utr_lefebvre/AF-bilevel-ccg/code/data/milp/K5010W17.KNP.aux,10,1,10,11,10,1,10,10,1.61398,1.11289,0.125757,1465,1465,105,0,
slurm-9323508.out:result,/home/utr_lefebvre/AF-bilevel-ccg/code/data/milp/K5010W18.KNP.aux,10,1,10,11,10,1,10,10,1.69979,1.19184,0.119284,1580,1580,108,0,
slurm-9323509.out:result,/home/utr_lefebvre/AF-bilevel-ccg/code/data/milp/K5010W19.KNP.aux,10,1,10,11,10,1,10,10,1.55041,1.13138,0.096714,2055,2055,120,0,
slurm-9323510.out:result,/home/utr_lefebvre/AF-bilevel-ccg/code/data/milp/K5010W20.KNP.aux,10,1,10,11,10,1,10,10,0.833779,0.544295,0.073577,1998,1998,90,0,
slurm-9323512.out:result,/home/utr_lefebvre/AF-bilevel-ccg/code/data/milp/K5020W01.KNP.aux,20,1,20,21,20,1,20,20,7200.86,6905.5,35.7439,0,3184,7751,0,
slurm-9323514.out:result,/home/utr_lefebvre/AF-bilevel-ccg/code/data/milp/K5020W02.KNP.aux,20,1,20,21,20,1,20,20,7200.76,6944.13,36.5909,0,2957,7703,0,
slurm-9323516.out:result,/home/utr_lefebvre/AF-bilevel-ccg/code/data/milp/K5020W03.KNP.aux,20,1,20,21,20,1,20,20,7201.39,6932.09,34.7603,0,2300,7985,0,
slurm-9323518.out:result,/home/utr_lefebvre/AF-bilevel-ccg/code/data/milp/K5020W04.KNP.aux,20,1,20,21,20,1,20,20,7200.44,6965.06,35.5342,0,2760,7613,0,
slurm-9323520.out:result,/home/utr_lefebvre/AF-bilevel-ccg/code/data/milp/K5020W05.KNP.aux,20,1,20,21,20,1,20,20,7200.69,6955.33,35.401,0,3751,7745,0,
slurm-9323521.out:result,/home/utr_lefebvre/AF-bilevel-ccg/code/data/milp/K5020W06.KNP.aux,20,1,20,21,20,1,20,20,7201.72,6924.42,38.241,0,1245,7410,0,
slurm-9323522.out:result,/home/utr_lefebvre/AF-bilevel-ccg/code/data/milp/K5020W07.KNP.aux,20,1,20,21,20,1,20,20,7202.29,6962.89,8.71832,0,2927,6633,0,
slurm-9323523.out:result,/home/utr_lefebvre/AF-bilevel-ccg/code/data/milp/K5020W08.KNP.aux,20,1,20,21,20,1,20,20,7201.16,6970.15,8.6034,0,3953,6476,0,
slurm-9323524.out:result,/home/utr_lefebvre/AF-bilevel-ccg/code/data/milp/K5020W09.KNP.aux,20,1,20,21,20,1,20,20,7200.55,6935.58,8.45649,0,2047,6847,0,
slurm-9323525.out:result,/home/utr_lefebvre/AF-bilevel-ccg/code/data/milp/K5020W10.KNP.aux,20,1,20,21,20,1,20,20,7200.86,6947.07,9.68386,0,3444,6696,0,
slurm-9323526.out:result,/home/utr_lefebvre/AF-bilevel-ccg/code/data/milp/K5020W11.KNP.aux,20,1,20,21,20,1,20,20,7202.19,6949.97,38.4988,0,2240,7102,0,
slurm-9323527.out:result,/home/utr_lefebvre/AF-bilevel-ccg/code/data/milp/K5020W12.KNP.aux,20,1,20,21,20,1,20,20,7202.37,6963.34,36.3491,0,2452,6976,0,
slurm-9323528.out:result,/home/utr_lefebvre/AF-bilevel-ccg/code/data/milp/K5020W13.KNP.aux,20,1,20,21,20,1,20,20,7200.62,6913.16,34.1214,0,3179,7528,0,
slurm-9323529.out:result,/home/utr_lefebvre/AF-bilevel-ccg/code/data/milp/K5020W14.KNP.aux,20,1,20,21,20,1,20,20,7201.13,6920.77,38.93,0,2781,7865,0,
slurm-9323530.out:result,/home/utr_lefebvre/AF-bilevel-ccg/code/data/milp/K5020W15.KNP.aux,20,1,20,21,20,1,20,20,7200.67,6965.36,31.2448,0,2569,7412,0,
slurm-9323531.out:result,/home/utr_lefebvre/AF-bilevel-ccg/code/data/milp/K5020W16.KNP.aux,20,1,20,21,20,1,20,20,7201.08,6942.76,36.5596,0,2317,8005,0,
slurm-9323532.out:result,/home/utr_lefebvre/AF-bilevel-ccg/code/data/milp/K5020W17.KNP.aux,20,1,20,21,20,1,20,20,7201.26,6939.67,38.1318,0,3591,7815,0,
slurm-9323533.out:result,/home/utr_lefebvre/AF-bilevel-ccg/code/data/milp/K5020W18.KNP.aux,20,1,20,21,20,1,20,20,7200.81,6943.16,34.4901,0,2272,7415,0,
slurm-9323534.out:result,/home/utr_lefebvre/AF-bilevel-ccg/code/data/milp/K5020W19.KNP.aux,20,1,20,21,20,1,20,20,7201.5,6964.1,8.54071,0,4725,6669,0,
slurm-9323535.out:result,/home/utr_lefebvre/AF-bilevel-ccg/code/data/milp/K5020W20.KNP.aux,20,1,20,21,20,1,20,20,7202.29,6950.81,9.05923,0,2775,6746,0,
slurm-9323536.out:result,/home/utr_lefebvre/AF-bilevel-ccg/code/data/milp/knapsack.aux,7,1,7,8,7,1,7,7,0.08328,0.031934,0.032455,0,0,1,0,
slurm-9323537.out:result,/home/utr_lefebvre/AF-bilevel-ccg/code/data/milp/p0033-0.500000.aux,17,0,16,16,16,5,17,11,0.250751,0.228239,0.001144,3095,3095,1,0,
slurm-9323538.out:result,/home/utr_lefebvre/AF-bilevel-ccg/code/data/milp/pb5.dat-0.aux,20,1,20,29,20,9,20,20,7200.08,6924.51,50.0605,0,1451,7472,0,
slurm-9323539.out:result,/home/utr_lefebvre/AF-bilevel-ccg/code/data/milp/pb5.dat-100.aux,20,9,20,21,20,1,20,20,7201.2,6959.3,9.0241,0,1919,6728,0,
slurm-9323540.out:result,/home/utr_lefebvre/AF-bilevel-ccg/code/data/milp/pb5.dat-50.aux,20,5,20,25,20,5,20,20,7202.31,6970.48,19.7584,0,1649,6214,0,
slurm-9323541.out:result,/home/utr_lefebvre/AF-bilevel-ccg/code/data/milp/pet2.dat-0.aux,10,1,10,19,10,9,10,10,2.14153,1.42666,0.218144,25295,25295,149,0,
slurm-9323542.out:result,/home/utr_lefebvre/AF-bilevel-ccg/code/data/milp/pet2.dat-100.aux,10,9,10,11,10,1,10,10,1.96718,1.41449,0.103139,38833,38833,147,0,
slurm-9323543.out:result,/home/utr_lefebvre/AF-bilevel-ccg/code/data/milp/pet2.dat-50.aux,10,5,10,15,10,5,10,10,1.70566,1.15094,0.143134,38833,38833,130,0,
slurm-9323544.out:result,/home/utr_lefebvre/AF-bilevel-ccg/code/data/milp/pet3.dat-0.aux,15,1,15,24,15,9,15,15,689.726,662.02,1.8584,905,905,2242,0,
slurm-9323545.out:result,/home/utr_lefebvre/AF-bilevel-ccg/code/data/milp/pet3.dat-100.aux,15,9,15,16,15,1,15,15,644.882,615.713,1.88548,1080,1080,2459,0,
slurm-9323546.out:result,/home/utr_lefebvre/AF-bilevel-ccg/code/data/milp/pet3.dat-50.aux,15,5,15,20,15,5,15,15,462.847,441.099,1.43304,905,905,2050,0,
slurm-9323547.out:result,/home/utr_lefebvre/AF-bilevel-ccg/code/data/milp/pet4.dat-0.aux,20,1,20,29,20,9,20,20,7201.48,6924.27,40.8575,0,2045,7207,0,
slurm-9323548.out:result,/home/utr_lefebvre/AF-bilevel-ccg/code/data/milp/pet4.dat-100.aux,20,9,20,21,20,1,20,20,7200.81,6939.24,41.6955,0,2625,7011,0,
slurm-9323549.out:result,/home/utr_lefebvre/AF-bilevel-ccg/code/data/milp/pet4.dat-50.aux,20,5,20,25,20,5,20,20,7201.82,6953.79,36.3635,0,2545,7960,0,
slurm-9323550.out:result,/home/utr_lefebvre/AF-bilevel-ccg/code/data/milp/stein27-0.500000.aux,14,0,13,118,13,13,14,105,0.52596,0.491988,0.000258,19,19,1,0,
slurm-9323551.out:result,/home/utr_lefebvre/AF-bilevel-ccg/code/data/milp/stein27-0.900000.aux,3,0,24,118,24,81,3,37,0.260487,0.238677,0.000193,24,24,1,0,
slurm-9323552.out:result,/home/utr_lefebvre/AF-bilevel-ccg/code/data/milp/stein45-0.500000.aux,23,0,22,331,22,39,23,292,103.725,103.645,0.023639,32,32,1,0,
slurm-9323553.out:result,/home/utr_lefebvre/AF-bilevel-ccg/code/data/nlp/BCPIns_8_7_10.txt_trad.txt_K5_p20_k20_s50.aux,19,1,8,28,2,0,25,28,0.425567,0.134613,0.277501,3.15975,3.15975,2,0,
slurm-9323554.out:result,/home/utr_lefebvre/AF-bilevel-ccg/code/data/nlp/BCPIns_8_7_10.txt_trad.txt_K5_p20_k20_s75.aux,19,1,8,28,2,0,25,28,0.23227,0.104335,0.109286,3.1226,3.12268,3,0,
slurm-9323555.out:result,/home/utr_lefebvre/AF-bilevel-ccg/code/data/nlp/BCPIns_8_7_10.txt_trad.txt_K5_p20_k40_s50.aux,19,1,8,28,2,0,25,28,0.351526,0.139376,0.185238,3.10286,3.10286,4,0,
slurm-9323556.out:result,/home/utr_lefebvre/AF-bilevel-ccg/code/data/nlp/BCPIns_8_7_10.txt_trad.txt_K5_p20_k40_s75.aux,19,1,8,28,2,0,25,28,0.253114,0.0797,0.158591,3.12268,3.12268,2,0,
slurm-9323557.out:result,/home/utr_lefebvre/AF-bilevel-ccg/code/data/nlp/BCPIns_8_7_10.txt_trad.txt_K5_p50_k20_s50.aux,19,1,8,28,4,1,23,27,0.387625,0.193374,0.149443,2.12894,2.49596,5,1,
slurm-9323558.out:result,/home/utr_lefebvre/AF-bilevel-ccg/code/data/nlp/BCPIns_8_7_10.txt_trad.txt_K5_p50_k20_s75.aux,19,1,8,28,4,1,23,27,0.098651,0.030967,0.05119,2.66416,3.82546,2,1,
slurm-9323559.out:result,/home/utr_lefebvre/AF-bilevel-ccg/code/data/nlp/BCPIns_8_7_10.txt_trad.txt_K5_p50_k40_s50.aux,19,1,8,28,4,1,23,27,0.148904,0.014267,0.127668,0,3.27327,1,1,
slurm-9323560.out:result,/home/utr_lefebvre/AF-bilevel-ccg/code/data/nlp/BCPIns_8_7_10.txt_trad.txt_K5_p50_k40_s75.aux,19,1,8,28,4,1,23,27,0.297613,0.123569,0.156099,0,3.44914,3,1,
slurm-9323561.out:result,/home/utr_lefebvre/AF-bilevel-ccg/code/data/nlp/BCPIns_8_7_1.txt_trad.txt_K5_p20_k20_s50.aux,19,1,8,28,2,0,25,28,0.324529,0.176984,0.125111,3.15975,3.15975,3,0,
slurm-9323562.out:result,/home/utr_lefebvre/AF-bilevel-ccg/code/data/nlp/BCPIns_8_7_1.txt_trad.txt_K5_p20_k20_s75.aux,19,1,8,28,2,0,25,28,0.371682,0.18548,0.156045,3.12258,3.12268,4,0,
slurm-9323563.out:result,/home/utr_lefebvre/AF-bilevel-ccg/code/data/nlp/BCPIns_8_7_1.txt_trad.txt_K5_p20_k40_s50.aux,19,1,8,28,2,0,25,28,0.456084,0.215222,0.205725,3.10172,3.10172,3,0,
slurm-9323564.out:result,/home/utr_lefebvre/AF-bilevel-ccg/code/data/nlp/BCPIns_8_7_1.txt_trad.txt_K5_p20_k40_s75.aux,19,1,8,28,2,0,25,28,0.835964,0.508097,0.271203,3.12268,3.12268,6,0,
slurm-9323565.out:result,/home/utr_lefebvre/AF-bilevel-ccg/code/data/nlp/BCPIns_8_7_1.txt_trad.txt_K5_p50_k20_s50.aux,19,1,8,28,4,2,23,26,0.277242,0.041664,0.226871,0,2.58828,1,1,
slurm-9323566.out:result,/home/utr_lefebvre/AF-bilevel-ccg/code/data/nlp/BCPIns_8_7_1.txt_trad.txt_K5_p50_k20_s75.aux,19,1,8,28,4,2,23,26,0.571354,0.244542,0.276697,3.79639,3.79643,6,0,
slurm-9323567.out:result,/home/utr_lefebvre/AF-bilevel-ccg/code/data/nlp/BCPIns_8_7_1.txt_trad.txt_K5_p50_k40_s50.aux,19,1,8,28,4,2,23,26,0.54422,0.22778,0.290512,0,2.32506,4,1,
slurm-9323568.out:result,/home/utr_lefebvre/AF-bilevel-ccg/code/data/nlp/BCPIns_8_7_1.txt_trad.txt_K5_p50_k40_s75.aux,19,1,8,28,4,2,23,26,0.490154,0.085927,0.390878,0,2.57905,2,1,
slurm-9323569.out:result,/home/utr_lefebvre/AF-bilevel-ccg/code/data/nlp/BCPIns_8_7_2.txt_trad.txt_K5_p20_k20_s50.aux,19,1,8,28,2,0,25,28,0.577122,0.270525,0.277701,3.15975,3.15975,3,0,
slurm-9323570.out:result,/home/utr_lefebvre/AF-bilevel-ccg/code/data/nlp/BCPIns_8_7_2.txt_trad.txt_K5_p20_k20_s75.aux,19,1,8,28,2,0,25,28,0.344148,0.075639,0.249254,3.11799,3.11799,2,0,
slurm-9323571.out:result,/home/utr_lefebvre/AF-bilevel-ccg/code/data/nlp/BCPIns_8_7_2.txt_trad.txt_K5_p20_k40_s50.aux,19,1,8,28,2,0,25,28,0.419979,0.128123,0.262945,3.10286,3.10286,3,0,
slurm-9323572.out:result,/home/utr_lefebvre/AF-bilevel-ccg/code/data/nlp/BCPIns_8_7_2.txt_trad.txt_K5_p20_k40_s75.aux,19,1,8,28,2,0,25,28,0.346465,0.073884,0.252489,3.11798,3.11798,2,0,
slurm-9323573.out:result,/home/utr_lefebvre/AF-bilevel-ccg/code/data/nlp/BCPIns_8_7_2.txt_trad.txt_K5_p50_k20_s50.aux,19,1,8,28,4,1,23,27,0.190816,0.016997,0.167154,0,3.08828,1,1,
slurm-9323574.out:result,/home/utr_lefebvre/AF-bilevel-ccg/code/data/nlp/BCPIns_8_7_2.txt_trad.txt_K5_p50_k20_s75.aux,19,1,8,28,4,1,23,27,0.184545,0.019239,0.159095,0,3.97512,1,1,
slurm-9323575.out:result,/home/utr_lefebvre/AF-bilevel-ccg/code/data/nlp/BCPIns_8_7_2.txt_trad.txt_K5_p50_k40_s50.aux,19,1,8,28,4,1,23,27,0.724437,0.350124,0.346966,2.30588,2.39115,4,1,
slurm-9323576.out:result,/home/utr_lefebvre/AF-bilevel-ccg/code/data/nlp/BCPIns_8_7_2.txt_trad.txt_K5_p50_k40_s75.aux,19,1,8,28,4,1,23,27,1.08717,0.699843,0.33751,2.47641,2.47641,8,0,
slurm-9323577.out:result,/home/utr_lefebvre/AF-bilevel-ccg/code/data/nlp/BCPIns_8_7_3.txt_trad.txt_K5_p20_k20_s50.aux,19,1,8,28,2,0,25,28,0.675387,0.283931,0.3694,3.15975,3.15975,3,0,
slurm-9323578.out:result,/home/utr_lefebvre/AF-bilevel-ccg/code/data/nlp/BCPIns_8_7_3.txt_trad.txt_K5_p20_k20_s75.aux,19,1,8,28,2,0,25,28,0.483192,0.207167,0.235751,3.11798,3.11798,3,0,
slurm-9323579.out:result,/home/utr_lefebvre/AF-bilevel-ccg/code/data/nlp/BCPIns_8_7_3.txt_trad.txt_K5_p20_k40_s50.aux,19,1,8,28,2,0,25,28,0.793244,0.429941,0.316249,3.10286,3.10286,5,0,
slurm-9323580.out:result,/home/utr_lefebvre/AF-bilevel-ccg/code/data/nlp/BCPIns_8_7_3.txt_trad.txt_K5_p20_k40_s75.aux,19,1,8,28,2,0,25,28,0.378137,0.102233,0.24494,3.11798,3.11798,2,0,
slurm-9323581.out:result,/home/utr_lefebvre/AF-bilevel-ccg/code/data/nlp/BCPIns_8_7_3.txt_trad.txt_K5_p50_k20_s50.aux,19,1,8,28,4,1,23,27,0.406946,0.081944,0.308057,0,3.22359,2,1,
slurm-9323582.out:result,/home/utr_lefebvre/AF-bilevel-ccg/code/data/nlp/BCPIns_8_7_3.txt_trad.txt_K5_p50_k20_s75.aux,19,1,8,28,4,1,23,27,0.396267,0.168296,0.196308,3.70648,3.803,5,1,
slurm-9323583.out:result,/home/utr_lefebvre/AF-bilevel-ccg/code/data/nlp/BCPIns_8_7_3.txt_trad.txt_K5_p50_k40_s50.aux,19,1,8,28,4,1,23,27,0.782233,0.415264,0.335426,2.30479,2.30479,5,0,
slurm-9323584.out:result,/home/utr_lefebvre/AF-bilevel-ccg/code/data/nlp/BCPIns_8_7_3.txt_trad.txt_K5_p50_k40_s75.aux,19,1,8,28,4,1,23,27,0.433447,0.187745,0.225098,2.49182,2.49182,3,0,
slurm-9323585.out:result,/home/utr_lefebvre/AF-bilevel-ccg/code/data/nlp/BCPIns_8_7_4.txt_trad.txt_K5_p20_k20_s50.aux,19,1,8,28,2,0,25,28,0.291863,0.099386,0.178813,3.15975,3.15975,2,0,
slurm-9323586.out:result,/home/utr_lefebvre/AF-bilevel-ccg/code/data/nlp/BCPIns_8_7_4.txt_trad.txt_K5_p20_k20_s75.aux,19,1,8,28,2,0,25,28,0.393975,0.141631,0.237475,3.11799,3.11799,2,0,
slurm-9323587.out:result,/home/utr_lefebvre/AF-bilevel-ccg/code/data/nlp/BCPIns_8_7_4.txt_trad.txt_K5_p20_k40_s50.aux,19,1,8,28,2,0,25,28,0.648173,0.232201,0.378284,3.10286,3.10286,4,0,
slurm-9323588.out:result,/home/utr_lefebvre/AF-bilevel-ccg/code/data/nlp/BCPIns_8_7_4.txt_trad.txt_K5_p20_k40_s75.aux,19,1,8,28,2,0,25,28,0.536346,0.134063,0.373891,3.11798,3.11798,3,0,
slurm-9323589.out:result,/home/utr_lefebvre/AF-bilevel-ccg/code/data/nlp/BCPIns_8_7_4.txt_trad.txt_K5_p50_k20_s50.aux,19,1,8,28,4,2,23,26,0.432689,0.043933,0.38018,0,3.19232,1,1,
slurm-9323590.out:result,/home/utr_lefebvre/AF-bilevel-ccg/code/data/nlp/BCPIns_8_7_4.txt_trad.txt_K5_p50_k20_s75.aux,19,1,8,28,4,2,23,26,0.648861,0.211882,0.394291,3.56599,3.8027,5,1,
slurm-9323591.out:result,/home/utr_lefebvre/AF-bilevel-ccg/code/data/nlp/BCPIns_8_7_4.txt_trad.txt_K5_p50_k40_s50.aux,19,1,8,28,4,2,23,26,1.12704,0.647988,0.426359,2.27703,2.31835,8,1,
slurm-9323592.out:result,/home/utr_lefebvre/AF-bilevel-ccg/code/data/nlp/BCPIns_8_7_4.txt_trad.txt_K5_p50_k40_s75.aux,19,1,8,28,4,2,23,26,0.507535,0.273481,0.203841,2.48741,2.48741,5,0,
slurm-9323593.out:result,/home/utr_lefebvre/AF-bilevel-ccg/code/data/nlp/BCPIns_8_7_5.txt_trad.txt_K5_p20_k20_s50.aux,19,1,8,28,2,0,25,28,0.364628,0.121998,0.229376,3.15975,3.15975,2,0,
slurm-9323594.out:result,/home/utr_lefebvre/AF-bilevel-ccg/code/data/nlp/BCPIns_8_7_5.txt_trad.txt_K5_p20_k20_s75.aux,19,1,8,28,2,0,25,28,0.377871,0.217904,0.123521,3.11796,3.11799,4,0,
slurm-9323595.out:result,/home/utr_lefebvre/AF-bilevel-ccg/code/data/nlp/BCPIns_8_7_5.txt_trad.txt_K5_p20_k40_s50.aux,19,1,8,28,2,0,25,28,0.366849,0.15158,0.183639,3.10286,3.10286,4,0,
slurm-9323596.out:result,/home/utr_lefebvre/AF-bilevel-ccg/code/data/nlp/BCPIns_8_7_5.txt_trad.txt_K5_p20_k40_s75.aux,19,1,8,28,2,0,25,28,0.276573,0.075865,0.18123,3.11799,3.11799,2,0,
slurm-9323597.out:result,/home/utr_lefebvre/AF-bilevel-ccg/code/data/nlp/BCPIns_8_7_5.txt_trad.txt_K5_p50_k20_s50.aux,19,1,8,28,4,3,23,25,0.212358,0.030055,0.17389,0,2.55345,1,1,
slurm-9323598.out:result,/home/utr_lefebvre/AF-bilevel-ccg/code/data/nlp/BCPIns_8_7_5.txt_trad.txt_K5_p50_k20_s75.aux,19,1,8,28,4,3,23,25,0.33056,0.107639,0.190183,3.79615,3.79619,4,0,
slurm-9323599.out:result,/home/utr_lefebvre/AF-bilevel-ccg/code/data/nlp/BCPIns_8_7_5.txt_trad.txt_K5_p50_k40_s50.aux,19,1,8,28,4,3,23,25,0.233498,0.029186,0.195096,0,2.42525,1,1,
slurm-9323600.out:result,/home/utr_lefebvre/AF-bilevel-ccg/code/data/nlp/BCPIns_8_7_5.txt_trad.txt_K5_p50_k40_s75.aux,19,1,8,28,4,3,23,25,0.271096,0.069682,0.182599,0,2.68885,3,1,
slurm-9323601.out:result,/home/utr_lefebvre/AF-bilevel-ccg/code/data/nlp/BCPIns_8_7_6.txt_trad.txt_K5_p20_k20_s50.aux,19,1,8,28,2,0,25,28,0.274304,0.087455,0.17324,3.15975,3.15975,2,0,
slurm-9323602.out:result,/home/utr_lefebvre/AF-bilevel-ccg/code/data/nlp/BCPIns_8_7_6.txt_trad.txt_K5_p20_k20_s75.aux,19,1,8,28,2,0,25,28,0.444516,0.163629,0.261427,3.11798,3.11798,3,0,
slurm-9323603.out:result,/home/utr_lefebvre/AF-bilevel-ccg/code/data/nlp/BCPIns_8_7_6.txt_trad.txt_K5_p20_k40_s50.aux,19,1,8,28,2,0,25,28,0.495121,0.195233,0.273772,3.10286,3.10286,4,0,
slurm-9323604.out:result,/home/utr_lefebvre/AF-bilevel-ccg/code/data/nlp/BCPIns_8_7_6.txt_trad.txt_K5_p20_k40_s75.aux,19,1,8,28,2,0,25,28,0.493824,0.281667,0.177876,3.11798,3.11798,5,0,
slurm-9323605.out:result,/home/utr_lefebvre/AF-bilevel-ccg/code/data/nlp/BCPIns_8_7_6.txt_trad.txt_K5_p50_k20_s50.aux,19,1,8,28,4,2,23,26,0.517019,0.099053,0.392111,0,3.26081,3,1,
slurm-9323606.out:result,/home/utr_lefebvre/AF-bilevel-ccg/code/data/nlp/BCPIns_8_7_6.txt_trad.txt_K5_p50_k20_s75.aux,19,1,8,28,4,2,23,26,0.539521,0.118999,0.378877,3.79562,3.7957,5,0,
slurm-9323607.out:result,/home/utr_lefebvre/AF-bilevel-ccg/code/data/nlp/BCPIns_8_7_6.txt_trad.txt_K5_p50_k40_s50.aux,19,1,8,28,4,2,23,26,0.687193,0.199065,0.453306,0,2.39165,4,1,
slurm-9323608.out:result,/home/utr_lefebvre/AF-bilevel-ccg/code/data/nlp/BCPIns_8_7_6.txt_trad.txt_K5_p50_k40_s75.aux,19,1,8,28,4,2,23,26,0.510818,0.137894,0.355752,2.13135,2.49061,2,1,
slurm-9323609.out:result,/home/utr_lefebvre/AF-bilevel-ccg/code/data/nlp/BCPIns_8_7_7.txt_trad.txt_K5_p20_k20_s50.aux,19,1,8,28,2,1,25,27,0.243557,0.100908,0.121394,3.16861,3.16861,3,0,
slurm-9323610.out:result,/home/utr_lefebvre/AF-bilevel-ccg/code/data/nlp/BCPIns_8_7_7.txt_trad.txt_K5_p20_k20_s75.aux,19,1,8,28,2,1,25,27,0.262568,0.106564,0.131165,3.11789,3.11799,4,0,
slurm-9323611.out:result,/home/utr_lefebvre/AF-bilevel-ccg/code/data/nlp/BCPIns_8_7_7.txt_trad.txt_K5_p20_k40_s50.aux,19,1,8,28,2,1,25,27,0.391989,0.11358,0.258997,3.10286,3.10286,3,0,
slurm-9323612.out:result,/home/utr_lefebvre/AF-bilevel-ccg/code/data/nlp/BCPIns_8_7_7.txt_trad.txt_K5_p20_k40_s75.aux,19,1,8,28,2,1,25,27,0.266061,0.082588,0.169633,3.11799,3.11799,2,0,
slurm-9323613.out:result,/home/utr_lefebvre/AF-bilevel-ccg/code/data/nlp/BCPIns_8_7_7.txt_trad.txt_K5_p50_k20_s50.aux,19,1,8,28,4,4,23,24,0.767464,0.14244,0.602796,2.40708,2.40708,3,0,
slurm-9323614.out:result,/home/utr_lefebvre/AF-bilevel-ccg/code/data/nlp/BCPIns_8_7_7.txt_trad.txt_K5_p50_k20_s75.aux,19,1,8,28,4,4,23,24,0.326919,0.110241,0.177377,3.50683,3.80478,3,1,
slurm-9323615.out:result,/home/utr_lefebvre/AF-bilevel-ccg/code/data/nlp/BCPIns_8_7_7.txt_trad.txt_K5_p50_k40_s50.aux,19,1,8,28,4,4,23,24,0.517087,0.201262,0.290167,2.27563,2.31805,3,1,
slurm-9323616.out:result,/home/utr_lefebvre/AF-bilevel-ccg/code/data/nlp/BCPIns_8_7_7.txt_trad.txt_K5_p50_k40_s75.aux,19,1,8,28,4,4,23,24,0.427525,0.168029,0.233334,2.48128,2.48128,3,0,
slurm-9323617.out:result,/home/utr_lefebvre/AF-bilevel-ccg/code/data/nlp/BCPIns_8_7_8.txt_trad.txt_K5_p20_k20_s50.aux,19,1,8,28,2,1,25,27,0.358502,0.125351,0.181901,3.15965,3.15975,4,0,
slurm-9323618.out:result,/home/utr_lefebvre/AF-bilevel-ccg/code/data/nlp/BCPIns_8_7_8.txt_trad.txt_K5_p20_k20_s75.aux,19,1,8,28,2,1,25,27,0.425501,0.22423,0.166619,3.12256,3.12268,5,0,
slurm-9323619.out:result,/home/utr_lefebvre/AF-bilevel-ccg/code/data/nlp/BCPIns_8_7_8.txt_trad.txt_K5_p20_k40_s50.aux,19,1,8,28,2,1,25,27,0.293677,0.136544,0.137072,3.10171,3.10171,3,0,
slurm-9323620.out:result,/home/utr_lefebvre/AF-bilevel-ccg/code/data/nlp/BCPIns_8_7_8.txt_trad.txt_K5_p20_k40_s75.aux,19,1,8,28,2,1,25,27,0.324075,0.123522,0.181186,3.12268,3.12268,3,0,
slurm-9323621.out:result,/home/utr_lefebvre/AF-bilevel-ccg/code/data/nlp/BCPIns_8_7_8.txt_trad.txt_K5_p50_k20_s50.aux,19,1,8,28,4,4,23,24,0.386669,0.182423,0.180147,2.41312,2.41312,4,0,
slurm-9323622.out:result,/home/utr_lefebvre/AF-bilevel-ccg/code/data/nlp/BCPIns_8_7_8.txt_trad.txt_K5_p50_k20_s75.aux,19,1,8,28,4,4,23,24,0.545091,0.239897,0.269056,3.79524,3.79527,6,0,
slurm-9323623.out:result,/home/utr_lefebvre/AF-bilevel-ccg/code/data/nlp/BCPIns_8_7_8.txt_trad.txt_K5_p50_k40_s50.aux,19,1,8,28,4,4,23,24,0.78253,0.360151,0.388859,2.29798,2.29804,4,0,
slurm-9323624.out:result,/home/utr_lefebvre/AF-bilevel-ccg/code/data/nlp/BCPIns_8_7_8.txt_trad.txt_K5_p50_k40_s75.aux,19,1,8,28,4,4,23,24,0.311956,0.054119,0.249759,0,3.42454,1,1,
slurm-9323625.out:result,/home/utr_lefebvre/AF-bilevel-ccg/code/data/nlp/BCPIns_8_7_9.txt_trad.txt_K5_p20_k20_s50.aux,19,1,8,28,2,0,25,28,0.55784,0.247583,0.283069,3.15975,3.15975,3,0,
slurm-9323626.out:result,/home/utr_lefebvre/AF-bilevel-ccg/code/data/nlp/BCPIns_8_7_9.txt_trad.txt_K5_p20_k20_s75.aux,19,1,8,28,2,0,25,28,0.41972,0.144417,0.256477,3.11799,3.11799,2,0,
slurm-9323627.out:result,/home/utr_lefebvre/AF-bilevel-ccg/code/data/nlp/BCPIns_8_7_9.txt_trad.txt_K5_p20_k40_s50.aux,19,1,8,28,2,0,25,28,0.31166,0.104534,0.192931,3.10286,3.10286,2,0,
slurm-9323628.out:result,/home/utr_lefebvre/AF-bilevel-ccg/code/data/nlp/BCPIns_8_7_9.txt_trad.txt_K5_p20_k40_s75.aux,19,1,8,28,2,0,25,28,0.288726,0.089637,0.18512,3.11798,3.11798,2,0,
slurm-9323629.out:result,/home/utr_lefebvre/AF-bilevel-ccg/code/data/nlp/BCPIns_8_7_9.txt_trad.txt_K5_p50_k20_s50.aux,19,1,8,28,4,1,23,27,0.298785,0.031198,0.261457,0,2.58828,1,1,
slurm-9323630.out:result,/home/utr_lefebvre/AF-bilevel-ccg/code/data/nlp/BCPIns_8_7_9.txt_trad.txt_K5_p50_k20_s75.aux,19,1,8,28,4,1,23,27,0.521681,0.147385,0.344696,3.56599,3.803,5,1,
slurm-9323631.out:result,/home/utr_lefebvre/AF-bilevel-ccg/code/data/nlp/BCPIns_8_7_9.txt_trad.txt_K5_p50_k40_s50.aux,19,1,8,28,4,1,23,27,0.961377,0.4712,0.454377,2.30479,2.30479,5,0,
slurm-9323632.out:result,/home/utr_lefebvre/AF-bilevel-ccg/code/data/nlp/BCPIns_8_7_9.txt_trad.txt_K5_p50_k40_s75.aux,19,1,8,28,4,1,23,27,0.650198,0.22536,0.382634,2.48117,2.48119,5,0,
slurm-9323633.out:result,/home/utr_lefebvre/AF-bilevel-ccg/code/data/nlp/K5010W02.KNP_p20_k20_s50.aux,10,1,10,11,2,0,18,11,0.473873,0.145951,0.308135,1266.07,1266.07,3,0,
slurm-9323634.out:result,/home/utr_lefebvre/AF-bilevel-ccg/code/data/nlp/K5010W02.KNP_p20_k20_s75.aux,10,1,10,11,2,0,18,11,0.443545,0.096546,0.332427,603,603,3,0,
slurm-9323635.out:result,/home/utr_lefebvre/AF-bilevel-ccg/code/data/nlp/K5010W02.KNP_p20_k40_s50.aux,10,1,10,11,2,0,18,11,0.422193,0.080571,0.331408,603,603,2,0,
slurm-9323636.out:result,/home/utr_lefebvre/AF-bilevel-ccg/code/data/nlp/K5010W02.KNP_p20_k40_s75.aux,10,1,10,11,2,0,18,11,0.200676,0.073644,0.11883,603,603,2,0,
slurm-9323637.out:result,/home/utr_lefebvre/AF-bilevel-ccg/code/data/nlp/K5010W02.KNP_p50_k20_s50.aux,10,1,10,11,5,0,15,11,0.184663,0.018379,0.162872,0,3730.6,1,1,
slurm-9323638.out:result,/home/utr_lefebvre/AF-bilevel-ccg/code/data/nlp/K5010W02.KNP_p50_k20_s75.aux,10,1,10,11,5,0,15,11,0.819078,0.487764,0.288385,1231.67,1231.67,14,0,
slurm-9323639.out:result,/home/utr_lefebvre/AF-bilevel-ccg/code/data/nlp/K5010W02.KNP_p50_k40_s50.aux,10,1,10,11,5,0,15,11,0.376037,0.070776,0.294902,200.944,401.769,3,1,
slurm-9323640.out:result,/home/utr_lefebvre/AF-bilevel-ccg/code/data/nlp/K5010W02.KNP_p50_k40_s75.aux,10,1,10,11,5,0,15,11,0.330977,0.163941,0.151349,1964.42,1964.42,4,0,
slurm-9323641.out:result,/home/utr_lefebvre/AF-bilevel-ccg/code/data/nlp/K5010W03.KNP_p20_k20_s50.aux,10,1,10,11,2,0,18,11,0.220264,0.067383,0.137595,1054,1054,2,0,
slurm-9323642.out:result,/home/utr_lefebvre/AF-bilevel-ccg/code/data/nlp/K5010W03.KNP_p20_k20_s75.aux,10,1,10,11,2,0,18,11,0.266197,0.103919,0.142254,161.376,161.376,3,0,
slurm-9323643.out:result,/home/utr_lefebvre/AF-bilevel-ccg/code/data/nlp/K5010W03.KNP_p20_k40_s50.aux,10,1,10,11,2,0,18,11,0.220294,0.054712,0.155639,36,36,2,0,
slurm-9323644.out:result,/home/utr_lefebvre/AF-bilevel-ccg/code/data/nlp/K5010W03.KNP_p20_k40_s75.aux,10,1,10,11,2,0,18,11,0.226812,0.0591,0.157411,36,36,2,0,
slurm-9323645.out:result,/home/utr_lefebvre/AF-bilevel-ccg/code/data/nlp/K5010W03.KNP_p50_k20_s50.aux,10,1,10,11,5,0,15,11,0.44349,0.21674,0.205609,117.896,117.896,6,0,
slurm-9323646.out:result,/home/utr_lefebvre/AF-bilevel-ccg/code/data/nlp/K5010W03.KNP_p50_k20_s75.aux,10,1,10,11,5,0,15,11,0.274839,0.11595,0.13328,1054,1054,8,0,
slurm-9323647.out:result,/home/utr_lefebvre/AF-bilevel-ccg/code/data/nlp/K5010W03.KNP_p50_k40_s50.aux,10,1,10,11,5,0,15,11,0.387945,0.114914,0.2613,36,172.313,3,1,
slurm-9323648.out:result,/home/utr_lefebvre/AF-bilevel-ccg/code/data/nlp/K5010W03.KNP_p50_k40_s75.aux,10,1,10,11,5,0,15,11,0.452398,0.217694,0.204969,1676.94,1676.94,9,0,
slurm-9323649.out:result,/home/utr_lefebvre/AF-bilevel-ccg/code/data/nlp/K5010W04.KNP_p20_k20_s50.aux,10,1,10,11,2,0,18,11,0.207218,0.068388,0.134115,1972,1972,1,0,
slurm-9323650.out:result,/home/utr_lefebvre/AF-bilevel-ccg/code/data/nlp/K5010W04.KNP_p20_k20_s75.aux,10,1,10,11,2,0,18,11,0.219478,0.067117,0.136953,948.536,948.536,3,0,
slurm-9323651.out:result,/home/utr_lefebvre/AF-bilevel-ccg/code/data/nlp/K5010W04.KNP_p20_k40_s50.aux,10,1,10,11,2,0,18,11,0.201028,0.057847,0.132656,817,817,2,0,
slurm-9323652.out:result,/home/utr_lefebvre/AF-bilevel-ccg/code/data/nlp/K5010W04.KNP_p20_k40_s75.aux,10,1,10,11,2,0,18,11,0.189291,0.043272,0.135295,817,817,2,0,
slurm-9323653.out:result,/home/utr_lefebvre/AF-bilevel-ccg/code/data/nlp/K5010W04.KNP_p50_k20_s50.aux,10,1,10,11,5,0,15,11,0.193731,0.016423,0.172422,0,3735.71,1,1,
slurm-9323654.out:result,/home/utr_lefebvre/AF-bilevel-ccg/code/data/nlp/K5010W04.KNP_p50_k20_s75.aux,10,1,10,11,5,0,15,11,0.28441,0.139655,0.134546,0,3531.77,3,1,
slurm-9323655.out:result,/home/utr_lefebvre/AF-bilevel-ccg/code/data/nlp/K5010W04.KNP_p50_k40_s50.aux,10,1,10,11,5,0,15,11,0.406966,0.138617,0.254742,0.0130411,0.0328945,4,1,
slurm-9323656.out:result,/home/utr_lefebvre/AF-bilevel-ccg/code/data/nlp/K5010W04.KNP_p50_k40_s75.aux,10,1,10,11,5,0,15,11,0.846642,0.5585,0.253882,2147.95,2147.95,11,0,
slurm-9323657.out:result,/home/utr_lefebvre/AF-bilevel-ccg/code/data/nlp/K5010W05.KNP_p20_k20_s50.aux,10,1,10,11,2,0,18,11,0.221329,0.073266,0.143725,2733.28,2733.28,1,0,
slurm-9323658.out:result,/home/utr_lefebvre/AF-bilevel-ccg/code/data/nlp/K5010W05.KNP_p20_k20_s75.aux,10,1,10,11,2,0,18,11,0.316689,0.176344,0.12513,1601.01,1601.03,4,0,
slurm-9323659.out:result,/home/utr_lefebvre/AF-bilevel-ccg/code/data/nlp/K5010W05.KNP_p20_k40_s50.aux,10,1,10,11,2,0,18,11,0.279653,0.089588,0.179431,1431,1431,2,0,
slurm-9323660.out:result,/home/utr_lefebvre/AF-bilevel-ccg/code/data/nlp/K5010W05.KNP_p20_k40_s75.aux,10,1,10,11,2,0,18,11,0.310984,0.105687,0.189425,1434.99,1434.99,3,0,
slurm-9323661.out:result,/home/utr_lefebvre/AF-bilevel-ccg/code/data/nlp/K5010W05.KNP_p50_k20_s50.aux,10,1,10,11,5,0,15,11,0.650227,0.271691,0.350085,0.203313,317.321,6,1,
slurm-9323662.out:result,/home/utr_lefebvre/AF-bilevel-ccg/code/data/nlp/K5010W05.KNP_p50_k20_s75.aux,10,1,10,11,5,0,15,11,1.43002,1.08662,0.282151,2414.21,2414.21,14,0,
slurm-9323663.out:result,/home/utr_lefebvre/AF-bilevel-ccg/code/data/nlp/K5010W05.KNP_p50_k40_s50.aux,10,1,10,11,5,0,15,11,0.29036,0.022861,0.26378,0,3104.81,1,1,
slurm-9323664.out:result,/home/utr_lefebvre/AF-bilevel-ccg/code/data/nlp/K5010W05.KNP_p50_k40_s75.aux,10,1,10,11,5,0,15,11,1.00315,0.715579,0.239881,2401.84,2401.84,15,0,
slurm-9323665.out:result,/home/utr_lefebvre/AF-bilevel-ccg/code/data/nlp/K5010W06.KNP_p20_k20_s50.aux,10,1,10,11,2,0,18,11,0.209234,0.135659,0.065876,1668.66,1668.66,2,0,
slurm-9323666.out:result,/home/utr_lefebvre/AF-bilevel-ccg/code/data/nlp/K5010W06.KNP_p20_k20_s75.aux,10,1,10,11,2,0,18,11,0.256406,0.105943,0.139438,1029,1029,3,0,
slurm-9323667.out:result,/home/utr_lefebvre/AF-bilevel-ccg/code/data/nlp/K5010W06.KNP_p20_k40_s50.aux,10,1,10,11,2,0,18,11,0.179394,0.068496,0.102373,1035,1035,2,0,
slurm-9323668.out:result,/home/utr_lefebvre/AF-bilevel-ccg/code/data/nlp/K5010W06.KNP_p20_k40_s75.aux,10,1,10,11,2,0,18,11,0.228615,0.11992,0.097604,1029,1029,2,0,
slurm-9323669.out:result,/home/utr_lefebvre/AF-bilevel-ccg/code/data/nlp/K5010W06.KNP_p50_k20_s50.aux,10,1,10,11,5,0,15,11,0.557149,0.275626,0.248567,290.134,450.531,7,1,
slurm-9323670.out:result,/home/utr_lefebvre/AF-bilevel-ccg/code/data/nlp/K5010W06.KNP_p50_k20_s75.aux,10,1,10,11,5,0,15,11,0.926192,0.693897,0.167473,1589.08,1589.08,14,0,
slurm-9323671.out:result,/home/utr_lefebvre/AF-bilevel-ccg/code/data/nlp/K5010W06.KNP_p50_k40_s50.aux,10,1,10,11,5,0,15,11,0.560579,0.161605,0.383893,224.954,384.412,3,1,
slurm-9323672.out:result,/home/utr_lefebvre/AF-bilevel-ccg/code/data/nlp/K5010W06.KNP_p50_k40_s75.aux,10,1,10,11,5,0,15,11,0.36107,0.193801,0.149986,1773.92,2092.24,5,1,
slurm-9323673.out:result,/home/utr_lefebvre/AF-bilevel-ccg/code/data/nlp/K5010W07.KNP_p20_k20_s50.aux,10,1,10,11,2,0,18,11,0.163103,0.059742,0.099326,1529,1529,1,0,
slurm-9323674.out:result,/home/utr_lefebvre/AF-bilevel-ccg/code/data/nlp/K5010W07.KNP_p20_k20_s75.aux,10,1,10,11,2,0,18,11,0.246582,0.133804,0.101656,930.72,930.72,3,0,
slurm-9323675.out:result,/home/utr_lefebvre/AF-bilevel-ccg/code/data/nlp/K5010W07.KNP_p20_k40_s50.aux,10,1,10,11,2,0,18,11,0.171899,0.048466,0.115876,855,855,2,0,
slurm-9323676.out:result,/home/utr_lefebvre/AF-bilevel-ccg/code/data/nlp/K5010W07.KNP_p20_k40_s75.aux,10,1,10,11,2,0,18,11,0.439135,0.134312,0.289274,856.199,856.222,4,0,
slurm-9323677.out:result,/home/utr_lefebvre/AF-bilevel-ccg/code/data/nlp/K5010W07.KNP_p50_k20_s50.aux,10,1,10,11,5,0,15,11,0.412389,0.130925,0.267682,0,2689.19,3,1,
slurm-9323678.out:result,/home/utr_lefebvre/AF-bilevel-ccg/code/data/nlp/K5010W07.KNP_p50_k20_s75.aux,10,1,10,11,5,0,15,11,0.584323,0.28641,0.265868,1421.18,1421.18,7,0,
slurm-9323679.out:result,/home/utr_lefebvre/AF-bilevel-ccg/code/data/nlp/K5010W07.KNP_p50_k40_s50.aux,10,1,10,11,5,0,15,11,0.315613,0.050204,0.260578,0,2685.33,1,1,
slurm-9323680.out:result,/home/utr_lefebvre/AF-bilevel-ccg/code/data/nlp/K5010W07.KNP_p50_k40_s75.aux,10,1,10,11,5,0,15,11,0.590322,0.26958,0.292065,1699.95,1699.95,6,0,
slurm-9323681.out:result,/home/utr_lefebvre/AF-bilevel-ccg/code/data/nlp/K5010W08.KNP_p20_k20_s50.aux,10,1,10,11,2,0,18,11,0.181919,0.125555,0.051761,1846,1846,1,0,
slurm-9323682.out:result,/home/utr_lefebvre/AF-bilevel-ccg/code/data/nlp/K5010W08.KNP_p20_k20_s75.aux,10,1,10,11,2,0,18,11,0.259428,0.112592,0.135834,1027.65,1027.65,3,0,
slurm-9323683.out:result,/home/utr_lefebvre/AF-bilevel-ccg/code/data/nlp/K5010W08.KNP_p20_k40_s50.aux,10,1,10,11,2,0,18,11,0.284847,0.128672,0.144723,1051.14,1051.14,3,0,
slurm-9323684.out:result,/home/utr_lefebvre/AF-bilevel-ccg/code/data/nlp/K5010W08.KNP_p20_k40_s75.aux,10,1,10,11,2,0,18,11,0.188472,0.069753,0.111218,925,925,2,0,
slurm-9323685.out:result,/home/utr_lefebvre/AF-bilevel-ccg/code/data/nlp/K5010W08.KNP_p50_k20_s50.aux,10,1,10,11,5,0,15,11,0.646932,0.297858,0.337683,553.291,1287.37,3,1,
slurm-9323686.out:result,/home/utr_lefebvre/AF-bilevel-ccg/code/data/nlp/K5010W08.KNP_p50_k20_s75.aux,10,1,10,11,5,0,15,11,0.397235,0.173145,0.202496,1605.01,1605.01,4,0,
slurm-9323687.out:result,/home/utr_lefebvre/AF-bilevel-ccg/code/data/nlp/K5010W08.KNP_p50_k40_s50.aux,10,1,10,11,5,0,15,11,0.497986,0.22445,0.258775,468,468,3,0,
slurm-9323688.out:result,/home/utr_lefebvre/AF-bilevel-ccg/code/data/nlp/K5010W08.KNP_p50_k40_s75.aux,10,1,10,11,5,0,15,11,0.673793,0.361354,0.284441,1625.49,1625.49,6,0,
slurm-9323689.out:result,/home/utr_lefebvre/AF-bilevel-ccg/code/data/nlp/K5010W09.KNP_p20_k20_s50.aux,10,1,10,11,2,0,18,11,0.279753,0.088716,0.178249,1186.22,1186.22,2,0,
slurm-9323690.out:result,/home/utr_lefebvre/AF-bilevel-ccg/code/data/nlp/K5010W09.KNP_p20_k20_s75.aux,10,1,10,11,2,0,18,11,0.348329,0.167961,0.164807,192.215,192.215,4,0,
slurm-9323691.out:result,/home/utr_lefebvre/AF-bilevel-ccg/code/data/nlp/K5010W09.KNP_p20_k40_s50.aux,10,1,10,11,2,0,18,11,0.193066,0.037709,0.147923,66,66,2,0,
slurm-9323692.out:result,/home/utr_lefebvre/AF-bilevel-ccg/code/data/nlp/K5010W09.KNP_p20_k40_s75.aux,10,1,10,11,2,0,18,11,0.331146,0.108445,0.21525,66,66,2,0,
slurm-9323693.out:result,/home/utr_lefebvre/AF-bilevel-ccg/code/data/nlp/K5010W09.KNP_p50_k20_s50.aux,10,1,10,11,5,0,15,11,0.658127,0.359291,0.265979,155.199,155.199,10,0,
slurm-9323694.out:result,/home/utr_lefebvre/AF-bilevel-ccg/code/data/nlp/K5010W09.KNP_p50_k20_s75.aux,10,1,10,11,5,0,15,11,1.02847,0.622553,0.374263,1186.8,1186.8,9,0,
slurm-9323695.out:result,/home/utr_lefebvre/AF-bilevel-ccg/code/data/nlp/K5010W09.KNP_p50_k40_s50.aux,10,1,10,11,5,0,15,11,0.466031,0.03774,0.423427,0,1722.14,1,1,
slurm-9323696.out:result,/home/utr_lefebvre/AF-bilevel-ccg/code/data/nlp/K5010W09.KNP_p50_k40_s75.aux,10,1,10,11,5,0,15,11,1.12918,0.578286,0.488529,1724.47,1724.47,13,0,
slurm-9323697.out:result,/home/utr_lefebvre/AF-bilevel-ccg/code/data/nlp/K5010W10.KNP_p20_k20_s50.aux,10,1,10,11,2,0,18,11,0.457504,0.200438,0.246683,825,825,2,0,
slurm-9323698.out:result,/home/utr_lefebvre/AF-bilevel-ccg/code/data/nlp/K5010W10.KNP_p20_k20_s75.aux,10,1,10,11,2,0,18,11,0.464375,0.112699,0.335396,365.549,365.549,3,0,
slurm-9323699.out:result,/home/utr_lefebvre/AF-bilevel-ccg/code/data/nlp/K5010W10.KNP_p20_k40_s50.aux,10,1,10,11,2,0,18,11,0.155331,0.032075,0.114785,311,311,2,0,
slurm-9323700.out:result,/home/utr_lefebvre/AF-bilevel-ccg/code/data/nlp/K5010W10.KNP_p20_k40_s75.aux,10,1,10,11,2,0,18,11,0.167318,0.043213,0.116451,311,311,2,0,
slurm-9323701.out:result,/home/utr_lefebvre/AF-bilevel-ccg/code/data/nlp/K5010W10.KNP_p50_k20_s50.aux,10,1,10,11,5,0,15,11,0.342127,0.039923,0.298729,0,3546.09,1,1,
slurm-9323702.out:result,/home/utr_lefebvre/AF-bilevel-ccg/code/data/nlp/K5010W10.KNP_p50_k20_s75.aux,10,1,10,11,5,0,15,11,0.643603,0.363976,0.24405,825,825,11,0,
slurm-9323703.out:result,/home/utr_lefebvre/AF-bilevel-ccg/code/data/nlp/K5010W10.KNP_p50_k40_s50.aux,10,1,10,11,5,0,15,11,0.337056,0.020409,0.312774,0,2615.67,1,1,
slurm-9323704.out:result,/home/utr_lefebvre/AF-bilevel-ccg/code/data/nlp/K5010W10.KNP_p50_k40_s75.aux,10,1,10,11,5,0,15,11,0.663716,0.364133,0.261696,1437.91,1437.91,8,0,
slurm-9323705.out:result,/home/utr_lefebvre/AF-bilevel-ccg/code/data/nlp/K5010W11.KNP_p20_k20_s50.aux,10,1,10,11,2,0,18,11,0.29169,0.093845,0.187444,2074,2074,2,0,
slurm-9323706.out:result,/home/utr_lefebvre/AF-bilevel-ccg/code/data/nlp/K5010W11.KNP_p20_k20_s75.aux,10,1,10,11,2,0,18,11,0.326324,0.120711,0.188354,1397.09,1397.09,3,0,
slurm-9323707.out:result,/home/utr_lefebvre/AF-bilevel-ccg/code/data/nlp/K5010W11.KNP_p20_k40_s50.aux,10,1,10,11,2,0,18,11,0.288393,0.090214,0.187537,1313,1313,2,0,
slurm-9323708.out:result,/home/utr_lefebvre/AF-bilevel-ccg/code/data/nlp/K5010W11.KNP_p20_k40_s75.aux,10,1,10,11,2,0,18,11,0.217482,0.063825,0.142073,1315.51,1315.52,3,0,
slurm-9323709.out:result,/home/utr_lefebvre/AF-bilevel-ccg/code/data/nlp/K5010W11.KNP_p50_k20_s50.aux,10,1,10,11,5,0,15,11,0.200491,0.033223,0.163859,0,3605.4,1,1,
slurm-9323710.out:result,/home/utr_lefebvre/AF-bilevel-ccg/code/data/nlp/K5010W11.KNP_p50_k20_s75.aux,10,1,10,11,5,0,15,11,0.436922,0.190648,0.236859,0,2798.63,3,1,
slurm-9323711.out:result,/home/utr_lefebvre/AF-bilevel-ccg/code/data/nlp/K5010W11.KNP_p50_k40_s50.aux,10,1,10,11,5,0,15,11,0.268484,0.018929,0.245788,0,2841.24,1,1,
slurm-9323712.out:result,/home/utr_lefebvre/AF-bilevel-ccg/code/data/nlp/K5010W11.KNP_p50_k40_s75.aux,10,1,10,11,5,0,15,11,0.241054,0.020871,0.216161,0,2818.31,1,1,
slurm-9323713.out:result,/home/utr_lefebvre/AF-bilevel-ccg/code/data/nlp/K5010W12.KNP_p20_k20_s50.aux,10,1,10,11,2,0,18,11,0.336957,0.11044,0.220698,1517,1517,1,0,
slurm-9323714.out:result,/home/utr_lefebvre/AF-bilevel-ccg/code/data/nlp/K5010W12.KNP_p20_k20_s75.aux,10,1,10,11,2,0,18,11,0.418019,0.15983,0.243195,661.286,661.286,3,0,
slurm-9323715.out:result,/home/utr_lefebvre/AF-bilevel-ccg/code/data/nlp/K5010W12.KNP_p20_k40_s50.aux,10,1,10,11,2,0,18,11,0.397033,0.139907,0.242249,966.288,966.288,3,0,
slurm-9323716.out:result,/home/utr_lefebvre/AF-bilevel-ccg/code/data/nlp/K5010W12.KNP_p20_k40_s75.aux,10,1,10,11,2,0,18,11,0.355522,0.104127,0.241392,554,554,2,0,
slurm-9323717.out:result,/home/utr_lefebvre/AF-bilevel-ccg/code/data/nlp/K5010W12.KNP_p50_k20_s50.aux,10,1,10,11,5,0,15,11,0.153234,0.01355,0.135977,0,4033.86,1,1,
slurm-9323718.out:result,/home/utr_lefebvre/AF-bilevel-ccg/code/data/nlp/K5010W12.KNP_p50_k20_s75.aux,10,1,10,11,5,0,15,11,0.376492,0.218458,0.128882,1496.31,1496.31,9,0,
slurm-9323719.out:result,/home/utr_lefebvre/AF-bilevel-ccg/code/data/nlp/K5010W12.KNP_p50_k40_s50.aux,10,1,10,11,5,0,15,11,0.42695,0.12497,0.291147,489,489,3,0,
slurm-9323720.out:result,/home/utr_lefebvre/AF-bilevel-ccg/code/data/nlp/K5010W12.KNP_p50_k40_s75.aux,10,1,10,11,5,0,15,11,0.440286,0.268627,0.136625,1625.94,1625.94,11,0,
slurm-9323721.out:result,/home/utr_lefebvre/AF-bilevel-ccg/code/data/nlp/K5010W13.KNP_p20_k20_s50.aux,10,1,10,11,2,0,18,11,0.246847,0.092308,0.140417,700,700,2,0,
slurm-9323722.out:result,/home/utr_lefebvre/AF-bilevel-ccg/code/data/nlp/K5010W13.KNP_p20_k20_s75.aux,10,1,10,11,2,0,18,11,0.220153,0.039326,0.165618,517.234,517.234,2,0,
slurm-9323723.out:result,/home/utr_lefebvre/AF-bilevel-ccg/code/data/nlp/K5010W13.KNP_p20_k40_s50.aux,10,1,10,11,2,0,18,11,0.213566,0.042201,0.161869,489,489,1,0,
slurm-9323724.out:result,/home/utr_lefebvre/AF-bilevel-ccg/code/data/nlp/K5010W13.KNP_p20_k40_s75.aux,10,1,10,11,2,0,18,11,0.214238,0.043002,0.161762,489,489,1,0,
slurm-9323725.out:result,/home/utr_lefebvre/AF-bilevel-ccg/code/data/nlp/K5010W13.KNP_p50_k20_s50.aux,10,1,10,11,5,0,15,11,0.243734,0.027498,0.211156,0,4120.37,1,1,
slurm-9323726.out:result,/home/utr_lefebvre/AF-bilevel-ccg/code/data/nlp/K5010W13.KNP_p50_k20_s75.aux,10,1,10,11,5,0,15,11,0.346313,0.169509,0.166092,0,3473.06,3,1,
slurm-9323727.out:result,/home/utr_lefebvre/AF-bilevel-ccg/code/data/nlp/K5010W13.KNP_p50_k40_s50.aux,10,1,10,11,5,0,15,11,0.195062,0.02218,0.169327,0,3417.29,1,1,
slurm-9323728.out:result,/home/utr_lefebvre/AF-bilevel-ccg/code/data/nlp/K5010W13.KNP_p50_k40_s75.aux,10,1,10,11,5,0,15,11,0.527193,0.295038,0.218758,1768.79,1768.79,4,0,
slurm-9323729.out:result,/home/utr_lefebvre/AF-bilevel-ccg/code/data/nlp/K5010W14.KNP_p20_k20_s50.aux,10,1,10,11,2,0,18,11,0.247852,0.072591,0.164073,732,732,2,0,
slurm-9323730.out:result,/home/utr_lefebvre/AF-bilevel-ccg/code/data/nlp/K5010W14.KNP_p20_k20_s75.aux,10,1,10,11,2,0,18,11,0.262037,0.077689,0.171552,580.882,580.882,2,0,
slurm-9323731.out:result,/home/utr_lefebvre/AF-bilevel-ccg/code/data/nlp/K5010W14.KNP_p20_k40_s50.aux,10,1,10,11,2,0,18,11,0.185289,0.047065,0.127163,562,562,1,0,
slurm-9323732.out:result,/home/utr_lefebvre/AF-bilevel-ccg/code/data/nlp/K5010W14.KNP_p20_k40_s75.aux,10,1,10,11,2,0,18,11,0.185307,0.047972,0.127071,562,562,1,0,
slurm-9323733.out:result,/home/utr_lefebvre/AF-bilevel-ccg/code/data/nlp/K5010W14.KNP_p50_k20_s50.aux,10,1,10,11,5,0,15,11,0.470691,0.227067,0.205939,302.105,350.5,7,1,
slurm-9323734.out:result,/home/utr_lefebvre/AF-bilevel-ccg/code/data/nlp/K5010W14.KNP_p50_k20_s75.aux,10,1,10,11,5,0,15,11,0.339173,0.121244,0.195012,0,2256.08,5,1,
slurm-9323735.out:result,/home/utr_lefebvre/AF-bilevel-ccg/code/data/nlp/K5010W14.KNP_p50_k40_s50.aux,10,1,10,11,5,0,15,11,0.174592,0.016711,0.153847,0,2281.54,1,1,
slurm-9323736.out:result,/home/utr_lefebvre/AF-bilevel-ccg/code/data/nlp/K5010W14.KNP_p50_k40_s75.aux,10,1,10,11,5,0,15,11,0.473185,0.287447,0.159692,1092.35,1092.35,8,0,
slurm-9323737.out:result,/home/utr_lefebvre/AF-bilevel-ccg/code/data/nlp/K5010W15.KNP_p20_k20_s50.aux,10,1,10,11,2,0,18,11,0.195182,0.114411,0.076549,1922,1922,1,0,
slurm-9323738.out:result,/home/utr_lefebvre/AF-bilevel-ccg/code/data/nlp/K5010W15.KNP_p20_k20_s75.aux,10,1,10,11,2,0,18,11,0.277519,0.137718,0.127121,680.417,680.417,3,0,
slurm-9323739.out:result,/home/utr_lefebvre/AF-bilevel-ccg/code/data/nlp/K5010W15.KNP_p20_k40_s50.aux,10,1,10,11,2,0,18,11,0.279252,0.090454,0.179972,1077.22,1077.22,2,0,
slurm-9323740.out:result,/home/utr_lefebvre/AF-bilevel-ccg/code/data/nlp/K5010W15.KNP_p20_k40_s75.aux,10,1,10,11,2,0,18,11,0.622031,0.149642,0.462041,505,505,2,0,
slurm-9323741.out:result,/home/utr_lefebvre/AF-bilevel-ccg/code/data/nlp/K5010W15.KNP_p50_k20_s50.aux,10,1,10,11,5,0,15,11,0.852286,0.257905,0.571052,0,2332.4,5,1,
slurm-9323742.out:result,/home/utr_lefebvre/AF-bilevel-ccg/code/data/nlp/K5010W15.KNP_p50_k20_s75.aux,10,1,10,11,5,0,15,11,1.06206,0.507061,0.512834,1865.66,1865.66,9,0,
slurm-9323743.out:result,/home/utr_lefebvre/AF-bilevel-ccg/code/data/nlp/K5010W15.KNP_p50_k40_s50.aux,10,1,10,11,5,0,15,11,0.76573,0.150038,0.601389,0,248.818,3,1,
slurm-9323744.out:result,/home/utr_lefebvre/AF-bilevel-ccg/code/data/nlp/K5010W15.KNP_p50_k40_s75.aux,10,1,10,11,5,0,15,11,0.41929,0.234982,0.166918,2215.71,2215.71,5,0,
slurm-9323745.out:result,/home/utr_lefebvre/AF-bilevel-ccg/code/data/nlp/K5010W16.KNP_p20_k20_s50.aux,10,1,10,11,2,0,18,11,0.199516,0.069263,0.122765,1098,1098,2,0,
slurm-9323746.out:result,/home/utr_lefebvre/AF-bilevel-ccg/code/data/nlp/K5010W16.KNP_p20_k20_s75.aux,10,1,10,11,2,0,18,11,0.249961,0.111881,0.125101,449.114,449.114,3,0,
slurm-9323747.out:result,/home/utr_lefebvre/AF-bilevel-ccg/code/data/nlp/K5010W16.KNP_p20_k40_s50.aux,10,1,10,11,2,0,18,11,0.197047,0.053687,0.135917,368,368,2,0,
slurm-9323748.out:result,/home/utr_lefebvre/AF-bilevel-ccg/code/data/nlp/K5010W16.KNP_p20_k40_s75.aux,10,1,10,11,2,0,18,11,0.408975,0.034881,0.365656,368,368,2,0,
slurm-9323749.out:result,/home/utr_lefebvre/AF-bilevel-ccg/code/data/nlp/K5010W16.KNP_p50_k20_s50.aux,10,1,10,11,5,0,15,11,0.208238,0.025994,0.17735,0,3952.47,1,1,
slurm-9323750.out:result,/home/utr_lefebvre/AF-bilevel-ccg/code/data/nlp/K5010W16.KNP_p50_k20_s75.aux,10,1,10,11,5,0,15,11,0.567407,0.34838,0.1866,1098,1098,7,0,
slurm-9323751.out:result,/home/utr_lefebvre/AF-bilevel-ccg/code/data/nlp/K5010W16.KNP_p50_k40_s50.aux,10,1,10,11,5,0,15,11,0.243829,0.026055,0.212677,0,2604.64,1,1,
slurm-9323752.out:result,/home/utr_lefebvre/AF-bilevel-ccg/code/data/nlp/K5010W16.KNP_p50_k40_s75.aux,10,1,10,11,5,0,15,11,0.499889,0.296791,0.178877,0,1521.44,5,1,
slurm-9323753.out:result,/home/utr_lefebvre/AF-bilevel-ccg/code/data/nlp/K5010W17.KNP_p20_k20_s50.aux,10,1,10,11,2,0,18,11,0.43003,0.30611,0.119339,2519.13,2519.13,1,0,
slurm-9323754.out:result,/home/utr_lefebvre/AF-bilevel-ccg/code/data/nlp/K5010W17.KNP_p20_k20_s75.aux,10,1,10,11,2,0,18,11,0.251518,0.108099,0.132548,949.591,949.591,3,0,
slurm-9323755.out:result,/home/utr_lefebvre/AF-bilevel-ccg/code/data/nlp/K5010W17.KNP_p20_k40_s50.aux,10,1,10,11,2,0,18,11,0.226288,0.054719,0.16403,749,749,2,0,
slurm-9323756.out:result,/home/utr_lefebvre/AF-bilevel-ccg/code/data/nlp/K5010W17.KNP_p20_k40_s75.aux,10,1,10,11,2,0,18,11,0.243372,0.088651,0.147061,758.78,758.78,2,0,
slurm-9323757.out:result,/home/utr_lefebvre/AF-bilevel-ccg/code/data/nlp/K5010W17.KNP_p50_k20_s50.aux,10,1,10,11,5,0,15,11,0.349728,0.032561,0.313225,0,3565.34,1,1,
slurm-9323758.out:result,/home/utr_lefebvre/AF-bilevel-ccg/code/data/nlp/K5010W17.KNP_p50_k20_s75.aux,10,1,10,11,5,0,15,11,0.853736,0.416912,0.401483,2463.71,2463.71,8,0,
slurm-9323759.out:result,/home/utr_lefebvre/AF-bilevel-ccg/code/data/nlp/K5010W17.KNP_p50_k40_s50.aux,10,1,10,11,5,0,15,11,0.743316,0.192731,0.536159,284.896,456.188,3,1,
slurm-9323760.out:result,/home/utr_lefebvre/AF-bilevel-ccg/code/data/nlp/K5010W17.KNP_p50_k40_s75.aux,10,1,10,11,5,0,15,11,0.852494,0.430522,0.394584,2617.24,2617.24,6,0,
slurm-9323761.out:result,/home/utr_lefebvre/AF-bilevel-ccg/code/data/nlp/K5010W18.KNP_p20_k20_s50.aux,10,1,10,11,2,0,18,11,0.440414,0.137115,0.277188,1807,1807,2,0,
slurm-9323762.out:result,/home/utr_lefebvre/AF-bilevel-ccg/code/data/nlp/K5010W18.KNP_p20_k20_s75.aux,10,1,10,11,2,0,18,11,0.235664,0.100534,0.118226,706.488,706.488,4,0,
slurm-9323763.out:result,/home/utr_lefebvre/AF-bilevel-ccg/code/data/nlp/K5010W18.KNP_p20_k40_s50.aux,10,1,10,11,2,0,18,11,0.163482,0.060554,0.093736,550,550,2,0,
slurm-9323764.out:result,/home/utr_lefebvre/AF-bilevel-ccg/code/data/nlp/K5010W18.KNP_p20_k40_s75.aux,10,1,10,11,2,0,18,11,0.248569,0.062977,0.178058,550,550,2,0,
slurm-9323765.out:result,/home/utr_lefebvre/AF-bilevel-ccg/code/data/nlp/K5010W18.KNP_p50_k20_s50.aux,10,1,10,11,5,0,15,11,0.40418,0.145315,0.242002,365.158,1357.8,5,1,
slurm-9323766.out:result,/home/utr_lefebvre/AF-bilevel-ccg/code/data/nlp/K5010W18.KNP_p50_k20_s75.aux,10,1,10,11,5,0,15,11,0.492483,0.193612,0.267905,1715.8,1715.8,9,0,
slurm-9323767.out:result,/home/utr_lefebvre/AF-bilevel-ccg/code/data/nlp/K5010W18.KNP_p50_k40_s50.aux,10,1,10,11,5,0,15,11,0.284992,0.070199,0.204143,366,366,2,0,
slurm-9323768.out:result,/home/utr_lefebvre/AF-bilevel-ccg/code/data/nlp/K5010W18.KNP_p50_k40_s75.aux,10,1,10,11,5,0,15,11,0.413179,0.19436,0.196456,2434.44,2434.44,5,0,
slurm-9323769.out:result,/home/utr_lefebvre/AF-bilevel-ccg/code/data/nlp/K5010W19.KNP_p20_k20_s50.aux,10,1,10,11,2,0,18,11,0.251573,0.0843,0.161574,2445,2445,1,0,
slurm-9323770.out:result,/home/utr_lefebvre/AF-bilevel-ccg/code/data/nlp/K5010W19.KNP_p20_k20_s75.aux,10,1,10,11,2,0,18,11,0.315725,0.134778,0.165489,1166.05,1166.05,3,0,
slurm-9323771.out:result,/home/utr_lefebvre/AF-bilevel-ccg/code/data/nlp/K5010W19.KNP_p20_k40_s50.aux,10,1,10,11,2,0,18,11,0.19374,0.065582,0.120089,986,986,2,0,
slurm-9323772.out:result,/home/utr_lefebvre/AF-bilevel-ccg/code/data/nlp/K5010W19.KNP_p20_k40_s75.aux,10,1,10,11,2,0,18,11,0.200321,0.073443,0.119012,986,986,2,0,
slurm-9323773.out:result,/home/utr_lefebvre/AF-bilevel-ccg/code/data/nlp/K5010W19.KNP_p50_k20_s50.aux,10,1,10,11,5,0,15,11,0.266619,0.028531,0.234685,0,3450.77,1,1,
slurm-9323774.out:result,/home/utr_lefebvre/AF-bilevel-ccg/code/data/nlp/K5010W19.KNP_p50_k20_s75.aux,10,1,10,11,5,0,15,11,0.544404,0.311138,0.210213,2297.29,2297.29,7,0,
slurm-9323775.out:result,/home/utr_lefebvre/AF-bilevel-ccg/code/data/nlp/K5010W19.KNP_p50_k40_s50.aux,10,1,10,11,5,0,15,11,0.471032,0.147309,0.311825,571.418,581.249,3,1,
slurm-9323776.out:result,/home/utr_lefebvre/AF-bilevel-ccg/code/data/nlp/K5010W19.KNP_p50_k40_s75.aux,10,1,10,11,5,0,15,11,0.449155,0.267865,0.157297,2762.47,2762.47,5,0,
slurm-9323777.out:result,/home/utr_lefebvre/AF-bilevel-ccg/code/data/nlp/K5010W20.KNP_p20_k20_s50.aux,10,1,10,11,2,0,18,11,0.16518,0.068442,0.09117,2263.12,2263.12,1,0,
slurm-9323778.out:result,/home/utr_lefebvre/AF-bilevel-ccg/code/data/nlp/K5010W20.KNP_p20_k20_s75.aux,10,1,10,11,2,0,18,11,0.242024,0.123602,0.102859,810.248,810.248,3,0,
slurm-9323779.out:result,/home/utr_lefebvre/AF-bilevel-ccg/code/data/nlp/K5010W20.KNP_p20_k40_s50.aux,10,1,10,11,2,0,18,11,0.162435,0.051873,0.100147,609,609,2,0,
slurm-9323780.out:result,/home/utr_lefebvre/AF-bilevel-ccg/code/data/nlp/K5010W20.KNP_p20_k40_s75.aux,10,1,10,11,2,0,18,11,0.461433,0.064036,0.382642,617.426,617.449,4,0,
slurm-9323781.out:result,/home/utr_lefebvre/AF-bilevel-ccg/code/data/nlp/K5010W20.KNP_p50_k20_s50.aux,10,1,10,11,5,0,15,11,0.142332,0.015401,0.123517,0,4375.56,1,1,
slurm-9323782.out:result,/home/utr_lefebvre/AF-bilevel-ccg/code/data/nlp/K5010W20.KNP_p50_k20_s75.aux,10,1,10,11,5,0,15,11,0.519567,0.33433,0.162865,2141.59,2141.59,7,0,
slurm-9323783.out:result,/home/utr_lefebvre/AF-bilevel-ccg/code/data/nlp/K5010W20.KNP_p50_k40_s50.aux,10,1,10,11,5,0,15,11,0.437945,0.131016,0.295912,0,202.452,3,1,
slurm-9323784.out:result,/home/utr_lefebvre/AF-bilevel-ccg/code/data/nlp/K5010W20.KNP_p50_k40_s75.aux,10,1,10,11,5,0,15,11,0.787796,0.453757,0.301092,2034.75,2034.75,9,0,
slurm-9323785.out:result,/home/utr_lefebvre/AF-bilevel-ccg/code/data/nlp/K5020W01.KNP_p20_k20_s50.aux,20,1,20,21,4,0,36,21,0.48002,0.169738,0.288292,2474.73,2474.73,2,0,
slurm-9323786.out:result,/home/utr_lefebvre/AF-bilevel-ccg/code/data/nlp/K5020W01.KNP_p20_k20_s75.aux,20,1,20,21,4,0,36,21,0.618389,0.287094,0.290207,2921.83,2921.83,4,0,
slurm-9323787.out:result,/home/utr_lefebvre/AF-bilevel-ccg/code/data/nlp/K5020W01.KNP_p20_k40_s50.aux,20,1,20,21,4,0,36,21,0.974456,0.579632,0.353068,711.478,711.517,4,0,
slurm-9323788.out:result,/home/utr_lefebvre/AF-bilevel-ccg/code/data/nlp/K5020W01.KNP_p20_k40_s75.aux,20,1,20,21,4,0,36,21,0.565367,0.245404,0.276514,5068.83,5068.83,4,0,
slurm-9323789.out:result,/home/utr_lefebvre/AF-bilevel-ccg/code/data/nlp/K5020W01.KNP_p50_k20_s50.aux,20,1,20,21,10,0,30,21,0.635657,0.254526,0.300306,0,8488.22,11,1,
slurm-9323790.out:result,/home/utr_lefebvre/AF-bilevel-ccg/code/data/nlp/K5020W01.KNP_p50_k20_s75.aux,20,1,20,21,10,0,30,21,7.88752,7.31238,0.306568,2636,2636,39,0,
slurm-9323791.out:result,/home/utr_lefebvre/AF-bilevel-ccg/code/data/nlp/K5020W01.KNP_p50_k40_s50.aux,20,1,20,21,10,0,30,21,0.308242,0.034209,0.266027,0,9115.2,1,1,
slurm-9323792.out:result,/home/utr_lefebvre/AF-bilevel-ccg/code/data/nlp/K5020W01.KNP_p50_k40_s75.aux,20,1,20,21,10,0,30,21,1.1593,0.61829,0.51144,0,7583.22,4,1,
slurm-9323793.out:result,/home/utr_lefebvre/AF-bilevel-ccg/code/data/nlp/K5020W02.KNP_p20_k20_s50.aux,20,1,20,21,4,0,36,21,0.611668,0.336897,0.247064,3613.46,3613.46,3,0,
slurm-9323794.out:result,/home/utr_lefebvre/AF-bilevel-ccg/code/data/nlp/K5020W02.KNP_p20_k20_s75.aux,20,1,20,21,4,0,36,21,0.648232,0.396635,0.211654,3720.23,3720.23,4,0,
slurm-9323795.out:result,/home/utr_lefebvre/AF-bilevel-ccg/code/data/nlp/K5020W02.KNP_p20_k40_s50.aux,20,1,20,21,4,0,36,21,1.02739,0.634091,0.33988,1912,1912.18,5,0,
slurm-9323796.out:result,/home/utr_lefebvre/AF-bilevel-ccg/code/data/nlp/K5020W02.KNP_p20_k40_s75.aux,20,1,20,21,4,0,36,21,0.512626,0.227555,0.234083,4367.42,4367.42,5,0,
slurm-9323797.out:result,/home/utr_lefebvre/AF-bilevel-ccg/code/data/nlp/K5020W02.KNP_p50_k20_s50.aux,20,1,20,21,10,0,30,21,0.697223,0.240612,0.424674,0,7245.69,3,1,
slurm-9323798.out:result,/home/utr_lefebvre/AF-bilevel-ccg/code/data/nlp/K5020W02.KNP_p50_k20_s75.aux,20,1,20,21,10,0,30,21,6.67877,6.23248,0.217615,3299.29,3299.29,32,0,
slurm-9323799.out:result,/home/utr_lefebvre/AF-bilevel-ccg/code/data/nlp/K5020W02.KNP_p50_k40_s50.aux,20,1,20,21,10,0,30,21,0.342797,0.05968,0.267576,0,6983.25,2,1,
slurm-9323800.out:result,/home/utr_lefebvre/AF-bilevel-ccg/code/data/nlp/K5020W02.KNP_p50_k40_s75.aux,20,1,20,21,10,0,30,21,0.864542,0.472529,0.363817,0,7650.47,4,1,
slurm-9323801.out:result,/home/utr_lefebvre/AF-bilevel-ccg/code/data/nlp/K5020W03.KNP_p20_k20_s50.aux,20,1,20,21,4,0,36,21,0.525808,0.250453,0.250078,2505.38,2505.38,3,0,
slurm-9323802.out:result,/home/utr_lefebvre/AF-bilevel-ccg/code/data/nlp/K5020W03.KNP_p20_k20_s75.aux,20,1,20,21,4,0,36,21,0.603662,0.353414,0.220278,2713.79,2713.79,3,0,
slurm-9323803.out:result,/home/utr_lefebvre/AF-bilevel-ccg/code/data/nlp/K5020W03.KNP_p20_k40_s50.aux,20,1,20,21,4,0,36,21,0.281678,0.050403,0.210502,0,7198.41,2,1,
slurm-9323804.out:result,/home/utr_lefebvre/AF-bilevel-ccg/code/data/nlp/K5020W03.KNP_p20_k40_s75.aux,20,1,20,21,4,0,36,21,0.675401,0.478681,0.153506,3673.48,3673.48,4,0,
slurm-9323805.out:result,/home/utr_lefebvre/AF-bilevel-ccg/code/data/nlp/K5020W03.KNP_p50_k20_s50.aux,20,1,20,21,10,0,30,21,0.683075,0.344209,0.270314,0,7425.02,7,1,
slurm-9323806.out:result,/home/utr_lefebvre/AF-bilevel-ccg/code/data/nlp/K5020W03.KNP_p50_k20_s75.aux,20,1,20,21,10,0,30,21,1.23523,0.918992,0.203041,2480,2480,12,0,
slurm-9323807.out:result,/home/utr_lefebvre/AF-bilevel-ccg/code/data/nlp/K5020W03.KNP_p50_k40_s50.aux,20,1,20,21,10,0,30,21,0.401582,0.153153,0.205382,0,7665.28,5,1,
slurm-9323808.out:result,/home/utr_lefebvre/AF-bilevel-ccg/code/data/nlp/K5020W03.KNP_p50_k40_s75.aux,20,1,20,21,10,0,30,21,0.225446,0.018481,0.199669,0,7379.17,1,1,
slurm-9323809.out:result,/home/utr_lefebvre/AF-bilevel-ccg/code/data/nlp/K5020W04.KNP_p20_k20_s50.aux,20,1,20,21,4,0,36,21,0.370651,0.119961,0.234917,3177.06,3177.06,2,0,
slurm-9323810.out:result,/home/utr_lefebvre/AF-bilevel-ccg/code/data/nlp/K5020W04.KNP_p20_k20_s75.aux,20,1,20,21,4,0,36,21,0.486018,0.21002,0.240878,3531.57,3531.81,5,0,
slurm-9323811.out:result,/home/utr_lefebvre/AF-bilevel-ccg/code/data/nlp/K5020W04.KNP_p20_k40_s50.aux,20,1,20,21,4,0,36,21,0.93882,0.509688,0.389012,1223.27,1223.34,5,0,
slurm-9323812.out:result,/home/utr_lefebvre/AF-bilevel-ccg/code/data/nlp/K5020W04.KNP_p20_k40_s75.aux,20,1,20,21,4,0,36,21,0.482787,0.265597,0.174917,4826.58,4826.58,4,0,
slurm-9323813.out:result,/home/utr_lefebvre/AF-bilevel-ccg/code/data/nlp/K5020W04.KNP_p50_k20_s50.aux,20,1,20,21,10,0,30,21,6.13002,3.82875,1.76143,0,4323.39,52,1,
slurm-9323814.out:result,/home/utr_lefebvre/AF-bilevel-ccg/code/data/nlp/K5020W04.KNP_p50_k20_s75.aux,20,1,20,21,10,0,30,21,0.299711,0.058358,0.222291,0,8069.02,2,1,
slurm-9323815.out:result,/home/utr_lefebvre/AF-bilevel-ccg/code/data/nlp/K5020W04.KNP_p50_k40_s50.aux,20,1,20,21,10,0,30,21,0.651074,0.313167,0.306309,0,7003.71,3,1,
slurm-9323816.out:result,/home/utr_lefebvre/AF-bilevel-ccg/code/data/nlp/K5020W04.KNP_p50_k40_s75.aux,20,1,20,21,10,0,30,21,0.3418,0.016296,0.318056,0,6588.6,1,1,
slurm-9323817.out:result,/home/utr_lefebvre/AF-bilevel-ccg/code/data/nlp/K5020W05.KNP_p20_k20_s50.aux,20,1,20,21,4,0,36,21,0.297802,0.147603,0.12998,3592.98,3592.98,2,0,
slurm-9323818.out:result,/home/utr_lefebvre/AF-bilevel-ccg/code/data/nlp/K5020W05.KNP_p20_k20_s75.aux,20,1,20,21,4,0,36,21,0.46273,0.212354,0.220939,4016.71,4016.71,4,0,
slurm-9323819.out:result,/home/utr_lefebvre/AF-bilevel-ccg/code/data/nlp/K5020W05.KNP_p20_k40_s50.aux,20,1,20,21,4,0,36,21,0.380128,0.062834,0.302486,0,6523.88,2,1,
slurm-9323820.out:result,/home/utr_lefebvre/AF-bilevel-ccg/code/data/nlp/K5020W05.KNP_p20_k40_s75.aux,20,1,20,21,4,0,36,21,0.699744,0.324698,0.34162,4346.77,4346.77,4,0,
slurm-9323821.out:result,/home/utr_lefebvre/AF-bilevel-ccg/code/data/nlp/K5020W05.KNP_p50_k20_s50.aux,20,1,20,21,10,0,30,21,2.25034,1.36369,0.601263,0,4943.02,25,1,
slurm-9323822.out:result,/home/utr_lefebvre/AF-bilevel-ccg/code/data/nlp/K5020W05.KNP_p50_k20_s75.aux,20,1,20,21,10,0,30,21,0.253517,0.122212,0.056788,0,6824.49,8,1,
slurm-9323823.out:result,/home/utr_lefebvre/AF-bilevel-ccg/code/data/nlp/K5020W05.KNP_p50_k40_s50.aux,20,1,20,21,10,0,30,21,0.099611,0.002329,0.086628,0,8050.61,1,1,
slurm-9323824.out:result,/home/utr_lefebvre/AF-bilevel-ccg/code/data/nlp/K5020W05.KNP_p50_k40_s75.aux,20,1,20,21,10,0,30,21,0.843015,0.254336,0.567427,0,6011.64,2,1,
slurm-9323825.out:result,/home/utr_lefebvre/AF-bilevel-ccg/code/data/nlp/K5020W06.KNP_p20_k20_s50.aux,20,1,20,21,4,0,36,21,0.265588,0.117715,0.12104,2217.44,2217.44,3,0,
slurm-9323826.out:result,/home/utr_lefebvre/AF-bilevel-ccg/code/data/nlp/K5020W06.KNP_p20_k20_s75.aux,20,1,20,21,4,0,36,21,0.296447,0.144217,0.128461,2298.7,2298.7,3,0,
slurm-9323827.out:result,/home/utr_lefebvre/AF-bilevel-ccg/code/data/nlp/K5020W06.KNP_p20_k40_s50.aux,20,1,20,21,4,0,36,21,0.909964,0.480981,0.397946,798.12,798,4,0,
slurm-9323828.out:result,/home/utr_lefebvre/AF-bilevel-ccg/code/data/nlp/K5020W06.KNP_p20_k40_s75.aux,20,1,20,21,4,0,36,21,0.417248,0.245026,0.145998,3577.7,3577.7,3,0,
slurm-9323829.out:result,/home/utr_lefebvre/AF-bilevel-ccg/code/data/nlp/K5020W06.KNP_p50_k20_s50.aux,20,1,20,21,10,0,30,21,0.980153,0.440688,0.430428,0,5109.75,14,1,
slurm-9323830.out:result,/home/utr_lefebvre/AF-bilevel-ccg/code/data/nlp/K5020W06.KNP_p50_k20_s75.aux,20,1,20,21,10,0,30,21,0.472052,0.100273,0.362018,0,6513.19,1,1,
slurm-9323831.out:result,/home/utr_lefebvre/AF-bilevel-ccg/code/data/nlp/K5020W06.KNP_p50_k40_s50.aux,20,1,20,21,10,0,30,21,0.594072,0.216235,0.356058,0,6101.39,2,1,
slurm-9323832.out:result,/home/utr_lefebvre/AF-bilevel-ccg/code/data/nlp/K5020W06.KNP_p50_k40_s75.aux,20,1,20,21,10,0,30,21,0.465975,0.08759,0.368209,0,6191.84,1,1,
slurm-9323833.out:result,/home/utr_lefebvre/AF-bilevel-ccg/code/data/nlp/K5020W07.KNP_p20_k20_s50.aux,20,1,20,21,4,0,36,21,0.390802,0.09014,0.290233,0,8307.69,1,1,
slurm-9323834.out:result,/home/utr_lefebvre/AF-bilevel-ccg/code/data/nlp/K5020W07.KNP_p20_k20_s75.aux,20,1,20,21,4,0,36,21,0.486063,0.296675,0.14418,2586.87,2586.87,6,0,
slurm-9323835.out:result,/home/utr_lefebvre/AF-bilevel-ccg/code/data/nlp/K5020W07.KNP_p20_k40_s50.aux,20,1,20,21,4,0,36,21,0.152138,0.015504,0.128971,0,7721.88,1,1,
slurm-9323836.out:result,/home/utr_lefebvre/AF-bilevel-ccg/code/data/nlp/K5020W07.KNP_p20_k40_s75.aux,20,1,20,21,4,0,36,21,0.727736,0.393016,0.290599,4698.87,4698.87,6,0,
slurm-9323837.out:result,/home/utr_lefebvre/AF-bilevel-ccg/code/data/nlp/K5020W07.KNP_p50_k20_s50.aux,20,1,20,21,10,0,30,21,0.784823,0.434406,0.278224,0,7158.35,10,1,
slurm-9323838.out:result,/home/utr_lefebvre/AF-bilevel-ccg/code/data/nlp/K5020W07.KNP_p50_k20_s75.aux,20,1,20,21,10,0,30,21,2.34847,1.94042,0.256465,2411,2411,19,0,
slurm-9323839.out:result,/home/utr_lefebvre/AF-bilevel-ccg/code/data/nlp/K5020W07.KNP_p50_k40_s50.aux,20,1,20,21,10,0,30,21,0.566192,0.07619,0.468059,0,8386.95,2,1,
slurm-9323840.out:result,/home/utr_lefebvre/AF-bilevel-ccg/code/data/nlp/K5020W07.KNP_p50_k40_s75.aux,20,1,20,21,10,0,30,21,0.528948,0.044004,0.474638,0,7818.98,1,1,
slurm-9323841.out:result,/home/utr_lefebvre/AF-bilevel-ccg/code/data/nlp/K5020W08.KNP_p20_k20_s50.aux,20,1,20,21,4,0,36,21,0.50358,0.05853,0.434233,0,7498.09,1,1,
slurm-9323842.out:result,/home/utr_lefebvre/AF-bilevel-ccg/code/data/nlp/K5020W08.KNP_p20_k20_s75.aux,20,1,20,21,4,0,36,21,1.62226,1.09369,0.45492,3478.94,3478.94,7,0,
slurm-9323843.out:result,/home/utr_lefebvre/AF-bilevel-ccg/code/data/nlp/K5020W08.KNP_p20_k40_s50.aux,20,1,20,21,4,0,36,21,0.916679,0.481638,0.403916,2288.1,2338.73,4,1,
slurm-9323844.out:result,/home/utr_lefebvre/AF-bilevel-ccg/code/data/nlp/K5020W08.KNP_p20_k40_s75.aux,20,1,20,21,4,0,36,21,0.183553,0.03352,0.135323,0,7249.67,2,1,
slurm-9323845.out:result,/home/utr_lefebvre/AF-bilevel-ccg/code/data/nlp/K5020W08.KNP_p50_k20_s50.aux,20,1,20,21,10,0,30,21,1.07424,0.4712,0.525493,0,6986.53,11,1,
slurm-9323846.out:result,/home/utr_lefebvre/AF-bilevel-ccg/code/data/nlp/K5020W08.KNP_p50_k20_s75.aux,20,1,20,21,10,0,30,21,1.58999,1.2639,0.220882,3692.4,3692.4,15,0,
slurm-9323847.out:result,/home/utr_lefebvre/AF-bilevel-ccg/code/data/nlp/K5020W08.KNP_p50_k40_s50.aux,20,1,20,21,10,0,30,21,0.357419,0.025034,0.323201,0,7668.98,1,1,
slurm-9323848.out:result,/home/utr_lefebvre/AF-bilevel-ccg/code/data/nlp/K5020W08.KNP_p50_k40_s75.aux,20,1,20,21,10,0,30,21,0.972133,0.423327,0.518194,0,6585.67,3,1,
slurm-9323849.out:result,/home/utr_lefebvre/AF-bilevel-ccg/code/data/nlp/K5020W09.KNP_p20_k20_s50.aux,20,1,20,21,4,0,36,21,0.371593,0.035114,0.326125,0,6612.59,1,1,
slurm-9323850.out:result,/home/utr_lefebvre/AF-bilevel-ccg/code/data/nlp/K5020W09.KNP_p20_k20_s75.aux,20,1,20,21,4,0,36,21,0.92911,0.561681,0.305427,2392.02,2392.02,6,0,
slurm-9323851.out:result,/home/utr_lefebvre/AF-bilevel-ccg/code/data/nlp/K5020W09.KNP_p20_k40_s50.aux,20,1,20,21,4,0,36,21,0.623766,0.224479,0.363808,377.147,377,3,0,
slurm-9323852.out:result,/home/utr_lefebvre/AF-bilevel-ccg/code/data/nlp/K5020W09.KNP_p20_k40_s75.aux,20,1,20,21,4,0,36,21,1.1227,0.919821,0.133817,4476.97,4476.97,9,0,
slurm-9323853.out:result,/home/utr_lefebvre/AF-bilevel-ccg/code/data/nlp/K5020W09.KNP_p50_k20_s50.aux,20,1,20,21,10,0,30,21,0.758507,0.408236,0.294694,0,6603.59,8,1,
slurm-9323854.out:result,/home/utr_lefebvre/AF-bilevel-ccg/code/data/nlp/K5020W09.KNP_p50_k20_s75.aux,20,1,20,21,10,0,30,21,0.348798,0.03761,0.304122,0,7152.71,1,1,
slurm-9323855.out:result,/home/utr_lefebvre/AF-bilevel-ccg/code/data/nlp/K5020W09.KNP_p50_k40_s50.aux,20,1,20,21,10,0,30,21,0.98074,0.530648,0.426401,0,6653.71,3,1,
slurm-9323856.out:result,/home/utr_lefebvre/AF-bilevel-ccg/code/data/nlp/K5020W09.KNP_p50_k40_s75.aux,20,1,20,21,10,0,30,21,5.26462,3.33898,1.80654,0,5633.04,14,1,
slurm-9323857.out:result,/home/utr_lefebvre/AF-bilevel-ccg/code/data/nlp/K5020W10.KNP_p20_k20_s50.aux,20,1,20,21,4,0,36,21,0.631665,0.259137,0.349673,3134.69,3134.69,2,0,
slurm-9323858.out:result,/home/utr_lefebvre/AF-bilevel-ccg/code/data/nlp/K5020W10.KNP_p20_k20_s75.aux,20,1,20,21,4,0,36,21,0.691348,0.320239,0.34908,3230.47,3230.47,2,0,
slurm-9323859.out:result,/home/utr_lefebvre/AF-bilevel-ccg/code/data/nlp/K5020W10.KNP_p20_k40_s50.aux,20,1,20,21,4,0,36,21,0.775728,0.332426,0.409008,1630,1630,3,0,
slurm-9323860.out:result,/home/utr_lefebvre/AF-bilevel-ccg/code/data/nlp/K5020W10.KNP_p20_k40_s75.aux,20,1,20,21,4,0,36,21,0.599646,0.236517,0.309814,4513.48,4513.48,3,0,
slurm-9323861.out:result,/home/utr_lefebvre/AF-bilevel-ccg/code/data/nlp/K5020W10.KNP_p50_k20_s50.aux,20,1,20,21,10,0,30,21,0.373672,0.148022,0.203247,0,8376.26,3,1,
slurm-9323862.out:result,/home/utr_lefebvre/AF-bilevel-ccg/code/data/nlp/K5020W10.KNP_p50_k20_s75.aux,20,1,20,21,10,0,30,21,7.33674,6.82108,0.284135,2828,2828,34,0,
slurm-9323863.out:result,/home/utr_lefebvre/AF-bilevel-ccg/code/data/nlp/K5020W10.KNP_p50_k40_s50.aux,20,1,20,21,10,0,30,21,0.517637,0.121427,0.380376,0,8078.06,2,1,
slurm-9323864.out:result,/home/utr_lefebvre/AF-bilevel-ccg/code/data/nlp/K5020W10.KNP_p50_k40_s75.aux,20,1,20,21,10,0,30,21,0.389165,0.029862,0.351889,0,7812.06,1,1,
slurm-9323865.out:result,/home/utr_lefebvre/AF-bilevel-ccg/code/data/nlp/K5020W11.KNP_p20_k20_s50.aux,20,1,20,21,4,0,36,21,0.618344,0.286182,0.305542,1993.37,1993.37,3,0,
slurm-9323866.out:result,/home/utr_lefebvre/AF-bilevel-ccg/code/data/nlp/K5020W11.KNP_p20_k20_s75.aux,20,1,20,21,4,0,36,21,1.16534,0.640548,0.4305,2291.96,2291.96,9,0,
slurm-9323867.out:result,/home/utr_lefebvre/AF-bilevel-ccg/code/data/nlp/K5020W11.KNP_p20_k40_s50.aux,20,1,20,21,4,0,36,21,0.449832,0.056868,0.382374,0,6240.76,1,1,
slurm-9323868.out:result,/home/utr_lefebvre/AF-bilevel-ccg/code/data/nlp/K5020W11.KNP_p20_k40_s75.aux,20,1,20,21,4,0,36,21,2.00367,1.37537,0.502951,2833.19,2833.19,11,0,
slurm-9323869.out:result,/home/utr_lefebvre/AF-bilevel-ccg/code/data/nlp/K5020W11.KNP_p50_k20_s50.aux,20,1,20,21,10,0,30,21,5.32757,3.62941,1.16859,0,3531.56,49,1,
slurm-9323870.out:result,/home/utr_lefebvre/AF-bilevel-ccg/code/data/nlp/K5020W11.KNP_p50_k20_s75.aux,20,1,20,21,10,0,30,21,3.53246,3.17648,0.176073,2894,2894,25,0,
slurm-9323871.out:result,/home/utr_lefebvre/AF-bilevel-ccg/code/data/nlp/K5020W11.KNP_p50_k40_s50.aux,20,1,20,21,10,0,30,21,4.32889,2.27658,1.97513,0,5862.9,10,1,
slurm-9323872.out:result,/home/utr_lefebvre/AF-bilevel-ccg/code/data/nlp/K5020W11.KNP_p50_k40_s75.aux,20,1,20,21,10,0,30,21,0.404084,0.025403,0.371015,0,5810.23,1,1,
slurm-9323873.out:result,/home/utr_lefebvre/AF-bilevel-ccg/code/data/nlp/K5020W12.KNP_p20_k20_s50.aux,20,1,20,21,4,0,36,21,0.52473,0.211412,0.276679,1974.18,1991.26,5,1,
slurm-9323874.out:result,/home/utr_lefebvre/AF-bilevel-ccg/code/data/nlp/K5020W12.KNP_p20_k20_s75.aux,20,1,20,21,4,0,36,21,0.591447,0.250172,0.299154,2304.47,2304.47,5,0,
slurm-9323875.out:result,/home/utr_lefebvre/AF-bilevel-ccg/code/data/nlp/K5020W12.KNP_p20_k40_s50.aux,20,1,20,21,4,0,36,21,0.746782,0.402752,0.309763,1423,1423,3,0,
slurm-9323876.out:result,/home/utr_lefebvre/AF-bilevel-ccg/code/data/nlp/K5020W12.KNP_p20_k40_s75.aux,20,1,20,21,4,0,36,21,1.68581,1.30099,0.290202,3112.44,3112.44,9,0,
slurm-9323877.out:result,/home/utr_lefebvre/AF-bilevel-ccg/code/data/nlp/K5020W12.KNP_p50_k20_s50.aux,20,1,20,21,10,0,30,21,11.3569,9.18374,1.78943,556.349,1925.49,35,1,
slurm-9323878.out:result,/home/utr_lefebvre/AF-bilevel-ccg/code/data/nlp/K5020W12.KNP_p50_k20_s75.aux,20,1,20,21,10,0,30,21,3.77195,3.21198,0.276174,3419,3419,27,0,
slurm-9323879.out:result,/home/utr_lefebvre/AF-bilevel-ccg/code/data/nlp/K5020W12.KNP_p50_k40_s50.aux,20,1,20,21,10,0,30,21,1.01796,0.529682,0.464762,0,8319.5,3,1,
slurm-9323880.out:result,/home/utr_lefebvre/AF-bilevel-ccg/code/data/nlp/K5020W12.KNP_p50_k40_s75.aux,20,1,20,21,10,0,30,21,5.33976,4.34575,0.798521,0,5052.22,28,1,
slurm-9323881.out:result,/home/utr_lefebvre/AF-bilevel-ccg/code/data/nlp/K5020W13.KNP_p20_k20_s50.aux,20,1,20,21,4,0,36,21,0.571948,0.266958,0.266307,3231.68,3231.75,5,0,
slurm-9323882.out:result,/home/utr_lefebvre/AF-bilevel-ccg/code/data/nlp/K5020W13.KNP_p20_k20_s75.aux,20,1,20,21,4,0,36,21,0.295602,0.022491,0.265548,0,8906.72,1,1,
slurm-9323883.out:result,/home/utr_lefebvre/AF-bilevel-ccg/code/data/nlp/K5020W13.KNP_p20_k40_s50.aux,20,1,20,21,4,0,36,21,0.845766,0.488778,0.314334,1912,1912.06,5,0,
slurm-9323884.out:result,/home/utr_lefebvre/AF-bilevel-ccg/code/data/nlp/K5020W13.KNP_p20_k40_s75.aux,20,1,20,21,4,0,36,21,0.312772,0.057905,0.234173,0,8896.13,2,1,
slurm-9323885.out:result,/home/utr_lefebvre/AF-bilevel-ccg/code/data/nlp/K5020W13.KNP_p50_k20_s50.aux,20,1,20,21,10,0,30,21,0.319841,0.043815,0.255916,0,8833.14,2,1,
slurm-9323886.out:result,/home/utr_lefebvre/AF-bilevel-ccg/code/data/nlp/K5020W13.KNP_p50_k20_s75.aux,20,1,20,21,10,0,30,21,0.322921,0.065845,0.23819,0,9284.4,2,1,
slurm-9323887.out:result,/home/utr_lefebvre/AF-bilevel-ccg/code/data/nlp/K5020W13.KNP_p50_k40_s50.aux,20,1,20,21,10,0,30,21,0.312673,0.026932,0.274511,0,9438.32,1,1,
slurm-9323888.out:result,/home/utr_lefebvre/AF-bilevel-ccg/code/data/nlp/K5020W13.KNP_p50_k40_s75.aux,20,1,20,21,10,0,30,21,7.81096,6.83562,0.759678,4333.26,4333.52,28,0,
slurm-9323889.out:result,/home/utr_lefebvre/AF-bilevel-ccg/code/data/nlp/K5020W14.KNP_p20_k20_s50.aux,20,1,20,21,4,0,36,21,0.249425,0.05747,0.177294,0,7855.1,2,1,
slurm-9323890.out:result,/home/utr_lefebvre/AF-bilevel-ccg/code/data/nlp/K5020W14.KNP_p20_k20_s75.aux,20,1,20,21,4,0,36,21,0.328231,0.035725,0.284977,0,7786.88,1,1,
slurm-9323891.out:result,/home/utr_lefebvre/AF-bilevel-ccg/code/data/nlp/K5020W14.KNP_p20_k40_s50.aux,20,1,20,21,4,0,36,21,0.450221,0.236668,0.189465,1428,1428,3,0,
slurm-9323892.out:result,/home/utr_lefebvre/AF-bilevel-ccg/code/data/nlp/K5020W14.KNP_p20_k40_s75.aux,20,1,20,21,4,0,36,21,0.838975,0.627425,0.168238,3629.29,3629.29,5,0,
slurm-9323893.out:result,/home/utr_lefebvre/AF-bilevel-ccg/code/data/nlp/K5020W14.KNP_p50_k20_s50.aux,20,1,20,21,10,0,30,21,1.69768,1.04461,0.46222,0,5736.23,18,1,
slurm-9323894.out:result,/home/utr_lefebvre/AF-bilevel-ccg/code/data/nlp/K5020W14.KNP_p50_k20_s75.aux,20,1,20,21,10,0,30,21,0.307291,0.07932,0.20816,0,7265.05,2,1,
slurm-9323895.out:result,/home/utr_lefebvre/AF-bilevel-ccg/code/data/nlp/K5020W14.KNP_p50_k40_s50.aux,20,1,20,21,10,0,30,21,0.323911,0.068061,0.233251,0,7865.4,2,1,
slurm-9323896.out:result,/home/utr_lefebvre/AF-bilevel-ccg/code/data/nlp/K5020W14.KNP_p50_k40_s75.aux,20,1,20,21,10,0,30,21,0.372744,0.0273,0.334796,0,7031.23,1,1,
slurm-9323897.out:result,/home/utr_lefebvre/AF-bilevel-ccg/code/data/nlp/K5020W15.KNP_p20_k20_s50.aux,20,1,20,21,4,0,36,21,0.361017,0.193777,0.134371,2752.36,2752.36,4,0,
slurm-9323898.out:result,/home/utr_lefebvre/AF-bilevel-ccg/code/data/nlp/K5020W15.KNP_p20_k20_s75.aux,20,1,20,21,4,0,36,21,0.414033,0.241666,0.14297,2979.7,2979.7,4,0,
slurm-9323899.out:result,/home/utr_lefebvre/AF-bilevel-ccg/code/data/nlp/K5020W15.KNP_p20_k40_s50.aux,20,1,20,21,4,0,36,21,0.340949,0.05451,0.278728,0,6921.24,1,1,
slurm-9323900.out:result,/home/utr_lefebvre/AF-bilevel-ccg/code/data/nlp/K5020W15.KNP_p20_k40_s75.aux,20,1,20,21,4,0,36,21,0.381901,0.219403,0.125175,3432.98,3432.98,5,0,
slurm-9323901.out:result,/home/utr_lefebvre/AF-bilevel-ccg/code/data/nlp/K5020W15.KNP_p50_k20_s50.aux,20,1,20,21,10,0,30,21,1.18907,0.354919,0.789539,0,7688.89,5,1,
slurm-9323902.out:result,/home/utr_lefebvre/AF-bilevel-ccg/code/data/nlp/K5020W15.KNP_p50_k20_s75.aux,20,1,20,21,10,0,30,21,0.455158,0.045818,0.390447,0,7746.05,2,1,
slurm-9323903.out:result,/home/utr_lefebvre/AF-bilevel-ccg/code/data/nlp/K5020W15.KNP_p50_k40_s50.aux,20,1,20,21,10,0,30,21,0.431392,0.019463,0.401106,0,8452.07,1,1,
slurm-9323904.out:result,/home/utr_lefebvre/AF-bilevel-ccg/code/data/nlp/K5020W15.KNP_p50_k40_s75.aux,20,1,20,21,10,0,30,21,0.575047,0.115576,0.439414,0,7067.12,2,1,
slurm-9323905.out:result,/home/utr_lefebvre/AF-bilevel-ccg/code/data/nlp/K5020W16.KNP_p20_k20_s50.aux,20,1,20,21,4,0,36,21,1.08367,0.579952,0.441701,2399.24,2399.24,6,0,
slurm-9323906.out:result,/home/utr_lefebvre/AF-bilevel-ccg/code/data/nlp/K5020W16.KNP_p20_k20_s75.aux,20,1,20,21,4,0,36,21,0.440197,0.213961,0.195239,2681.4,2681.4,4,0,
slurm-9323907.out:result,/home/utr_lefebvre/AF-bilevel-ccg/code/data/nlp/K5020W16.KNP_p20_k40_s50.aux,20,1,20,21,4,0,36,21,0.850371,0.577411,0.222524,1208.12,1208.14,7,0,
slurm-9323908.out:result,/home/utr_lefebvre/AF-bilevel-ccg/code/data/nlp/K5020W16.KNP_p20_k40_s75.aux,20,1,20,21,4,0,36,21,0.680063,0.377227,0.273226,3714.4,3714.4,4,0,
slurm-9323909.out:result,/home/utr_lefebvre/AF-bilevel-ccg/code/data/nlp/K5020W16.KNP_p50_k20_s50.aux,20,1,20,21,10,0,30,21,0.766285,0.41207,0.29233,0,7157.66,8,1,
slurm-9323910.out:result,/home/utr_lefebvre/AF-bilevel-ccg/code/data/nlp/K5020W16.KNP_p50_k20_s75.aux,20,1,20,21,10,0,30,21,11.7907,11.0868,0.352661,2796,2796,42,0,
slurm-9323911.out:result,/home/utr_lefebvre/AF-bilevel-ccg/code/data/nlp/K5020W16.KNP_p50_k40_s50.aux,20,1,20,21,10,0,30,21,0.548928,0.052409,0.485842,0,7789.31,1,1,
slurm-9323912.out:result,/home/utr_lefebvre/AF-bilevel-ccg/code/data/nlp/K5020W16.KNP_p50_k40_s75.aux,20,1,20,21,10,0,30,21,7.40211,5.67863,1.48655,2921.14,3315.68,22,1,
slurm-9323913.out:result,/home/utr_lefebvre/AF-bilevel-ccg/code/data/nlp/K5020W17.KNP_p20_k20_s50.aux,20,1,20,21,4,0,36,21,0.527168,0.175434,0.324081,3436.96,3436.96,2,0,
slurm-9323914.out:result,/home/utr_lefebvre/AF-bilevel-ccg/code/data/nlp/K5020W17.KNP_p20_k20_s75.aux,20,1,20,21,4,0,36,21,0.74737,0.326629,0.372283,3971.95,3971.97,5,0,
slurm-9323915.out:result,/home/utr_lefebvre/AF-bilevel-ccg/code/data/nlp/K5020W17.KNP_p20_k40_s50.aux,20,1,20,21,4,0,36,21,0.604809,0.336908,0.229531,1174.07,1174.12,5,0,
slurm-9323916.out:result,/home/utr_lefebvre/AF-bilevel-ccg/code/data/nlp/K5020W17.KNP_p20_k40_s75.aux,20,1,20,21,4,0,36,21,0.358749,0.158758,0.16448,5307.92,5307.95,5,0,
slurm-9323917.out:result,/home/utr_lefebvre/AF-bilevel-ccg/code/data/nlp/K5020W17.KNP_p50_k20_s50.aux,20,1,20,21,10,0,30,21,1.77188,0.936606,0.710251,0,6409.53,17,1,
slurm-9323918.out:result,/home/utr_lefebvre/AF-bilevel-ccg/code/data/nlp/K5020W17.KNP_p50_k20_s75.aux,20,1,20,21,10,0,30,21,2.93415,2.44326,0.302399,3309.94,3309.94,27,0,
slurm-9323919.out:result,/home/utr_lefebvre/AF-bilevel-ccg/code/data/nlp/K5020W17.KNP_p50_k40_s50.aux,20,1,20,21,10,0,30,21,0.324886,0.067595,0.229646,0,9337.14,3,1,
slurm-9323920.out:result,/home/utr_lefebvre/AF-bilevel-ccg/code/data/nlp/K5020W17.KNP_p50_k40_s75.aux,20,1,20,21,10,0,30,21,0.454432,0.017332,0.427478,0,8479.92,1,1,
slurm-9323921.out:result,/home/utr_lefebvre/AF-bilevel-ccg/code/data/nlp/K5020W18.KNP_p20_k20_s50.aux,20,1,20,21,4,0,36,21,0.450865,0.28874,0.132517,3164.69,3164.69,3,0,
slurm-9323922.out:result,/home/utr_lefebvre/AF-bilevel-ccg/code/data/nlp/K5020W18.KNP_p20_k20_s75.aux,20,1,20,21,4,0,36,21,0.406222,0.244872,0.131961,3353.44,3353.44,3,0,
slurm-9323923.out:result,/home/utr_lefebvre/AF-bilevel-ccg/code/data/nlp/K5020W18.KNP_p20_k40_s50.aux,20,1,20,21,4,0,36,21,0.852685,0.55008,0.253429,1282.2,1282.22,5,0,
slurm-9323924.out:result,/home/utr_lefebvre/AF-bilevel-ccg/code/data/nlp/K5020W18.KNP_p20_k40_s75.aux,20,1,20,21,4,0,36,21,0.956956,0.768641,0.142312,4436.95,4436.95,6,0,
slurm-9323925.out:result,/home/utr_lefebvre/AF-bilevel-ccg/code/data/nlp/K5020W18.KNP_p50_k20_s50.aux,20,1,20,21,10,0,30,21,0.244159,0.064478,0.165365,0,7121.8,2,1,
slurm-9323926.out:result,/home/utr_lefebvre/AF-bilevel-ccg/code/data/nlp/K5020W18.KNP_p50_k20_s75.aux,20,1,20,21,10,0,30,21,0.265895,0.060844,0.19155,0,7133.7,2,1,
slurm-9323927.out:result,/home/utr_lefebvre/AF-bilevel-ccg/code/data/nlp/K5020W18.KNP_p50_k40_s50.aux,20,1,20,21,10,0,30,21,0.644207,0.264035,0.349176,0,6946.78,4,1,
slurm-9323928.out:result,/home/utr_lefebvre/AF-bilevel-ccg/code/data/nlp/K5020W18.KNP_p50_k40_s75.aux,20,1,20,21,10,0,30,21,0.381625,0.044591,0.328546,0,7213.86,1,1,
slurm-9323929.out:result,/home/utr_lefebvre/AF-bilevel-ccg/code/data/nlp/K5020W19.KNP_p20_k20_s50.aux,20,1,20,21,4,0,36,21,1.63402,1.07452,0.466264,4672.2,4672.2,9,0,
slurm-9323930.out:result,/home/utr_lefebvre/AF-bilevel-ccg/code/data/nlp/K5020W19.KNP_p20_k20_s75.aux,20,1,20,21,4,0,36,21,1.22317,0.762083,0.361498,4915.02,4915.02,10,0,
slurm-9323931.out:result,/home/utr_lefebvre/AF-bilevel-ccg/code/data/nlp/K5020W19.KNP_p20_k40_s50.aux,20,1,20,21,4,0,36,21,0.661317,0.262296,0.358222,2123.14,2123.22,4,0,
slurm-9323932.out:result,/home/utr_lefebvre/AF-bilevel-ccg/code/data/nlp/K5020W19.KNP_p20_k40_s75.aux,20,1,20,21,4,0,36,21,1.5181,1.05016,0.362115,6301.97,6301.97,10,0,
slurm-9323933.out:result,/home/utr_lefebvre/AF-bilevel-ccg/code/data/nlp/K5020W19.KNP_p50_k20_s50.aux,20,1,20,21,10,0,30,21,1.19379,0.739023,0.376653,0,8739.42,10,1,
slurm-9323934.out:result,/home/utr_lefebvre/AF-bilevel-ccg/code/data/nlp/K5020W19.KNP_p50_k20_s75.aux,20,1,20,21,10,0,30,21,11.3717,10.8046,0.287605,4337,4337,41,0,
slurm-9323935.out:result,/home/utr_lefebvre/AF-bilevel-ccg/code/data/nlp/K5020W19.KNP_p50_k40_s50.aux,20,1,20,21,10,0,30,21,0.975043,0.458949,0.469844,0,8865.06,6,1,
slurm-9323936.out:result,/home/utr_lefebvre/AF-bilevel-ccg/code/data/nlp/K5020W19.KNP_p50_k40_s75.aux,20,1,20,21,10,0,30,21,0.664701,0.041689,0.615506,0,8553.82,1,1,
slurm-9323937.out:result,/home/utr_lefebvre/AF-bilevel-ccg/code/data/nlp/K5020W20.KNP_p20_k20_s50.aux,20,1,20,21,4,0,36,21,0.356997,0.149168,0.188198,2486.48,2486.48,2,0,
slurm-9323938.out:result,/home/utr_lefebvre/AF-bilevel-ccg/code/data/nlp/K5020W20.KNP_p20_k20_s75.aux,20,1,20,21,4,0,36,21,0.791437,0.465601,0.225207,2974.52,2974.52,10,0,
slurm-9323939.out:result,/home/utr_lefebvre/AF-bilevel-ccg/code/data/nlp/K5020W20.KNP_p20_k40_s50.aux,20,1,20,21,4,0,36,21,0.708512,0.354045,0.32153,590.087,590.075,3,0,
slurm-9323940.out:result,/home/utr_lefebvre/AF-bilevel-ccg/code/data/nlp/K5020W20.KNP_p20_k40_s75.aux,20,1,20,21,4,0,36,21,0.82955,0.539961,0.219317,4061.52,4061.52,7,0,
slurm-9323941.out:result,/home/utr_lefebvre/AF-bilevel-ccg/code/data/nlp/K5020W20.KNP_p50_k20_s50.aux,20,1,20,21,10,0,30,21,1.31321,0.678437,0.48974,0,3815.31,15,1,
slurm-9323942.out:result,/home/utr_lefebvre/AF-bilevel-ccg/code/data/nlp/K5020W20.KNP_p50_k20_s75.aux,20,1,20,21,10,0,30,21,1.54833,1.18717,0.200756,0,5979.73,23,1,
slurm-9323943.out:result,/home/utr_lefebvre/AF-bilevel-ccg/code/data/nlp/K5020W20.KNP_p50_k40_s50.aux,20,1,20,21,10,0,30,21,1.22252,0.749416,0.420318,0,7028.32,7,1,
slurm-9323944.out:result,/home/utr_lefebvre/AF-bilevel-ccg/code/data/nlp/K5020W20.KNP_p50_k40_s75.aux,20,1,20,21,10,0,30,21,0.291077,0.017971,0.265799,0,6663.26,1,1,
slurm-9323945.out:result,/home/utr_lefebvre/AF-bilevel-ccg/code/data/nlp/knapsack_p20_k20_s50.aux,7,1,7,8,2,0,12,8,0.052921,0.021429,0.028798,0,0,1,0,
slurm-9323946.out:result,/home/utr_lefebvre/AF-bilevel-ccg/code/data/nlp/knapsack_p20_k20_s75.aux,7,1,7,8,2,0,12,8,0.15901,0.025614,0.130407,0,0,1,0,
slurm-9323947.out:result,/home/utr_lefebvre/AF-bilevel-ccg/code/data/nlp/knapsack_p20_k40_s50.aux,7,1,7,8,2,0,12,8,0.052312,0.016663,0.031934,0,0,1,0,
slurm-9323948.out:result,/home/utr_lefebvre/AF-bilevel-ccg/code/data/nlp/knapsack_p20_k40_s75.aux,7,1,7,8,2,0,12,8,0.124042,0.01652,0.103979,0,0,1,0,
slurm-9323949.out:result,/home/utr_lefebvre/AF-bilevel-ccg/code/data/nlp/knapsack_p50_k20_s50.aux,7,1,7,8,4,0,10,8,0.145241,0.01662,0.125387,0,0,1,0,
slurm-9323950.out:result,/home/utr_lefebvre/AF-bilevel-ccg/code/data/nlp/knapsack_p50_k20_s75.aux,7,1,7,8,4,0,10,8,0.137902,0.016671,0.117992,0,0,1,0,
slurm-9323951.out:result,/home/utr_lefebvre/AF-bilevel-ccg/code/data/nlp/knapsack_p50_k40_s50.aux,7,1,7,8,4,0,10,8,0.143625,0.013971,0.12712,0,0,1,0,
slurm-9323952.out:result,/home/utr_lefebvre/AF-bilevel-ccg/code/data/nlp/knapsack_p50_k40_s75.aux,7,1,7,8,4,0,10,8,0.108027,0.013734,0.089548,0,0,1,0,
slurm-9323953.out:result,/home/utr_lefebvre/AF-bilevel-ccg/code/data/nlp/p0033-0.500000_p20_k20_s50.aux,17,0,16,16,4,2,29,14,15.3149,15.2122,0.068058,2797.36,2797.36,5,0,
slurm-9323954.out:result,/home/utr_lefebvre/AF-bilevel-ccg/code/data/nlp/p0033-0.500000_p20_k20_s75.aux,17,0,16,16,4,2,29,14,17.6068,17.512,0.057204,2739.12,2739.12,5,0,
slurm-9323955.out:result,/home/utr_lefebvre/AF-bilevel-ccg/code/data/nlp/p0033-0.500000_p20_k40_s50.aux,17,0,16,16,4,2,29,14,63.4718,62.5957,0.698228,2791.46,2791.46,23,0,
slurm-9323956.out:result,/home/utr_lefebvre/AF-bilevel-ccg/code/data/nlp/p0033-0.500000_p20_k40_s75.aux,17,0,16,16,4,2,29,14,0.157174,0.154957,0.001025,2303.54,1e+20,0,0,
slurm-9323957.out:result,/home/utr_lefebvre/AF-bilevel-ccg/code/data/nlp/p0033-0.500000_p50_k20_s50.aux,17,0,16,16,8,3,25,13,333.985,332.355,1.41218,2654.89,2654.89,21,0,
slurm-9323958.out:result,/home/utr_lefebvre/AF-bilevel-ccg/code/data/nlp/p0033-0.500000_p50_k20_s75.aux,17,0,16,16,8,3,25,13,673.832,672.472,1.02003,2708.75,2708.75,34,0,
slurm-9323959.out:result,/home/utr_lefebvre/AF-bilevel-ccg/code/data/nlp/p0033-0.500000_p50_k40_s50.aux,17,0,16,16,8,3,25,13,121.582,120.832,0.609954,2651.23,2651.23,13,0,
slurm-9323960.out:result,/home/utr_lefebvre/AF-bilevel-ccg/code/data/nlp/p0033-0.500000_p50_k40_s75.aux,17,0,16,16,8,3,25,13,920.585,918.703,1.55991,2747.07,2747.07,46,0,
slurm-9323961.out:result,/home/utr_lefebvre/AF-bilevel-ccg/code/data/nlp/pb5.dat-0_p20_k20_s50.aux,20,1,20,29,4,0,36,29,3.48059,3.19017,0.182641,1417,1417,11,0,
slurm-9323962.out:result,/home/utr_lefebvre/AF-bilevel-ccg/code/data/nlp/pb5.dat-0_p20_k20_s75.aux,20,1,20,29,4,0,36,29,1.85808,1.6154,0.155108,1417,1417,9,0,
slurm-9323963.out:result,/home/utr_lefebvre/AF-bilevel-ccg/code/data/nlp/pb5.dat-0_p20_k40_s50.aux,20,1,20,29,4,0,36,29,1.3749,1.13386,0.17293,1206.02,1206.05,7,0,
slurm-9323964.out:result,/home/utr_lefebvre/AF-bilevel-ccg/code/data/nlp/pb5.dat-0_p20_k40_s75.aux,20,1,20,29,4,0,36,29,12.442,12.0622,0.148316,1736.37,1736.37,15,0,
slurm-9323965.out:result,/home/utr_lefebvre/AF-bilevel-ccg/code/data/nlp/pb5.dat-0_p50_k20_s50.aux,20,1,20,29,10,0,30,29,2892.24,2885.85,3.57988,1398.79,1398.79,274,0,
slurm-9323966.out:result,/home/utr_lefebvre/AF-bilevel-ccg/code/data/nlp/pb5.dat-0_p50_k20_s75.aux,20,1,20,29,10,0,30,29,3229.53,3221.76,4.5023,1376.44,1376.44,311,0,
slurm-9323967.out:result,/home/utr_lefebvre/AF-bilevel-ccg/code/data/nlp/pb5.dat-0_p50_k40_s50.aux,20,1,20,29,10,0,30,29,0.382462,0.026582,0.345167,0,2519.1,1,1,
slurm-9323968.out:result,/home/utr_lefebvre/AF-bilevel-ccg/code/data/nlp/pb5.dat-0_p50_k40_s75.aux,20,1,20,29,10,0,30,29,17.217,15.7297,1.13108,1389,1594.42,37,1,
slurm-9323969.out:result,/home/utr_lefebvre/AF-bilevel-ccg/code/data/nlp/pb5.dat-100_p20_k20_s50.aux,20,9,20,21,4,0,36,21,1.53921,1.17178,0.318123,1689.12,1692.23,6,1,
slurm-9323970.out:result,/home/utr_lefebvre/AF-bilevel-ccg/code/data/nlp/pb5.dat-100_p20_k20_s75.aux,20,9,20,21,4,0,36,21,1.46188,1.33663,0.031634,1931.1,1931.1,9,0,
slurm-9323971.out:result,/home/utr_lefebvre/AF-bilevel-ccg/code/data/nlp/pb5.dat-100_p20_k40_s50.aux,20,9,20,21,4,0,36,21,1.06555,0.840871,0.193052,1086.51,1086.51,4,0,
slurm-9323972.out:result,/home/utr_lefebvre/AF-bilevel-ccg/code/data/nlp/pb5.dat-100_p20_k40_s75.aux,20,9,20,21,4,0,36,21,1.09971,0.866429,0.192526,2131.23,2131.23,5,0,
slurm-9323973.out:result,/home/utr_lefebvre/AF-bilevel-ccg/code/data/nlp/pb5.dat-100_p50_k20_s50.aux,20,9,20,21,10,0,30,21,0.190697,0.080271,0.070597,0,2732.94,4,1,
slurm-9323974.out:result,/home/utr_lefebvre/AF-bilevel-ccg/code/data/nlp/pb5.dat-100_p50_k20_s75.aux,20,9,20,21,10,0,30,21,0.080425,0.001816,0.069148,0,3288.69,1,1,
slurm-9323975.out:result,/home/utr_lefebvre/AF-bilevel-ccg/code/data/nlp/pb5.dat-100_p50_k40_s50.aux,20,9,20,21,10,0,30,21,1.77695,1.02317,0.689625,0,2714.45,8,1,
slurm-9323976.out:result,/home/utr_lefebvre/AF-bilevel-ccg/code/data/nlp/pb5.dat-100_p50_k40_s75.aux,20,9,20,21,10,0,30,21,0.79209,0.358822,0.416498,0,2565.45,2,1,
slurm-9323977.out:result,/home/utr_lefebvre/AF-bilevel-ccg/code/data/nlp/pb5.dat-50_p20_k20_s50.aux,20,5,20,25,4,0,36,25,25.379,24.956,0.199103,1616.6,1616.6,16,0,
slurm-9323978.out:result,/home/utr_lefebvre/AF-bilevel-ccg/code/data/nlp/pb5.dat-50_p20_k20_s75.aux,20,5,20,25,4,0,36,25,17.2369,16.968,0.086734,1583.44,1583.44,14,0,
slurm-9323979.out:result,/home/utr_lefebvre/AF-bilevel-ccg/code/data/nlp/pb5.dat-50_p20_k40_s50.aux,20,5,20,25,4,0,36,25,0.955055,0.695949,0.214717,1268.26,1268.26,5,0,
slurm-9323980.out:result,/home/utr_lefebvre/AF-bilevel-ccg/code/data/nlp/pb5.dat-50_p20_k40_s75.aux,20,5,20,25,4,0,36,25,1.39674,1.20114,0.147226,1725.42,1725.42,5,0,
slurm-9323981.out:result,/home/utr_lefebvre/AF-bilevel-ccg/code/data/nlp/pb5.dat-50_p50_k20_s50.aux,20,5,20,25,10,0,30,25,7243.42,7235.36,4.21703,1489.16,1529.46,249,0,
slurm-9323982.out:result,/home/utr_lefebvre/AF-bilevel-ccg/code/data/nlp/pb5.dat-50_p50_k20_s75.aux,20,5,20,25,10,0,30,25,7001.69,6994.39,3.57962,1522.62,1522.62,252,0,
slurm-9323983.out:result,/home/utr_lefebvre/AF-bilevel-ccg/code/data/nlp/pb5.dat-50_p50_k40_s50.aux,20,5,20,25,10,0,30,25,0.502467,0.05248,0.439232,0,2789.94,1,1,
slurm-9323984.out:result,/home/utr_lefebvre/AF-bilevel-ccg/code/data/nlp/pb5.dat-50_p50_k40_s75.aux,20,5,20,25,10,0,30,25,0.544597,0.033785,0.501914,0,2465.22,1,1,
slurm-9323985.out:result,/home/utr_lefebvre/AF-bilevel-ccg/code/data/nlp/pet2.dat-0_p20_k20_s50.aux,10,1,10,19,2,0,18,19,0.310119,0.16701,0.116088,25295,25295,4,0,
slurm-9323986.out:result,/home/utr_lefebvre/AF-bilevel-ccg/code/data/nlp/pet2.dat-0_p20_k20_s75.aux,10,1,10,19,2,0,18,19,0.377802,0.240754,0.111619,25295,25295,5,0,
slurm-9323987.out:result,/home/utr_lefebvre/AF-bilevel-ccg/code/data/nlp/pet2.dat-0_p20_k40_s50.aux,10,1,10,19,2,0,18,19,0.460727,0.175966,0.26113,25295,25295,4,0,
slurm-9323988.out:result,/home/utr_lefebvre/AF-bilevel-ccg/code/data/nlp/pet2.dat-0_p20_k40_s75.aux,10,1,10,19,2,0,18,19,0.401596,0.217575,0.158602,25295,25295,5,0,
slurm-9323989.out:result,/home/utr_lefebvre/AF-bilevel-ccg/code/data/nlp/pet2.dat-0_p50_k20_s50.aux,10,1,10,19,5,0,15,19,0.825916,0.496779,0.278693,25295,25295,12,0,
slurm-9323990.out:result,/home/utr_lefebvre/AF-bilevel-ccg/code/data/nlp/pet2.dat-0_p50_k20_s75.aux,10,1,10,19,5,0,15,19,0.939668,0.586767,0.270147,25295,25295,16,0,
slurm-9323991.out:result,/home/utr_lefebvre/AF-bilevel-ccg/code/data/nlp/pet2.dat-0_p50_k40_s50.aux,10,1,10,19,5,0,15,19,0.828173,0.615313,0.11492,25295,25295,15,0,
slurm-9323992.out:result,/home/utr_lefebvre/AF-bilevel-ccg/code/data/nlp/pet2.dat-0_p50_k40_s75.aux,10,1,10,19,5,0,15,19,0.603856,0.411489,0.120478,25295,25295,16,0,
slurm-9323993.out:result,/home/utr_lefebvre/AF-bilevel-ccg/code/data/nlp/pet2.dat-100_p20_k20_s50.aux,10,9,10,11,2,0,18,11,0.198137,0.119296,0.07016,39951,39951,2,0,
slurm-9323994.out:result,/home/utr_lefebvre/AF-bilevel-ccg/code/data/nlp/pet2.dat-100_p20_k20_s75.aux,10,9,10,11,2,0,18,11,0.086871,0.052911,0.01761,31867.3,31867.3,3,0,
slurm-9323995.out:result,/home/utr_lefebvre/AF-bilevel-ccg/code/data/nlp/pet2.dat-100_p20_k40_s50.aux,10,9,10,11,2,0,18,11,0.199724,0.075457,0.113935,30845,30845,2,0,
slurm-9323996.out:result,/home/utr_lefebvre/AF-bilevel-ccg/code/data/nlp/pet2.dat-100_p20_k40_s75.aux,10,9,10,11,2,0,18,11,0.319817,0.124534,0.186277,30852.8,30852.8,2,0,
slurm-9323997.out:result,/home/utr_lefebvre/AF-bilevel-ccg/code/data/nlp/pet2.dat-100_p50_k20_s50.aux,10,9,10,11,5,0,15,11,0.052379,0.001399,0.046019,0,92245.4,1,1,
slurm-9323998.out:result,/home/utr_lefebvre/AF-bilevel-ccg/code/data/nlp/pet2.dat-100_p50_k20_s75.aux,10,9,10,11,5,0,15,11,0.696363,0.396955,0.260642,38035.9,38035.9,12,0,
slurm-9323999.out:result,/home/utr_lefebvre/AF-bilevel-ccg/code/data/nlp/pet2.dat-100_p50_k40_s50.aux,10,9,10,11,5,0,15,11,0.273061,0.043028,0.225937,0,66274.5,1,1,
slurm-9324000.out:result,/home/utr_lefebvre/AF-bilevel-ccg/code/data/nlp/pet2.dat-100_p50_k40_s75.aux,10,9,10,11,5,0,15,11,0.50356,0.401578,0.063919,53171.9,53171.9,8,0,
slurm-9324001.out:result,/home/utr_lefebvre/AF-bilevel-ccg/code/data/nlp/pet2.dat-50_p20_k20_s50.aux,10,5,10,15,2,0,18,15,0.414446,0.164695,0.223376,38833,38833,4,0,
slurm-9324002.out:result,/home/utr_lefebvre/AF-bilevel-ccg/code/data/nlp/pet2.dat-50_p20_k20_s75.aux,10,5,10,15,2,0,18,15,0.474839,0.22141,0.234029,38833,38833,4,0,
slurm-9324003.out:result,/home/utr_lefebvre/AF-bilevel-ccg/code/data/nlp/pet2.dat-50_p20_k40_s50.aux,10,5,10,15,2,0,18,15,0.198569,0.161808,0.013066,35174.7,35174.7,4,0,
slurm-9324004.out:result,/home/utr_lefebvre/AF-bilevel-ccg/code/data/nlp/pet2.dat-50_p20_k40_s75.aux,10,5,10,15,2,0,18,15,0.286051,0.139011,0.130061,33601.6,33601.6,3,0,
slurm-9324005.out:result,/home/utr_lefebvre/AF-bilevel-ccg/code/data/nlp/pet2.dat-50_p50_k20_s50.aux,10,5,10,15,5,0,15,15,1.25872,0.889146,0.287598,38833,38833,19,0,
slurm-9324006.out:result,/home/utr_lefebvre/AF-bilevel-ccg/code/data/nlp/pet2.dat-50_p50_k20_s75.aux,10,5,10,15,5,0,15,15,0.808584,0.708981,0.016671,38833,38833,16,0,
slurm-9324007.out:result,/home/utr_lefebvre/AF-bilevel-ccg/code/data/nlp/pet2.dat-50_p50_k40_s50.aux,10,5,10,15,5,0,15,15,0.280394,0.076248,0.195733,0,83143.5,2,1,
slurm-9324008.out:result,/home/utr_lefebvre/AF-bilevel-ccg/code/data/nlp/pet2.dat-50_p50_k40_s75.aux,10,5,10,15,5,0,15,15,0.479915,0.269515,0.177689,4026.54,4026.54,8,0,
slurm-9324009.out:result,/home/utr_lefebvre/AF-bilevel-ccg/code/data/nlp/pet3.dat-0_p20_k20_s50.aux,15,1,15,24,3,0,27,24,0.561028,0.492453,0.016173,905,905,5,0,
slurm-9324010.out:result,/home/utr_lefebvre/AF-bilevel-ccg/code/data/nlp/pet3.dat-0_p20_k20_s75.aux,15,1,15,24,3,0,27,24,0.990986,0.808362,0.131515,905,905,7,0,
slurm-9324011.out:result,/home/utr_lefebvre/AF-bilevel-ccg/code/data/nlp/pet3.dat-0_p20_k40_s50.aux,15,1,15,24,3,0,27,24,1.03186,0.812755,0.168005,981.885,981.885,6,0,
slurm-9324012.out:result,/home/utr_lefebvre/AF-bilevel-ccg/code/data/nlp/pet3.dat-0_p20_k40_s75.aux,15,1,15,24,3,0,27,24,0.179894,0.135997,0.011507,731.774,731.774,3,0,
slurm-9324013.out:result,/home/utr_lefebvre/AF-bilevel-ccg/code/data/nlp/pet3.dat-0_p50_k20_s50.aux,15,1,15,24,8,0,22,24,2.70233,2.17997,0.382335,349.196,1170.87,21,1,
slurm-9324014.out:result,/home/utr_lefebvre/AF-bilevel-ccg/code/data/nlp/pet3.dat-0_p50_k20_s75.aux,15,1,15,24,8,0,22,24,24.8861,23.9005,0.564015,765.144,765.144,55,0,
slurm-9324015.out:result,/home/utr_lefebvre/AF-bilevel-ccg/code/data/nlp/pet3.dat-0_p50_k40_s50.aux,15,1,15,24,8,0,22,24,19.3599,17.7697,1.12099,455.294,455.294,42,0,
slurm-9324016.out:result,/home/utr_lefebvre/AF-bilevel-ccg/code/data/nlp/pet3.dat-0_p50_k40_s75.aux,15,1,15,24,8,0,22,24,17.945,16.4501,1.04584,798.287,814.189,43,1,
slurm-9324017.out:result,/home/utr_lefebvre/AF-bilevel-ccg/code/data/nlp/pet3.dat-100_p20_k20_s50.aux,15,9,15,16,3,0,27,16,0.28908,0.132848,0.140136,1330,1330,3,0,
slurm-9324018.out:result,/home/utr_lefebvre/AF-bilevel-ccg/code/data/nlp/pet3.dat-100_p20_k20_s75.aux,15,9,15,16,3,0,27,16,0.462166,0.201543,0.240944,1282.3,1282.3,3,0,
slurm-9324019.out:result,/home/utr_lefebvre/AF-bilevel-ccg/code/data/nlp/pet3.dat-100_p20_k40_s50.aux,15,9,15,16,3,0,27,16,0.088283,0.052178,0.014594,920.001,920.001,3,0,
slurm-9324020.out:result,/home/utr_lefebvre/AF-bilevel-ccg/code/data/nlp/pet3.dat-100_p20_k40_s75.aux,15,9,15,16,3,0,27,16,0.157538,0.120624,0.014476,1760.01,1760.01,3,0,
slurm-9324021.out:result,/home/utr_lefebvre/AF-bilevel-ccg/code/data/nlp/pet3.dat-100_p50_k20_s50.aux,15,9,15,16,8,0,22,16,1.1781,0.598775,0.548663,399.623,1112.1,6,1,
slurm-9324022.out:result,/home/utr_lefebvre/AF-bilevel-ccg/code/data/nlp/pet3.dat-100_p50_k20_s75.aux,15,9,15,16,8,0,22,16,2.21182,1.74326,0.35791,1126.39,1126.39,19,0,
slurm-9324023.out:result,/home/utr_lefebvre/AF-bilevel-ccg/code/data/nlp/pet3.dat-100_p50_k40_s50.aux,15,9,15,16,8,0,22,16,0.86473,0.410757,0.424127,0,3415.08,4,1,
slurm-9324024.out:result,/home/utr_lefebvre/AF-bilevel-ccg/code/data/nlp/pet3.dat-100_p50_k40_s75.aux,15,9,15,16,8,0,22,16,2.4761,1.61895,0.786863,1753.84,1753.84,9,0,
slurm-9324025.out:result,/home/utr_lefebvre/AF-bilevel-ccg/code/data/nlp/pet3.dat-50_p20_k20_s50.aux,15,5,15,20,3,0,27,20,0.419505,0.236157,0.15751,905,905,4,0,
slurm-9324026.out:result,/home/utr_lefebvre/AF-bilevel-ccg/code/data/nlp/pet3.dat-50_p20_k20_s75.aux,15,5,15,20,3,0,27,20,1.3988,1.11605,0.226923,905,905,8,0,
slurm-9324027.out:result,/home/utr_lefebvre/AF-bilevel-ccg/code/data/nlp/pet3.dat-50_p20_k40_s50.aux,15,5,15,20,3,0,27,20,0.324712,0.247739,0.041642,799.997,831.123,4,1,
slurm-9324028.out:result,/home/utr_lefebvre/AF-bilevel-ccg/code/data/nlp/pet3.dat-50_p20_k40_s75.aux,15,5,15,20,3,0,27,20,0.155471,0.126733,0.010536,1210,1210,2,0,
slurm-9324029.out:result,/home/utr_lefebvre/AF-bilevel-ccg/code/data/nlp/pet3.dat-50_p50_k20_s50.aux,15,5,15,20,8,0,22,20,35.9802,35.2352,0.286434,905,905,73,0,
slurm-9324030.out:result,/home/utr_lefebvre/AF-bilevel-ccg/code/data/nlp/pet3.dat-50_p50_k20_s75.aux,15,5,15,20,8,0,22,20,35.004,34.0516,0.446872,905,905,75,0,
slurm-9324031.out:result,/home/utr_lefebvre/AF-bilevel-ccg/code/data/nlp/pet3.dat-50_p50_k40_s50.aux,15,5,15,20,8,0,22,20,0.479077,0.257503,0.204391,0,3544.78,2,1,
slurm-9324032.out:result,/home/utr_lefebvre/AF-bilevel-ccg/code/data/nlp/pet3.dat-50_p50_k40_s75.aux,15,5,15,20,8,0,22,20,5.27485,3.95042,1.15236,231.85,231.898,20,1,
slurm-9324033.out:result,/home/utr_lefebvre/AF-bilevel-ccg/code/data/nlp/pet4.dat-0_p20_k20_s50.aux,20,1,20,29,4,0,36,29,5.45706,5.03053,0.226564,1948.86,1948.86,14,0,
slurm-9324034.out:result,/home/utr_lefebvre/AF-bilevel-ccg/code/data/nlp/pet4.dat-0_p20_k20_s75.aux,20,1,20,29,4,0,36,29,2.29118,2.12584,0.040204,1799.84,1799.84,9,0,
slurm-9324035.out:result,/home/utr_lefebvre/AF-bilevel-ccg/code/data/nlp/pet4.dat-0_p20_k40_s50.aux,20,1,20,29,4,0,36,29,0.334197,0.022231,0.3015,0,6226.19,1,1,
slurm-9324036.out:result,/home/utr_lefebvre/AF-bilevel-ccg/code/data/nlp/pet4.dat-0_p20_k40_s75.aux,20,1,20,29,4,0,36,29,1.65716,1.2464,0.332412,1995.25,1995.25,7,0,
slurm-9324037.out:result,/home/utr_lefebvre/AF-bilevel-ccg/code/data/nlp/pet4.dat-0_p50_k20_s50.aux,20,1,20,29,10,0,30,29,401.276,397.081,2.06318,1901.2,1901.2,137,0,
slurm-9324038.out:result,/home/utr_lefebvre/AF-bilevel-ccg/code/data/nlp/pet4.dat-0_p50_k20_s75.aux,20,1,20,29,10,0,30,29,142.204,139.767,1.18196,1426.17,1426.17,90,0,
slurm-9324039.out:result,/home/utr_lefebvre/AF-bilevel-ccg/code/data/nlp/pet4.dat-0_p50_k40_s50.aux,20,1,20,29,10,0,30,29,8.63102,3.35629,5.15623,0,3317.53,11,1,
slurm-9324040.out:result,/home/utr_lefebvre/AF-bilevel-ccg/code/data/nlp/pet4.dat-0_p50_k40_s75.aux,20,1,20,29,10,0,30,29,9.46817,8.09424,1.16098,1371.32,1393.82,20,1,
slurm-9324041.out:result,/home/utr_lefebvre/AF-bilevel-ccg/code/data/nlp/pet4.dat-100_p20_k20_s50.aux,20,9,20,21,4,0,36,21,0.821437,0.5456,0.236827,2040.38,2334.62,5,1,
slurm-9324042.out:result,/home/utr_lefebvre/AF-bilevel-ccg/code/data/nlp/pet4.dat-100_p20_k20_s75.aux,20,9,20,21,4,0,36,21,0.756874,0.482861,0.229629,2604.88,2604.88,6,0,
slurm-9324043.out:result,/home/utr_lefebvre/AF-bilevel-ccg/code/data/nlp/pet4.dat-100_p20_k40_s50.aux,20,9,20,21,4,0,36,21,0.672608,0.347369,0.306432,1825,1825,2,0,
slurm-9324044.out:result,/home/utr_lefebvre/AF-bilevel-ccg/code/data/nlp/pet4.dat-100_p20_k40_s75.aux,20,9,20,21,4,0,36,21,0.736115,0.54657,0.144077,4589.88,4589.97,6,0,
slurm-9324045.out:result,/home/utr_lefebvre/AF-bilevel-ccg/code/data/nlp/pet4.dat-100_p50_k20_s50.aux,20,9,20,21,10,0,30,21,0.406021,0.105566,0.278314,0,7353.76,3,1,
slurm-9324046.out:result,/home/utr_lefebvre/AF-bilevel-ccg/code/data/nlp/pet4.dat-100_p50_k20_s75.aux,20,9,20,21,10,0,30,21,10.9978,9.99409,0.71974,2130.66,2130.66,34,0,
slurm-9324047.out:result,/home/utr_lefebvre/AF-bilevel-ccg/code/data/nlp/pet4.dat-100_p50_k40_s50.aux,20,9,20,21,10,0,30,21,0.637726,0.189182,0.422661,0,7638.01,3,1,
slurm-9324048.out:result,/home/utr_lefebvre/AF-bilevel-ccg/code/data/nlp/pet4.dat-100_p50_k40_s75.aux,20,9,20,21,10,0,30,21,0.25087,0.035768,0.206749,0,6806.55,1,1,
slurm-9324049.out:result,/home/utr_lefebvre/AF-bilevel-ccg/code/data/nlp/pet4.dat-50_p20_k20_s50.aux,20,5,20,25,4,0,36,25,3.0575,2.73469,0.210185,2408.09,2408.09,13,0,
slurm-9324050.out:result,/home/utr_lefebvre/AF-bilevel-ccg/code/data/nlp/pet4.dat-50_p20_k20_s75.aux,20,5,20,25,4,0,36,25,6.02346,5.60884,0.230318,2439.3,2439.3,19,0,
slurm-9324051.out:result,/home/utr_lefebvre/AF-bilevel-ccg/code/data/nlp/pet4.dat-50_p20_k40_s50.aux,20,5,20,25,4,0,36,25,1.28447,1.10911,0.100311,2565,2565,6,0,
slurm-9324052.out:result,/home/utr_lefebvre/AF-bilevel-ccg/code/data/nlp/pet4.dat-50_p20_k40_s75.aux,20,5,20,25,4,0,36,25,1.02113,0.846798,0.129876,3914.48,3914.48,5,0,
slurm-9324053.out:result,/home/utr_lefebvre/AF-bilevel-ccg/code/data/nlp/pet4.dat-50_p50_k20_s50.aux,20,5,20,25,10,0,30,25,1234.64,1227.82,4.30772,2314.41,2314.41,243,0,
slurm-9324054.out:result,/home/utr_lefebvre/AF-bilevel-ccg/code/data/nlp/pet4.dat-50_p50_k20_s75.aux,20,5,20,25,10,0,30,25,243.314,239.747,2.25143,2016.7,2016.67,149,0,
slurm-9324055.out:result,/home/utr_lefebvre/AF-bilevel-ccg/code/data/nlp/pet4.dat-50_p50_k40_s50.aux,20,5,20,25,10,0,30,25,0.577789,0.037247,0.530346,0,7523.17,1,1,
slurm-9324056.out:result,/home/utr_lefebvre/AF-bilevel-ccg/code/data/nlp/pet4.dat-50_p50_k40_s75.aux,20,5,20,25,10,0,30,25,0.173564,0.002243,0.159219,0,6859.61,1,1,
slurm-9324057.out:result,/home/utr_lefebvre/AF-bilevel-ccg/code/data/nlp/stein27-0.500000_p20_k20_s50.aux,14,0,13,118,3,0,24,118,0.762576,0.722015,0.020808,18,20.0289,1,0,
slurm-9324059.out:result,/home/utr_lefebvre/AF-bilevel-ccg/code/data/nlp/stein27-0.500000_p50_k20_s50.aux,14,0,13,118,7,5,20,113,0.011958,0.011182,0,-1e+20,1e+20,0,0,
slurm-9324060.out:result,/home/utr_lefebvre/AF-bilevel-ccg/code/data/nlp/stein27-0.500000_p50_k20_s75.aux,14,0,13,118,7,5,20,113,0.041603,0.041097,0,-1e+20,1e+20,0,0,
slurm-9324061.out:result,/home/utr_lefebvre/AF-bilevel-ccg/code/data/nlp/stein27-0.900000_p20_k20_s50.aux,3,0,24,118,5,2,22,116,0.316359,0.315755,0,-1e+20,1e+20,0,0,
slurm-9324062.out:result,/home/utr_lefebvre/AF-bilevel-ccg/code/data/nlp/stein27-0.900000_p20_k20_s75.aux,3,0,24,118,5,2,22,116,0.001424,0.000827,0,-1e+20,1e+20,0,0,
slurm-9324063.out:result,/home/utr_lefebvre/AF-bilevel-ccg/code/data/nlp/stein27-0.900000_p50_k20_s50.aux,3,0,24,118,12,12,15,106,0.242087,0.241203,0,-1e+20,1e+20,0,0,
slurm-9324064.out:result,/home/utr_lefebvre/AF-bilevel-ccg/code/data/nlp/stein27-0.900000_p50_k20_s75.aux,3,0,24,118,12,12,15,106,0.210903,0.210155,0,-1e+20,1e+20,0,0,
