slurm-13210186.out,result,/home/utr_lefebvre/AE-using-column-generation-in-column-and-constraint-generation/code/FLP/data/to-run/instance_F10_C20__R200__0.txt,0,3,false,0.000000,CG,Optimal,Proved,1,5,17.234,16.608,0.399252,0,0,0,0,-1597.7,1407.53,,0.00,16.00
slurm-13210187.out,result,/home/utr_lefebvre/AE-using-column-generation-in-column-and-constraint-generation/code/FLP/data/to-run/instance_F10_C20__R200__0.txt,0,3,true,0.000000,CG,Optimal,Proved,1,5,13.6963,13.1256,0.359939,-1.64619e-10,-1.64619e-10,0,0,-1597.7,1407.53,,0.00,16.00
slurm-13210188.out,result,/home/utr_lefebvre/AE-using-column-generation-in-column-and-constraint-generation/code/FLP/data/to-run/instance_F10_C20__R200__0.txt,10800,3,false,inf,STD,Optimal,Proved,0,5,1.36667,0.729554,0.439006,0,0,0,0,-1597.7,1407.53,,0.00,16.00
slurm-13210189.out,result,/home/utr_lefebvre/AE-using-column-generation-in-column-and-constraint-generation/code/FLP/data/to-run/instance_F10_C20__R200__0.txt,0,4,false,0.000000,CG,Optimal,Proved,1,3,4.04787,3.83699,0.157263,0,0,0,0,-1114.33,1930.08,,0.00,16.00
slurm-13210190.out,result,/home/utr_lefebvre/AE-using-column-generation-in-column-and-constraint-generation/code/FLP/data/to-run/instance_F10_C20__R200__0.txt,0,4,true,0.000000,CG,Optimal,Proved,1,3,3.14269,2.95218,0.140875,0,0,0,0,-1114.33,1930.08,,0.00,16.00
slurm-13210191.out,result,/home/utr_lefebvre/AE-using-column-generation-in-column-and-constraint-generation/code/FLP/data/to-run/instance_F10_C20__R200__0.txt,10800,4,false,inf,STD,Optimal,Proved,0,3,0.55713,0.350721,0.16462,0,0,0,0,-1114.33,1930.08,,0.00,16.00
slurm-13210192.out,result,/home/utr_lefebvre/AE-using-column-generation-in-column-and-constraint-generation/code/FLP/data/to-run/instance_F10_C20__R200__1.txt,0,3,false,0.000000,CG,Optimal,Proved,1,13,140.502,132.847,4.6671,-239,-239,1.90271e-12,4.54747e-12,-4348.65,2010.12,,0.00,16.00
slurm-13210193.out,result,/home/utr_lefebvre/AE-using-column-generation-in-column-and-constraint-generation/code/FLP/data/to-run/instance_F10_C20__R200__1.txt,0,3,true,0.000000,CG,Optimal,Proved,1,13,126.171,119.304,4.15517,-239,-239,1.90271e-12,4.54747e-12,-4348.65,2010.12,,0.00,16.00
slurm-13210194.out,result,/home/utr_lefebvre/AE-using-column-generation-in-column-and-constraint-generation/code/FLP/data/to-run/instance_F10_C20__R200__1.txt,10800,3,false,inf,STD,Optimal,Proved,0,13,28.5461,20.8731,4.96976,-239,-239,0,0,-4348.65,2010.12,,0.00,16.00
slurm-13210195.out,result,/home/utr_lefebvre/AE-using-column-generation-in-column-and-constraint-generation/code/FLP/data/to-run/instance_F10_C20__R200__1.txt,0,4,false,0.000000,CG,Optimal,Proved,1,11,109.474,106.804,1.47297,0,0,0,0,-2517.02,1807.95,,0.00,16.00
slurm-13210196.out,result,/home/utr_lefebvre/AE-using-column-generation-in-column-and-constraint-generation/code/FLP/data/to-run/instance_F10_C20__R200__1.txt,0,4,true,0.000000,CG,Optimal,Proved,1,11,93.335,90.9858,1.26839,-6.57565e-10,-6.57565e-10,0,0,-2517.02,1807.95,,0.00,16.00
slurm-13210197.out,result,/home/utr_lefebvre/AE-using-column-generation-in-column-and-constraint-generation/code/FLP/data/to-run/instance_F10_C20__R200__1.txt,10800,4,false,inf,STD,Optimal,Proved,0,11,6.96462,4.57153,1.51602,0,0,0,0,-2517.02,1807.95,,0.00,16.00
slurm-13210198.out,result,/home/utr_lefebvre/AE-using-column-generation-in-column-and-constraint-generation/code/FLP/data/to-run/instance_F10_C20__R200__2.txt,0,3,false,0.000000,CG,Optimal,Proved,1,5,88.2376,77.1846,9.551,-6885,-6885,0,0,-9033.4,2600.4,,0.00,16.00
slurm-13210199.out,result,/home/utr_lefebvre/AE-using-column-generation-in-column-and-constraint-generation/code/FLP/data/to-run/instance_F10_C20__R200__2.txt,0,3,true,0.000000,CG,Optimal,Proved,1,5,65.689,56.3711,8.06445,-6885,-6885,0,0,-9033.4,2600.4,,0.00,16.00
slurm-13210200.out,result,/home/utr_lefebvre/AE-using-column-generation-in-column-and-constraint-generation/code/FLP/data/to-run/instance_F10_C20__R200__2.txt,10800,3,false,inf,STD,Optimal,Proved,0,5,16.0974,5.31449,9.37748,-6885,-6885,0,0,-9033.4,2600.4,,0.00,16.00
slurm-13210201.out,result,/home/utr_lefebvre/AE-using-column-generation-in-column-and-constraint-generation/code/FLP/data/to-run/instance_F10_C20__R200__2.txt,0,4,false,0.000000,CG,Optimal,Proved,1,6,124.867,104.181,18.7731,-5114,-5114,0,0,-8390,2959.84,,0.00,16.00
slurm-13210202.out,result,/home/utr_lefebvre/AE-using-column-generation-in-column-and-constraint-generation/code/FLP/data/to-run/instance_F10_C20__R200__2.txt,0,4,true,0.000000,CG,Optimal,Proved,1,6,89.911,69.8779,18.1944,-5114,-5114,5.99675e-07,3.06674e-05,-8390,2959.84,,0.00,16.00
slurm-13210203.out,result,/home/utr_lefebvre/AE-using-column-generation-in-column-and-constraint-generation/code/FLP/data/to-run/instance_F10_C20__R200__2.txt,10800,4,false,inf,STD,Optimal,Proved,0,6,23.3587,4.23093,17.3905,-5114,-5114,8.97027e-07,4.5874e-05,-8390,2959.84,,0.00,16.00
slurm-13210204.out,result,/home/utr_lefebvre/AE-using-column-generation-in-column-and-constraint-generation/code/FLP/data/to-run/instance_F10_C20__R200__3.txt,0,3,false,0.000000,CG,Optimal,Proved,1,7,96.3382,95.0449,0.744992,0,0,0,0,-3233.86,2397.23,,0.00,16.00
slurm-13210205.out,result,/home/utr_lefebvre/AE-using-column-generation-in-column-and-constraint-generation/code/FLP/data/to-run/instance_F10_C20__R200__3.txt,0,3,true,0.000000,CG,Optimal,Proved,1,7,74.9935,73.9203,0.624506,-4.78167e-10,-4.78167e-10,0,0,-3233.86,2397.23,,0.00,16.00
slurm-13210206.out,result,/home/utr_lefebvre/AE-using-column-generation-in-column-and-constraint-generation/code/FLP/data/to-run/instance_F10_C20__R200__3.txt,10800,3,false,inf,STD,Optimal,Proved,0,7,3.88631,2.75063,0.73706,0,0,0,0,-3233.86,2397.23,,0.00,16.00
slurm-13210207.out,result,/home/utr_lefebvre/AE-using-column-generation-in-column-and-constraint-generation/code/FLP/data/to-run/instance_F10_C20__R200__3.txt,0,4,false,0.000000,CG,Optimal,Proved,1,6,43.5221,42.7048,0.487029,0,0,0,0,-2365.13,2177.24,,0.00,16.00
slurm-13210208.out,result,/home/utr_lefebvre/AE-using-column-generation-in-column-and-constraint-generation/code/FLP/data/to-run/instance_F10_C20__R200__3.txt,0,4,true,0.000000,CG,Optimal,Proved,1,6,40.0279,39.1088,0.56167,-6.02085e-10,-6.02085e-10,0,0,-2365.13,2177.24,,0.00,16.00
slurm-13210209.out,result,/home/utr_lefebvre/AE-using-column-generation-in-column-and-constraint-generation/code/FLP/data/to-run/instance_F10_C20__R200__3.txt,10800,4,false,inf,STD,Optimal,Proved,0,6,2.25761,1.59055,0.460399,0,0,0,0,-2365.13,2177.24,,0.00,16.00
slurm-13210210.out,result,/home/utr_lefebvre/AE-using-column-generation-in-column-and-constraint-generation/code/FLP/data/to-run/instance_F10_C20__R200__4.txt,0,3,false,0.000000,CG,Optimal,Proved,1,5,33.2305,32.3422,0.583835,0,0,0,0,-2443.2,2008.82,,0.00,16.00
slurm-13210211.out,result,/home/utr_lefebvre/AE-using-column-generation-in-column-and-constraint-generation/code/FLP/data/to-run/instance_F10_C20__R200__4.txt,0,3,true,0.000000,CG,Optimal,Proved,1,5,24.0109,23.2152,0.532378,-1.95826e-10,-1.95826e-10,0,0,-2443.2,2008.82,,0.00,16.00
slurm-13210212.out,result,/home/utr_lefebvre/AE-using-column-generation-in-column-and-constraint-generation/code/FLP/data/to-run/instance_F10_C20__R200__4.txt,10800,3,false,inf,STD,Optimal,Proved,0,5,1.7153,0.918114,0.555962,0,0,0,0,-2443.2,2008.82,,0.00,16.00
slurm-13210213.out,result,/home/utr_lefebvre/AE-using-column-generation-in-column-and-constraint-generation/code/FLP/data/to-run/instance_F10_C20__R200__4.txt,0,4,false,0.000000,CG,Optimal,Proved,1,4,20.0693,19.299,0.608765,0,0,0,0,-1576.5,1926.9,,0.00,16.00
slurm-13210214.out,result,/home/utr_lefebvre/AE-using-column-generation-in-column-and-constraint-generation/code/FLP/data/to-run/instance_F10_C20__R200__4.txt,0,4,true,0.000000,CG,Optimal,Proved,1,4,14.7654,14.1603,0.467448,-1.24328e-09,-1.24328e-09,0,0,-1576.5,1926.9,,0.00,16.00
slurm-13210215.out,result,/home/utr_lefebvre/AE-using-column-generation-in-column-and-constraint-generation/code/FLP/data/to-run/instance_F10_C20__R200__4.txt,10800,4,false,inf,STD,Optimal,Proved,0,4,1.47762,0.710841,0.625755,0,0,0,0,-1576.5,1926.9,,0.00,16.00
slurm-13210216.out,result,/home/utr_lefebvre/AE-using-column-generation-in-column-and-constraint-generation/code/FLP/data/to-run/instance_F10_C20__R300__0.txt,0,3,false,0.000000,CG,Optimal,Proved,1,25,3479.93,3455.18,6.45262,-78,-78,0,0,-4794.9,1560.92,,2.22,16.00
slurm-13210217.out,result,/home/utr_lefebvre/AE-using-column-generation-in-column-and-constraint-generation/code/FLP/data/to-run/instance_F10_C20__R300__0.txt,0,3,true,0.000000,CG,Optimal,Proved,1,25,4546.74,4520.26,7.57654,-78,-78,0,0,-4794.9,1560.92,,2.90,16.00
slurm-13210218.out,result,/home/utr_lefebvre/AE-using-column-generation-in-column-and-constraint-generation/code/FLP/data/to-run/instance_F10_C20__R300__0.txt,10800,3,false,inf,STD,Optimal,Proved,0,25,121.596,102.145,7.50896,-78,-78,0,0,-4794.9,1560.92,,0.00,16.00
slurm-13210219.out,result,/home/utr_lefebvre/AE-using-column-generation-in-column-and-constraint-generation/code/FLP/data/to-run/instance_F10_C20__R300__0.txt,0,4,false,0.000000,CG,Optimal,Proved,1,15,1264.18,1256.39,1.96371,0,0,0,0,-4296.14,1856.44,,1.23,16.00
slurm-13210220.out,result,/home/utr_lefebvre/AE-using-column-generation-in-column-and-constraint-generation/code/FLP/data/to-run/instance_F10_C20__R300__0.txt,0,4,true,0.000000,CG,Optimal,Proved,1,15,1315.15,1307.77,2.04738,-7.64885e-10,-7.64885e-10,0,0,-4296.14,1856.44,,1.52,16.00
slurm-13210221.out,result,/home/utr_lefebvre/AE-using-column-generation-in-column-and-constraint-generation/code/FLP/data/to-run/instance_F10_C20__R300__0.txt,10800,4,false,inf,STD,Optimal,Proved,0,15,27.8729,21.9343,2.27675,0,0,0,0,-4296.14,1856.44,,0.00,16.00
slurm-13210222.out,result,/home/utr_lefebvre/AE-using-column-generation-in-column-and-constraint-generation/code/FLP/data/to-run/instance_F10_C20__R300__1.txt,0,3,false,0.000000,CG,Optimal,Proved,1,7,72.6174,70.8992,1.07233,-2682,-2682,3.39111e-14,9.09495e-13,-4249.57,2020.08,,0.00,16.00
slurm-13210223.out,result,/home/utr_lefebvre/AE-using-column-generation-in-column-and-constraint-generation/code/FLP/data/to-run/instance_F10_C20__R300__1.txt,0,3,true,0.000000,CG,Optimal,Proved,1,7,59.6908,57.6398,1.32643,-2682,-2682,3.39111e-14,9.09495e-13,-4249.57,2020.08,,0.00,16.00
slurm-13210224.out,result,/home/utr_lefebvre/AE-using-column-generation-in-column-and-constraint-generation/code/FLP/data/to-run/instance_F10_C20__R300__1.txt,10800,3,false,inf,STD,Optimal,Proved,0,7,4.73975,2.68765,1.40597,-2682,-2682,3.39111e-14,9.09495e-13,-4249.57,2020.08,,0.00,16.00
slurm-13210225.out,result,/home/utr_lefebvre/AE-using-column-generation-in-column-and-constraint-generation/code/FLP/data/to-run/instance_F10_C20__R300__1.txt,0,4,false,0.000000,CG,Optimal,Proved,1,9,132.158,129.956,1.08119,-1213,-1213,7.4979e-14,9.09495e-13,-3878.14,2250.86,,0.00,16.00
slurm-13210226.out,result,/home/utr_lefebvre/AE-using-column-generation-in-column-and-constraint-generation/code/FLP/data/to-run/instance_F10_C20__R300__1.txt,0,4,true,0.000000,CG,Optimal,Proved,1,9,87.7086,85.73,0.98883,-1213,-1213,1.49958e-13,1.81899e-12,-3878.14,2250.86,,0.00,16.00
slurm-13210227.out,result,/home/utr_lefebvre/AE-using-column-generation-in-column-and-constraint-generation/code/FLP/data/to-run/instance_F10_C20__R300__1.txt,10800,4,false,inf,STD,Optimal,Proved,0,9,4.65601,2.76601,1.02424,-1213,-1213,7.4979e-14,9.09495e-13,-3878.14,2250.86,,0.00,16.00
slurm-13210228.out,result,/home/utr_lefebvre/AE-using-column-generation-in-column-and-constraint-generation/code/FLP/data/to-run/instance_F10_C20__R300__2.txt,0,3,false,0.000000,CG,Optimal,Proved,1,10,172.87,170.255,1.08804,0,0,0,0,-2618.04,1391.85,,0.00,16.00
slurm-13210229.out,result,/home/utr_lefebvre/AE-using-column-generation-in-column-and-constraint-generation/code/FLP/data/to-run/instance_F10_C20__R300__2.txt,0,3,true,0.000000,CG,Optimal,Proved,1,10,160.206,157.646,1.09958,-8.8221e-10,-8.8221e-10,0,0,-2618.04,1391.85,,0.00,16.00
slurm-13210230.out,result,/home/utr_lefebvre/AE-using-column-generation-in-column-and-constraint-generation/code/FLP/data/to-run/instance_F10_C20__R300__2.txt,10800,3,false,inf,STD,Optimal,Proved,0,10,13.2388,10.8686,1.15971,0,0,0,0,-2618.04,1391.85,,0.00,16.00
slurm-13210231.out,result,/home/utr_lefebvre/AE-using-column-generation-in-column-and-constraint-generation/code/FLP/data/to-run/instance_F10_C20__R300__2.txt,0,4,false,0.000000,CG,Optimal,Proved,1,6,47.7662,46.9637,0.247931,0,0,0,0,-2375.93,1812.5,,0.00,16.00
slurm-13210232.out,result,/home/utr_lefebvre/AE-using-column-generation-in-column-and-constraint-generation/code/FLP/data/to-run/instance_F10_C20__R300__2.txt,0,4,true,0.000000,CG,Optimal,Proved,1,6,39.9324,39.1187,0.254604,-2.71939e-10,-2.71939e-10,0,0,-2375.93,1812.5,,0.00,16.00
slurm-13210233.out,result,/home/utr_lefebvre/AE-using-column-generation-in-column-and-constraint-generation/code/FLP/data/to-run/instance_F10_C20__R300__2.txt,10800,4,false,inf,STD,Optimal,Proved,0,6,2.0332,1.30321,0.24679,0,0,0,0,-2375.93,1812.5,,0.00,16.00
slurm-13210234.out,result,/home/utr_lefebvre/AE-using-column-generation-in-column-and-constraint-generation/code/FLP/data/to-run/instance_F10_C20__R300__3.txt,0,3,false,0.000000,CG,Optimal,Proved,1,8,37.5101,35.9911,0.90258,-354,-354,1.2846e-12,4.54747e-12,-3012.71,1380.58,,0.00,16.00
slurm-13210235.out,result,/home/utr_lefebvre/AE-using-column-generation-in-column-and-constraint-generation/code/FLP/data/to-run/instance_F10_C20__R300__3.txt,0,3,true,0.000000,CG,Optimal,Proved,1,8,36.6766,35.0271,0.99189,-354,-354,1.2846e-12,4.54747e-12,-3012.71,1380.58,,0.00,16.00
slurm-13210236.out,result,/home/utr_lefebvre/AE-using-column-generation-in-column-and-constraint-generation/code/FLP/data/to-run/instance_F10_C20__R300__3.txt,10800,3,false,inf,STD,Optimal,Proved,0,8,4.59388,3.13209,0.925125,-354,-354,1.2846e-12,4.54747e-12,-3012.71,1380.58,,0.00,16.00
slurm-13210237.out,result,/home/utr_lefebvre/AE-using-column-generation-in-column-and-constraint-generation/code/FLP/data/to-run/instance_F10_C20__R300__3.txt,0,4,false,0.000000,CG,Optimal,Proved,1,9,19.1329,18.059,0.537969,0,0,0,0,-2367.67,1513.59,,0.00,16.00
slurm-13210238.out,result,/home/utr_lefebvre/AE-using-column-generation-in-column-and-constraint-generation/code/FLP/data/to-run/instance_F10_C20__R300__3.txt,0,4,true,0.000000,CG,Optimal,Proved,1,9,21.2096,20.1219,0.547233,-6.00267e-10,-6.00267e-10,0,0,-2367.67,1513.59,,0.00,16.00
slurm-13210239.out,result,/home/utr_lefebvre/AE-using-column-generation-in-column-and-constraint-generation/code/FLP/data/to-run/instance_F10_C20__R300__3.txt,10800,4,false,inf,STD,Optimal,Proved,0,9,2.51204,1.44457,0.599668,0,0,0,0,-2367.67,1513.59,,0.00,16.00
slurm-13210240.out,result,/home/utr_lefebvre/AE-using-column-generation-in-column-and-constraint-generation/code/FLP/data/to-run/instance_F10_C20__R300__4.txt,0,3,false,0.000000,CG,Optimal,Proved,1,9,38.7602,37.2909,0.811895,-254,-254,0,0,-3116.78,1679.7,,0.00,16.00
slurm-13210241.out,result,/home/utr_lefebvre/AE-using-column-generation-in-column-and-constraint-generation/code/FLP/data/to-run/instance_F10_C20__R300__4.txt,0,3,true,0.000000,CG,Optimal,Proved,1,9,27.2774,25.7877,0.875736,-254,-254,0,0,-3116.78,1679.7,,0.00,16.00
slurm-13210242.out,result,/home/utr_lefebvre/AE-using-column-generation-in-column-and-constraint-generation/code/FLP/data/to-run/instance_F10_C20__R300__4.txt,10800,3,false,inf,STD,Optimal,Proved,0,9,2.87927,1.63643,0.793996,-254,-254,0,0,-3116.78,1679.7,,0.00,16.00
slurm-13210243.out,result,/home/utr_lefebvre/AE-using-column-generation-in-column-and-constraint-generation/code/FLP/data/to-run/instance_F10_C20__R300__4.txt,0,4,false,0.000000,CG,Optimal,Proved,1,7,19.9816,19.0512,0.558647,0,0,0,0,-2099.9,1822.43,,0.00,16.00
slurm-13210244.out,result,/home/utr_lefebvre/AE-using-column-generation-in-column-and-constraint-generation/code/FLP/data/to-run/instance_F10_C20__R300__4.txt,0,4,true,0.000000,CG,Optimal,Proved,1,7,15.5855,14.7352,0.518451,-7.33507e-10,-7.33507e-10,0,0,-2099.9,1822.43,,0.00,16.00
slurm-13210245.out,result,/home/utr_lefebvre/AE-using-column-generation-in-column-and-constraint-generation/code/FLP/data/to-run/instance_F10_C20__R300__4.txt,10800,4,false,inf,STD,Optimal,Proved,0,7,1.23719,0.461288,0.525765,0,0,0,0,-2099.9,1822.43,,0.00,16.00
slurm-13210246.out,result,/home/utr_lefebvre/AE-using-column-generation-in-column-and-constraint-generation/code/FLP/data/to-run/instance_F10_C30__R200__0.txt,0,3,false,0.000000,CG,Optimal,Proved,1,6,220.935,207.612,11.967,-3914,-3914,0,0,-9080.93,2868.91,,0.00,16.00
slurm-13210247.out,result,/home/utr_lefebvre/AE-using-column-generation-in-column-and-constraint-generation/code/FLP/data/to-run/instance_F10_C30__R200__0.txt,0,3,true,0.000000,CG,Optimal,Proved,1,6,197.607,180.958,15.0512,-3914,-3914,0,0,-9080.93,2868.91,,0.00,16.00
slurm-13210248.out,result,/home/utr_lefebvre/AE-using-column-generation-in-column-and-constraint-generation/code/FLP/data/to-run/instance_F10_C30__R200__0.txt,10800,3,false,inf,STD,Optimal,Proved,0,6,29.9742,12.7357,15.7019,-3914,-3914,0,0,-9080.93,2868.91,,0.00,16.00
slurm-13210249.out,result,/home/utr_lefebvre/AE-using-column-generation-in-column-and-constraint-generation/code/FLP/data/to-run/instance_F10_C30__R200__0.txt,0,4,false,0.000000,CG,Optimal,Proved,1,8,325.919,292.255,30.7045,-1496,-1496,7.29541e-13,1.09139e-11,-8476.04,3130.18,,0.40,16.00
slurm-13210250.out,result,/home/utr_lefebvre/AE-using-column-generation-in-column-and-constraint-generation/code/FLP/data/to-run/instance_F10_C30__R200__0.txt,0,4,true,0.000000,CG,Optimal,Proved,1,8,213.123,179.895,30.4537,-1496,-1496,0,0,-8476.04,3130.18,,0.00,16.00
slurm-13210251.out,result,/home/utr_lefebvre/AE-using-column-generation-in-column-and-constraint-generation/code/FLP/data/to-run/instance_F10_C30__R200__0.txt,10800,4,false,inf,STD,Optimal,Proved,0,8,41.8243,9.56344,29.764,-1496,-1496,0,0,-8476.04,3130.18,,0.00,16.00
slurm-13210252.out,result,/home/utr_lefebvre/AE-using-column-generation-in-column-and-constraint-generation/code/FLP/data/to-run/instance_F10_C30__R200__1.txt,0,3,false,0.000000,CG,Optimal,Proved,1,4,147.837,137.534,8.75275,-3445,-3445,0,0,-5905,3638.74,,0.00,16.00
slurm-13210253.out,result,/home/utr_lefebvre/AE-using-column-generation-in-column-and-constraint-generation/code/FLP/data/to-run/instance_F10_C30__R200__1.txt,0,3,true,0.000000,CG,Optimal,Proved,1,4,83.1754,73.9763,7.96097,-3445,-3445,0,0,-5905,3638.74,,0.00,16.00
slurm-13210254.out,result,/home/utr_lefebvre/AE-using-column-generation-in-column-and-constraint-generation/code/FLP/data/to-run/instance_F10_C30__R200__1.txt,10800,3,false,inf,STD,Optimal,Proved,0,4,14.6166,5.50232,7.87484,-3445,-3445,0,0,-5905,3638.74,,0.00,16.00
slurm-13210255.out,result,/home/utr_lefebvre/AE-using-column-generation-in-column-and-constraint-generation/code/FLP/data/to-run/instance_F10_C30__R200__1.txt,0,4,false,0.000000,CG,Optimal,Proved,1,8,203.448,188.57,10.1929,-969,-969,0,0,-5588.5,2914.73,,0.00,16.00
slurm-13210256.out,result,/home/utr_lefebvre/AE-using-column-generation-in-column-and-constraint-generation/code/FLP/data/to-run/instance_F10_C30__R200__1.txt,0,4,true,0.000000,CG,Optimal,Proved,1,8,196.798,182.398,9.87547,-969,-969,0,0,-5588.5,2914.73,,0.00,16.00
slurm-13210257.out,result,/home/utr_lefebvre/AE-using-column-generation-in-column-and-constraint-generation/code/FLP/data/to-run/instance_F10_C30__R200__1.txt,10800,4,false,inf,STD,Optimal,Proved,0,8,22.4426,7.74672,10.4479,-969,-969,1.86818e-05,0.000181027,-5588.5,2914.73,,0.00,16.00
slurm-13210258.out,result,/home/utr_lefebvre/AE-using-column-generation-in-column-and-constraint-generation/code/FLP/data/to-run/instance_F10_C30__R200__2.txt,0,3,false,0.000000,CG,Optimal,Proved,1,6,91.5918,88.2732,2.79439,-1917,-1917,4.74436e-14,9.09495e-13,-4089.6,2016.49,,0.00,16.00
slurm-13210259.out,result,/home/utr_lefebvre/AE-using-column-generation-in-column-and-constraint-generation/code/FLP/data/to-run/instance_F10_C30__R200__2.txt,0,3,true,0.000000,CG,Optimal,Proved,1,6,83.2818,79.0827,3.56089,-1917,-1917,4.74436e-14,9.09495e-13,-4089.6,2016.49,,0.00,16.00
slurm-13210260.out,result,/home/utr_lefebvre/AE-using-column-generation-in-column-and-constraint-generation/code/FLP/data/to-run/instance_F10_C30__R200__2.txt,10800,3,false,inf,STD,Optimal,Proved,0,6,6.03244,2.34112,3.21963,-1917,-1917,4.74436e-14,9.09495e-13,-4089.6,2016.49,,0.00,16.00
slurm-13210261.out,result,/home/utr_lefebvre/AE-using-column-generation-in-column-and-constraint-generation/code/FLP/data/to-run/instance_F10_C30__R200__2.txt,0,4,false,0.000000,CG,Optimal,Proved,1,13,212.796,202.893,6.25612,-77,-77,0,0,-4197.1,2168.69,,0.00,16.00
slurm-13210262.out,result,/home/utr_lefebvre/AE-using-column-generation-in-column-and-constraint-generation/code/FLP/data/to-run/instance_F10_C30__R200__2.txt,0,4,true,0.000000,CG,Optimal,Proved,1,13,183.678,173.696,6.40417,-77,-77,0,0,-4197.1,2168.69,,0.00,16.00
slurm-13210263.out,result,/home/utr_lefebvre/AE-using-column-generation-in-column-and-constraint-generation/code/FLP/data/to-run/instance_F10_C30__R200__2.txt,10800,4,false,inf,STD,Optimal,Proved,0,13,13.2281,5.52114,5.13697,-77,-77,0,0,-4197.1,2168.69,,0.00,16.00
slurm-13210264.out,result,/home/utr_lefebvre/AE-using-column-generation-in-column-and-constraint-generation/code/FLP/data/to-run/instance_F10_C30__R200__3.txt,0,3,false,0.000000,CG,Optimal,Proved,1,5,81.2497,74.7276,5.66336,-3349,-3349,0,0,-6090.6,3149.15,,0.00,16.00
slurm-13210265.out,result,/home/utr_lefebvre/AE-using-column-generation-in-column-and-constraint-generation/code/FLP/data/to-run/instance_F10_C30__R200__3.txt,0,3,true,0.000000,CG,Optimal,Proved,1,5,65.2228,58.74,5.65792,-3349,-3349,0,0,-6090.6,3149.15,,0.00,16.00
slurm-13210266.out,result,/home/utr_lefebvre/AE-using-column-generation-in-column-and-constraint-generation/code/FLP/data/to-run/instance_F10_C30__R200__3.txt,10800,3,false,inf,STD,Optimal,Proved,0,5,14.0253,5.8197,7.23391,-3349,-3349,0,0,-6090.6,3149.15,,0.00,16.00
slurm-13210267.out,result,/home/utr_lefebvre/AE-using-column-generation-in-column-and-constraint-generation/code/FLP/data/to-run/instance_F10_C30__R200__3.txt,0,4,false,0.000000,CG,Optimal,Proved,1,11,235.922,227.282,5.28287,-988,-988,0,0,-5241,2350.26,,0.00,16.00
slurm-13210268.out,result,/home/utr_lefebvre/AE-using-column-generation-in-column-and-constraint-generation/code/FLP/data/to-run/instance_F10_C30__R200__3.txt,0,4,true,0.000000,CG,Optimal,Proved,1,11,213.587,204.92,5.2934,-988,-988,4.31347e-06,4.26171e-05,-5241,2350.26,,0.00,16.00
slurm-13210269.out,result,/home/utr_lefebvre/AE-using-column-generation-in-column-and-constraint-generation/code/FLP/data/to-run/instance_F10_C30__R200__3.txt,10800,4,false,inf,STD,Optimal,Proved,0,12,19.7621,10.321,5.81423,-988,-988,0,0,-5224.41,2257.04,,0.00,16.00
slurm-13210270.out,result,/home/utr_lefebvre/AE-using-column-generation-in-column-and-constraint-generation/code/FLP/data/to-run/instance_F10_C30__R200__4.txt,0,3,false,0.000000,CG,Optimal,Proved,1,8,606.216,558.984,41.4326,-3814,-3814,0,0,-8088.86,1871.4,,0.57,16.00
slurm-13210271.out,result,/home/utr_lefebvre/AE-using-column-generation-in-column-and-constraint-generation/code/FLP/data/to-run/instance_F10_C30__R200__4.txt,0,3,true,0.000000,CG,Optimal,Proved,1,8,448.585,401.431,41.3649,-3814,-3814,0,0,-8088.86,1871.4,,0.51,16.00
slurm-13210272.out,result,/home/utr_lefebvre/AE-using-column-generation-in-column-and-constraint-generation/code/FLP/data/to-run/instance_F10_C30__R200__4.txt,10800,3,false,inf,STD,Optimal,Proved,0,8,99.5976,63.1804,32.1502,-3814,-3814,0,0,-8088.86,1871.4,,0.00,16.00
slurm-13210273.out,result,/home/utr_lefebvre/AE-using-column-generation-in-column-and-constraint-generation/code/FLP/data/to-run/instance_F10_C30__R200__4.txt,0,4,false,0.000000,CG,Optimal,Proved,1,8,261.502,221.603,37.7256,-2365,-2365,0,0,-8068.04,2576.12,,0.00,16.00
slurm-13210274.out,result,/home/utr_lefebvre/AE-using-column-generation-in-column-and-constraint-generation/code/FLP/data/to-run/instance_F10_C30__R200__4.txt,0,4,true,0.000000,CG,Optimal,Proved,1,8,288.435,236.03,49.6816,-2365,-2365,0,0,-8068.04,2576.12,,0.00,16.00
slurm-13210275.out,result,/home/utr_lefebvre/AE-using-column-generation-in-column-and-constraint-generation/code/FLP/data/to-run/instance_F10_C30__R200__4.txt,10800,4,false,inf,STD,Optimal,Proved,0,8,84.606,36.6302,45.7299,-2365,-2365,0,0,-8068.04,2576.12,,0.00,16.00
slurm-13210276.out,result,/home/utr_lefebvre/AE-using-column-generation-in-column-and-constraint-generation/code/FLP/data/to-run/instance_F10_C30__R300__0.txt,0,3,false,0.000000,CG,Optimal,Proved,1,10,253.305,243.557,6.81208,-2036,-2036,2.28343e-06,4.64905e-05,-4937.42,1466.89,,0.00,16.00
slurm-13210277.out,result,/home/utr_lefebvre/AE-using-column-generation-in-column-and-constraint-generation/code/FLP/data/to-run/instance_F10_C30__R300__0.txt,0,3,true,0.000000,CG,Optimal,Proved,1,10,239.853,227.27,8.91849,-2036.02,-2036.03,0.000515351,0.0104927,-4937.42,1466.89,,0.00,16.00
slurm-13210278.out,result,/home/utr_lefebvre/AE-using-column-generation-in-column-and-constraint-generation/code/FLP/data/to-run/instance_F10_C30__R300__0.txt,10800,3,false,inf,STD,Optimal,Proved,0,10,22.2952,10.8938,8.34506,-2036,-2036,0,0,-4937.42,1466.89,,0.00,16.00
slurm-13210279.out,result,/home/utr_lefebvre/AE-using-column-generation-in-column-and-constraint-generation/code/FLP/data/to-run/instance_F10_C30__R300__0.txt,0,4,false,0.000000,CG,Optimal,Proved,1,21,851.712,830.014,11.8779,-383,-383,2.37466e-13,9.09495e-13,-4585.91,1522.47,,0.90,16.00
slurm-13210280.out,result,/home/utr_lefebvre/AE-using-column-generation-in-column-and-constraint-generation/code/FLP/data/to-run/instance_F10_C30__R300__0.txt,0,4,true,0.000000,CG,Optimal,Proved,1,21,763.982,743.245,11.6286,-383,-383,2.37466e-13,9.09495e-13,-4585.91,1522.47,,1.13,16.00
slurm-13210281.out,result,/home/utr_lefebvre/AE-using-column-generation-in-column-and-constraint-generation/code/FLP/data/to-run/instance_F10_C30__R300__0.txt,10800,4,false,inf,STD,Optimal,Proved,0,21,62.1339,42.0496,12.2548,-383,-383,2.37466e-13,9.09495e-13,-4585.91,1522.47,,0.00,16.00
slurm-13210282.out,result,/home/utr_lefebvre/AE-using-column-generation-in-column-and-constraint-generation/code/FLP/data/to-run/instance_F10_C30__R300__1.txt,0,3,false,0.000000,CG,Optimal,Proved,1,7,139.62,135.4,3.11686,-2816,-2816,0,0,-4927.14,1807.41,,0.00,16.00
slurm-13210283.out,result,/home/utr_lefebvre/AE-using-column-generation-in-column-and-constraint-generation/code/FLP/data/to-run/instance_F10_C30__R300__1.txt,0,3,true,0.000000,CG,Optimal,Proved,1,7,141.688,136.171,4.20739,-2816,-2816,0,0,-4927.14,1807.41,,0.00,16.00
slurm-13210284.out,result,/home/utr_lefebvre/AE-using-column-generation-in-column-and-constraint-generation/code/FLP/data/to-run/instance_F10_C30__R300__1.txt,10800,3,false,inf,STD,Optimal,Proved,0,7,26.4205,21.2224,4.11903,-2816,-2816,0,0,-4927.14,1807.41,,0.00,16.00
slurm-13210285.out,result,/home/utr_lefebvre/AE-using-column-generation-in-column-and-constraint-generation/code/FLP/data/to-run/instance_F10_C30__R300__1.txt,0,4,false,0.000000,CG,Optimal,Proved,1,11,592.566,585.093,4.14424,-1576,-1576,0,0,-4804.89,1603.37,,0.42,16.00
slurm-13210286.out,result,/home/utr_lefebvre/AE-using-column-generation-in-column-and-constraint-generation/code/FLP/data/to-run/instance_F10_C30__R300__1.txt,0,4,true,0.000000,CG,Optimal,Proved,1,11,645.378,636.013,5.36249,-1576,-1576,1.5976e-05,0.000251781,-4804.89,1603.37,,0.72,16.00
slurm-13210287.out,result,/home/utr_lefebvre/AE-using-column-generation-in-column-and-constraint-generation/code/FLP/data/to-run/instance_F10_C30__R300__1.txt,10800,4,false,inf,STD,Optimal,Proved,0,11,40.0695,31.617,5.1534,-1576,-1576,0,0,-4804.89,1603.37,,0.00,16.00
slurm-13210288.out,result,/home/utr_lefebvre/AE-using-column-generation-in-column-and-constraint-generation/code/FLP/data/to-run/instance_F10_C30__R300__2.txt,0,3,false,0.000000,CG,Optimal,Proved,1,18,2600.16,2576.05,8.20672,-374,-374,2.4318e-13,9.09495e-13,-4987.08,1724.21,,2.25,16.00
slurm-13210289.out,result,/home/utr_lefebvre/AE-using-column-generation-in-column-and-constraint-generation/code/FLP/data/to-run/instance_F10_C30__R300__2.txt,0,3,true,0.000000,CG,Optimal,Proved,1,18,2550.34,2523.97,9.38733,-374,-374,2.4318e-13,9.09495e-13,-4987.08,1724.21,,2.61,16.00
slurm-13210290.out,result,/home/utr_lefebvre/AE-using-column-generation-in-column-and-constraint-generation/code/FLP/data/to-run/instance_F10_C30__R300__2.txt,10800,3,false,inf,STD,Optimal,Proved,0,18,210.334,185.734,10.4036,-374,-374,0,0,-4987.08,1724.21,,0.00,16.00
slurm-13210291.out,result,/home/utr_lefebvre/AE-using-column-generation-in-column-and-constraint-generation/code/FLP/data/to-run/instance_F10_C30__R300__2.txt,0,4,false,0.000000,CG,Optimal,Proved,1,18,2619.72,2599.98,4.60767,0,0,0,0,-4739.64,2012.37,,2.10,16.00
slurm-13210292.out,result,/home/utr_lefebvre/AE-using-column-generation-in-column-and-constraint-generation/code/FLP/data/to-run/instance_F10_C30__R300__2.txt,0,4,true,0.000000,CG,Optimal,Proved,1,18,2321.86,2303.6,4.5489,-2.37913e-06,-2.37913e-06,0,0,-4739.64,2012.37,,2.33,16.00
slurm-13210293.out,result,/home/utr_lefebvre/AE-using-column-generation-in-column-and-constraint-generation/code/FLP/data/to-run/instance_F10_C30__R300__2.txt,10800,4,false,inf,STD,Optimal,Proved,0,18,67.5968,54.125,4.25032,0,0,0,0,-4739.64,2012.37,,0.00,16.00
slurm-13210294.out,result,/home/utr_lefebvre/AE-using-column-generation-in-column-and-constraint-generation/code/FLP/data/to-run/instance_F10_C30__R300__3.txt,0,3,false,0.000000,CG,Optimal,Proved,1,9,279.569,271.76,5.9045,-2400,-2400,3.48169e-07,8.35605e-06,-5309.78,1599.87,,0.00,16.00
slurm-13210295.out,result,/home/utr_lefebvre/AE-using-column-generation-in-column-and-constraint-generation/code/FLP/data/to-run/instance_F10_C30__R300__3.txt,0,3,true,0.000000,CG,Optimal,Proved,1,9,198.279,191.45,5.27255,-2400,-2400,8.2321e-07,1.9757e-05,-5309.78,1599.87,,0.00,16.00
slurm-13210296.out,result,/home/utr_lefebvre/AE-using-column-generation-in-column-and-constraint-generation/code/FLP/data/to-run/instance_F10_C30__R300__3.txt,10800,3,false,inf,STD,Optimal,Proved,0,9,16.8249,9.9083,5.58374,-2400,-2400,0,0,-5309.78,1599.87,,0.00,16.00
slurm-13210297.out,result,/home/utr_lefebvre/AE-using-column-generation-in-column-and-constraint-generation/code/FLP/data/to-run/instance_F10_C30__R300__3.txt,0,4,false,0.000000,CG,Optimal,Proved,1,13,403.234,392.532,4.87926,-942,-942,0,0,-5076.59,1608.11,,0.68,16.00
slurm-13210298.out,result,/home/utr_lefebvre/AE-using-column-generation-in-column-and-constraint-generation/code/FLP/data/to-run/instance_F10_C30__R300__3.txt,0,4,true,0.000000,CG,Optimal,Proved,1,13,273.136,264.701,3.83151,-942,-942,0,0,-5076.59,1608.11,,0.00,16.00
slurm-13210299.out,result,/home/utr_lefebvre/AE-using-column-generation-in-column-and-constraint-generation/code/FLP/data/to-run/instance_F10_C30__R300__3.txt,10800,4,false,inf,STD,Optimal,Proved,0,13,28.7368,18.838,4.94947,-942,-942,0,0,-5076.59,1608.11,,0.00,16.00
slurm-13210300.out,result,/home/utr_lefebvre/AE-using-column-generation-in-column-and-constraint-generation/code/FLP/data/to-run/instance_F10_C30__R300__4.txt,0,3,false,0.000000,CG,Optimal,Proved,1,9,225.447,221.524,2.43849,-1871,-1871,0,0,-4484.94,1486.13,,0.00,16.00
slurm-13210301.out,result,/home/utr_lefebvre/AE-using-column-generation-in-column-and-constraint-generation/code/FLP/data/to-run/instance_F10_C30__R300__4.txt,0,3,true,0.000000,CG,Optimal,Proved,1,9,154.943,151.567,2.11393,-1871,-1871,0,0,-4484.94,1486.13,,0.00,16.00
slurm-13210302.out,result,/home/utr_lefebvre/AE-using-column-generation-in-column-and-constraint-generation/code/FLP/data/to-run/instance_F10_C30__R300__4.txt,10800,3,false,inf,STD,Optimal,Proved,0,9,7.48442,4.77442,1.86283,-1871,-1871,0,0,-4484.94,1486.13,,0.00,16.00
slurm-13210303.out,result,/home/utr_lefebvre/AE-using-column-generation-in-column-and-constraint-generation/code/FLP/data/to-run/instance_F10_C30__R300__4.txt,0,4,false,0.000000,CG,Optimal,Proved,1,16,634.76,626.016,3.05098,-280,-280,0,0,-4071.65,1506.49,,0.88,16.00
slurm-13210304.out,result,/home/utr_lefebvre/AE-using-column-generation-in-column-and-constraint-generation/code/FLP/data/to-run/instance_F10_C30__R300__4.txt,0,4,true,0.000000,CG,Optimal,Proved,1,16,483.926,477.436,2.33386,-280,-280,0,0,-4071.65,1506.49,,0.74,16.00
slurm-13210305.out,result,/home/utr_lefebvre/AE-using-column-generation-in-column-and-constraint-generation/code/FLP/data/to-run/instance_F10_C30__R300__4.txt,10800,4,false,inf,STD,Optimal,Proved,0,16,27.4423,20.5901,2.98673,-280,-280,0,0,-4071.65,1506.49,,0.00,16.00
slurm-13210306.out,result,/home/utr_lefebvre/AE-using-column-generation-in-column-and-constraint-generation/code/FLP/data/to-run/instance_F10_C40__R200__0.txt,0,3,false,0.000000,CG,Optimal,Proved,1,9,1596.3,1470.64,106.051,-2355,-2355,3.86197e-14,9.09495e-13,-6371.14,1874.32,,0.70,16.00
slurm-13210307.out,result,/home/utr_lefebvre/AE-using-column-generation-in-column-and-constraint-generation/code/FLP/data/to-run/instance_F10_C40__R200__0.txt,0,3,true,0.000000,CG,Optimal,Proved,1,9,1006.69,883.129,104.757,-2355,-2355,3.86197e-14,9.09495e-13,-6371.14,1874.32,,0.67,16.00
slurm-13210308.out,result,/home/utr_lefebvre/AE-using-column-generation-in-column-and-constraint-generation/code/FLP/data/to-run/instance_F10_C40__R200__0.txt,10800,3,false,inf,STD,Optimal,Proved,0,9,344.787,197.121,125.963,-2355,-2355,3.86197e-14,9.09495e-13,-6371.14,1874.32,,0.35,16.00
slurm-13210309.out,result,/home/utr_lefebvre/AE-using-column-generation-in-column-and-constraint-generation/code/FLP/data/to-run/instance_F10_C40__R200__0.txt,0,4,false,0.000000,CG,Optimal,Proved,1,17,3425.61,3253.3,109.809,-638,-638,0,0,-5283.46,2148.15,,1.53,16.00
slurm-13210310.out,result,/home/utr_lefebvre/AE-using-column-generation-in-column-and-constraint-generation/code/FLP/data/to-run/instance_F10_C40__R200__0.txt,0,4,true,0.000000,CG,Optimal,Proved,1,17,2839.15,2681.09,97.7692,-638,-638,1.88297e-07,1.20134e-06,-5283.46,2148.15,,1.88,16.00
slurm-13210311.out,result,/home/utr_lefebvre/AE-using-column-generation-in-column-and-constraint-generation/code/FLP/data/to-run/instance_F10_C40__R200__0.txt,10800,4,false,inf,STD,Infeasible,TimeLimit,1,10,10800.9,10763.1,20.715,-953,274,447.81,1227,-5340.51,2124.61,,4.45,16.00
slurm-13210312.out,result,/home/utr_lefebvre/AE-using-column-generation-in-column-and-constraint-generation/code/FLP/data/to-run/instance_F10_C40__R200__1.txt,0,3,false,0.000000,CG,Optimal,Proved,1,6,285.92,280.596,3.79554,0,0,0,0,-2926.8,1574.53,,0.00,16.00
slurm-13210313.out,result,/home/utr_lefebvre/AE-using-column-generation-in-column-and-constraint-generation/code/FLP/data/to-run/instance_F10_C40__R200__1.txt,0,3,true,0.000000,CG,Optimal,Proved,1,6,233.44,228.227,3.72116,-6.51653e-10,-6.51653e-10,0,0,-2926.8,1574.53,,0.00,16.00
slurm-13210314.out,result,/home/utr_lefebvre/AE-using-column-generation-in-column-and-constraint-generation/code/FLP/data/to-run/instance_F10_C40__R200__1.txt,10800,3,false,inf,STD,Optimal,Proved,0,6,13.7325,8.3806,3.98902,0,0,0,0,-2926.8,1574.53,,0.00,16.00
slurm-13210315.out,result,/home/utr_lefebvre/AE-using-column-generation-in-column-and-constraint-generation/code/FLP/data/to-run/instance_F10_C40__R200__1.txt,0,4,false,0.000000,CG,Optimal,Proved,1,4,69.5418,68.3298,0.880498,0,0,0,0,-1369.17,1686.17,,0.00,16.00
slurm-13210316.out,result,/home/utr_lefebvre/AE-using-column-generation-in-column-and-constraint-generation/code/FLP/data/to-run/instance_F10_C40__R200__1.txt,0,4,true,0.000000,CG,Optimal,Proved,1,4,43.6899,42.4638,0.893826,-9.16771e-10,-9.16771e-10,0,0,-1369.17,1686.17,,0.00,16.00
slurm-13210317.out,result,/home/utr_lefebvre/AE-using-column-generation-in-column-and-constraint-generation/code/FLP/data/to-run/instance_F10_C40__R200__1.txt,10800,4,false,inf,STD,Optimal,Proved,0,4,3.42907,2.25719,0.89879,0,0,0,0,-1369.17,1686.17,,0.00,16.00
slurm-13210318.out,result,/home/utr_lefebvre/AE-using-column-generation-in-column-and-constraint-generation/code/FLP/data/to-run/instance_F10_C40__R200__2.txt,0,3,false,0.000000,CG,Optimal,Proved,1,11,249.302,243.513,2.98585,0,0,0,0,-3203.42,1585.94,,0.00,16.00
slurm-13210319.out,result,/home/utr_lefebvre/AE-using-column-generation-in-column-and-constraint-generation/code/FLP/data/to-run/instance_F10_C40__R200__2.txt,0,3,true,0.000000,CG,Optimal,Proved,1,11,185.267,180.444,2.50502,-7.93079e-10,-7.93079e-10,0,0,-3203.42,1585.94,,0.00,16.00
slurm-13210320.out,result,/home/utr_lefebvre/AE-using-column-generation-in-column-and-constraint-generation/code/FLP/data/to-run/instance_F10_C40__R200__2.txt,10800,3,false,inf,STD,Optimal,Proved,0,11,17.8506,13.321,2.54801,0,0,0,0,-3203.42,1585.94,,0.00,16.00
slurm-13210321.out,result,/home/utr_lefebvre/AE-using-column-generation-in-column-and-constraint-generation/code/FLP/data/to-run/instance_F10_C40__R200__2.txt,0,4,false,0.000000,CG,Optimal,Proved,1,9,161.328,158.152,1.73816,0,0,0,0,-2501.69,1602.89,,0.00,16.00
slurm-13210322.out,result,/home/utr_lefebvre/AE-using-column-generation-in-column-and-constraint-generation/code/FLP/data/to-run/instance_F10_C40__R200__2.txt,0,4,true,0.000000,CG,Optimal,Proved,1,9,112.889,110.381,1.3786,-6.74845e-10,-6.74845e-10,0,0,-2501.69,1602.89,,0.00,16.00
slurm-13210323.out,result,/home/utr_lefebvre/AE-using-column-generation-in-column-and-constraint-generation/code/FLP/data/to-run/instance_F10_C40__R200__2.txt,10800,4,false,inf,STD,Optimal,Proved,0,9,7.87407,5.09078,1.7121,0,0,0,0,-2501.69,1602.89,,0.00,16.00
slurm-13210324.out,result,/home/utr_lefebvre/AE-using-column-generation-in-column-and-constraint-generation/code/FLP/data/to-run/instance_F10_C40__R200__3.txt,0,3,false,0.000000,CG,Optimal,Proved,1,11,2811.1,2606.52,143.008,-2920,-2920,0,0,-7913.22,2030.4,,0.85,16.00
slurm-13210325.out,result,/home/utr_lefebvre/AE-using-column-generation-in-column-and-constraint-generation/code/FLP/data/to-run/instance_F10_C40__R200__3.txt,0,3,true,0.000000,CG,Optimal,Proved,1,11,1983.69,1786.66,137.769,-2920,-2920,0,0,-7913.22,2030.4,,0.83,16.00
slurm-13210326.out,result,/home/utr_lefebvre/AE-using-column-generation-in-column-and-constraint-generation/code/FLP/data/to-run/instance_F10_C40__R200__3.txt,10800,3,false,inf,STD,Infeasible,TimeLimit,1,6,10810.3,10751.9,35.7364,-3541,-2477,42.9552,1064,-7968.8,2298.83,,56.73,16.00
slurm-13210327.out,result,/home/utr_lefebvre/AE-using-column-generation-in-column-and-constraint-generation/code/FLP/data/to-run/instance_F10_C40__R200__3.txt,0,4,false,0.000000,CG,Optimal,Proved,1,15,2196.45,1967.19,153.452,-1198,-1198,7.59178e-14,9.09495e-13,-6866.55,2056.87,,1.10,16.00
slurm-13210328.out,result,/home/utr_lefebvre/AE-using-column-generation-in-column-and-constraint-generation/code/FLP/data/to-run/instance_F10_C40__R200__3.txt,0,4,true,0.000000,CG,Optimal,Proved,1,15,2290.74,2005.81,190.235,-1198,-1198,7.59178e-14,9.09495e-13,-6866.55,2056.87,,1.22,16.00
slurm-13210329.out,result,/home/utr_lefebvre/AE-using-column-generation-in-column-and-constraint-generation/code/FLP/data/to-run/instance_F10_C40__R200__3.txt,10800,4,false,inf,STD,Infeasible,TimeLimit,1,8,10806.8,10669.4,89.3154,-1862,-294,533.333,1568,-7376.64,2369.31,,36.17,16.00
slurm-13210330.out,result,/home/utr_lefebvre/AE-using-column-generation-in-column-and-constraint-generation/code/FLP/data/to-run/instance_F10_C40__R200__4.txt,0,3,false,0.000000,CG,Optimal,Proved,1,5,273.929,259.137,13.0705,-3605,-3605,0,0,-8104.3,2515.71,,0.00,16.00
slurm-13210331.out,result,/home/utr_lefebvre/AE-using-column-generation-in-column-and-constraint-generation/code/FLP/data/to-run/instance_F10_C40__R200__4.txt,0,3,true,0.000000,CG,Optimal,Proved,1,5,174.155,161.41,11.2426,-3605,-3605,0,0,-8104.3,2515.71,,0.00,16.00
slurm-13210332.out,result,/home/utr_lefebvre/AE-using-column-generation-in-column-and-constraint-generation/code/FLP/data/to-run/instance_F10_C40__R200__4.txt,10800,3,false,inf,STD,Infeasible,TimeLimit,1,5,10801.7,10793.4,6.87724,-3694,-3605,2.46879,89,-8104.3,2515.71,,8.24,16.00
slurm-13210333.out,result,/home/utr_lefebvre/AE-using-column-generation-in-column-and-constraint-generation/code/FLP/data/to-run/instance_F10_C40__R200__4.txt,0,4,false,0.000000,CG,Optimal,Proved,1,8,685.35,647.855,32.8942,-1611,-1611,0,0,-6726.61,2377.55,,0.64,16.00
slurm-13210334.out,result,/home/utr_lefebvre/AE-using-column-generation-in-column-and-constraint-generation/code/FLP/data/to-run/instance_F10_C40__R200__4.txt,0,4,true,0.000000,CG,Optimal,Proved,1,8,586.52,547.542,34.3826,-1611,-1611,7.19889e-07,1.15974e-05,-6726.61,2377.55,,0.63,16.00
slurm-13210335.out,result,/home/utr_lefebvre/AE-using-column-generation-in-column-and-constraint-generation/code/FLP/data/to-run/instance_F10_C40__R200__4.txt,10800,4,false,inf,STD,Optimal,Proved,0,8,94.2295,55.7955,34.0759,-1611,-1611,0,0,-6726.61,2377.55,,0.00,16.00
slurm-13210336.out,result,/home/utr_lefebvre/AE-using-column-generation-in-column-and-constraint-generation/code/FLP/data/to-run/instance_F10_C40__R300__0.txt,0,3,false,0.000000,CG,Optimal,Proved,1,10,282.55,278.554,1.92928,-453,-453,1.00386e-13,4.54747e-13,-3042.89,1277.13,,0.00,16.00
slurm-13210337.out,result,/home/utr_lefebvre/AE-using-column-generation-in-column-and-constraint-generation/code/FLP/data/to-run/instance_F10_C40__R300__0.txt,0,3,true,0.000000,CG,Optimal,Proved,1,10,252.3,248.529,1.84834,-453,-453,1.56762e-08,7.10133e-08,-3042.89,1277.13,,0.00,16.00
slurm-13210338.out,result,/home/utr_lefebvre/AE-using-column-generation-in-column-and-constraint-generation/code/FLP/data/to-run/instance_F10_C40__R300__0.txt,10800,3,false,inf,STD,Optimal,Proved,0,10,17.6571,14.4814,1.85033,-453,-453,1.00386e-13,4.54747e-13,-3042.89,1277.13,,0.00,16.00
slurm-13210339.out,result,/home/utr_lefebvre/AE-using-column-generation-in-column-and-constraint-generation/code/FLP/data/to-run/instance_F10_C40__R300__0.txt,0,4,false,0.000000,CG,Optimal,Proved,1,11,215.859,213.116,0.988446,0,0,0,0,-2532.64,1477.57,,0.00,16.00
slurm-13210340.out,result,/home/utr_lefebvre/AE-using-column-generation-in-column-and-constraint-generation/code/FLP/data/to-run/instance_F10_C40__R300__0.txt,0,4,true,0.000000,CG,Optimal,Proved,1,11,172.37,169.643,1.05202,-5.97993e-09,-5.97993e-09,0,0,-2532.64,1477.57,,0.00,16.00
slurm-13210341.out,result,/home/utr_lefebvre/AE-using-column-generation-in-column-and-constraint-generation/code/FLP/data/to-run/instance_F10_C40__R300__0.txt,10800,4,false,inf,STD,Optimal,Proved,0,11,9.69073,7.61535,0.969572,0,0,0,0,-2532.64,1477.57,,0.00,16.00
slurm-13210342.out,result,/home/utr_lefebvre/AE-using-column-generation-in-column-and-constraint-generation/code/FLP/data/to-run/instance_F10_C40__R300__1.txt,0,3,false,0.000000,CG,Optimal,Proved,1,9,196.249,194.15,0.69991,0,0,0,0,-2136.78,1413.89,,0.00,16.00
slurm-13210343.out,result,/home/utr_lefebvre/AE-using-column-generation-in-column-and-constraint-generation/code/FLP/data/to-run/instance_F10_C40__R300__1.txt,0,3,true,0.000000,CG,Optimal,Proved,1,9,166.976,164.927,0.712925,-1.57506e-09,-1.57506e-09,0,0,-2136.78,1413.89,,0.00,16.00
slurm-13210344.out,result,/home/utr_lefebvre/AE-using-column-generation-in-column-and-constraint-generation/code/FLP/data/to-run/instance_F10_C40__R300__1.txt,10800,3,false,inf,STD,Optimal,Proved,0,9,8.84004,7.14158,0.729602,0,0,0,0,-2136.78,1413.89,,0.00,16.00
slurm-13210345.out,result,/home/utr_lefebvre/AE-using-column-generation-in-column-and-constraint-generation/code/FLP/data/to-run/instance_F10_C40__R300__1.txt,0,4,false,0.000000,CG,Optimal,Proved,1,9,197.299,195.195,0.647505,0,0,0,0,-2065.67,1461.55,,0.00,16.00
slurm-13210346.out,result,/home/utr_lefebvre/AE-using-column-generation-in-column-and-constraint-generation/code/FLP/data/to-run/instance_F10_C40__R300__1.txt,0,4,true,0.000000,CG,Optimal,Proved,1,9,120.084,118.297,0.58731,-2.63995e-10,-2.63995e-10,0,0,-2065.67,1461.55,,0.00,16.00
slurm-13210347.out,result,/home/utr_lefebvre/AE-using-column-generation-in-column-and-constraint-generation/code/FLP/data/to-run/instance_F10_C40__R300__1.txt,10800,4,false,inf,STD,Optimal,Proved,0,9,6.70277,5.09152,0.635489,0,0,0,0,-2065.67,1461.55,,0.00,16.00
slurm-13210348.out,result,/home/utr_lefebvre/AE-using-column-generation-in-column-and-constraint-generation/code/FLP/data/to-run/instance_F10_C40__R300__2.txt,0,3,false,0.000000,CG,Optimal,Proved,1,10,567.004,555.954,7.27252,-2165,-2165,0,0,-6243.16,1786.84,,0.66,16.00
slurm-13210349.out,result,/home/utr_lefebvre/AE-using-column-generation-in-column-and-constraint-generation/code/FLP/data/to-run/instance_F10_C40__R300__2.txt,0,3,true,0.000000,CG,Optimal,Proved,1,10,469.693,459.037,7.16441,-2165,-2165,5.46117e-13,1.18234e-11,-6243.16,1786.84,,0.81,16.00
slurm-13210350.out,result,/home/utr_lefebvre/AE-using-column-generation-in-column-and-constraint-generation/code/FLP/data/to-run/instance_F10_C40__R300__2.txt,10800,3,false,inf,STD,Optimal,Proved,0,10,113.171,103.383,7.05887,-2165,-2165,0,0,-6243.16,1786.84,,0.00,16.00
slurm-13210351.out,result,/home/utr_lefebvre/AE-using-column-generation-in-column-and-constraint-generation/code/FLP/data/to-run/instance_F10_C40__R300__2.txt,0,4,false,0.000000,CG,Optimal,Proved,1,16,1389.39,1368.42,10.4379,-702,-702,1.29558e-13,9.09495e-13,-5656.13,2024.11,,1.43,16.00
slurm-13210353.out,result,/home/utr_lefebvre/AE-using-column-generation-in-column-and-constraint-generation/code/FLP/data/to-run/instance_F10_C40__R300__2.txt,0,4,true,0.000000,CG,Optimal,Proved,1,16,1121.91,1103.24,9.43495,-702,-702,1.29558e-13,9.09495e-13,-5656.13,2024.11,,1.64,16.00
slurm-13210354.out,result,/home/utr_lefebvre/AE-using-column-generation-in-column-and-constraint-generation/code/FLP/data/to-run/instance_F10_C40__R300__2.txt,10800,4,false,inf,STD,Optimal,Proved,0,16,54.8928,37.6994,9.8537,-702,-702,1.29558e-13,9.09495e-13,-5656.13,2024.11,,0.00,16.00
slurm-13210355.out,result,/home/utr_lefebvre/AE-using-column-generation-in-column-and-constraint-generation/code/FLP/data/to-run/instance_F10_C40__R300__3.txt,0,3,false,0.000000,CG,Optimal,Proved,1,10,231.751,227.096,3.12757,-3069,-3069,0,0,-6162.53,1614.54,,0.00,16.00
slurm-13210356.out,result,/home/utr_lefebvre/AE-using-column-generation-in-column-and-constraint-generation/code/FLP/data/to-run/instance_F10_C40__R300__3.txt,0,3,true,0.000000,CG,Optimal,Proved,1,10,210.382,205.809,3.15129,-3069,-3069,0,0,-6162.53,1614.54,,0.00,16.00
slurm-13210357.out,result,/home/utr_lefebvre/AE-using-column-generation-in-column-and-constraint-generation/code/FLP/data/to-run/instance_F10_C40__R300__3.txt,10800,3,false,inf,STD,Optimal,Proved,0,10,15.0423,10.9816,3.08127,-3069,-3069,0,0,-6162.53,1614.54,,0.00,16.00
slurm-13210358.out,result,/home/utr_lefebvre/AE-using-column-generation-in-column-and-constraint-generation/code/FLP/data/to-run/instance_F10_C40__R300__3.txt,0,4,false,0.000000,CG,Optimal,Proved,1,8,85.1299,82.0066,2.1685,-2026,-2026,4.48912e-14,9.09495e-13,-5148.89,2406.19,,0.00,16.00
slurm-13210359.out,result,/home/utr_lefebvre/AE-using-column-generation-in-column-and-constraint-generation/code/FLP/data/to-run/instance_F10_C40__R300__3.txt,0,4,true,0.000000,CG,Optimal,Proved,1,8,88.9992,85.6541,2.37035,-2026,-2026,4.48912e-14,9.09495e-13,-5148.89,2406.19,,0.00,16.00
slurm-13210360.out,result,/home/utr_lefebvre/AE-using-column-generation-in-column-and-constraint-generation/code/FLP/data/to-run/instance_F10_C40__R300__3.txt,10800,4,false,inf,STD,Optimal,Proved,0,8,10.4743,7.0705,2.56267,-2026,-2026,4.48912e-14,9.09495e-13,-5148.89,2406.19,,0.00,16.00
slurm-13210361.out,result,/home/utr_lefebvre/AE-using-column-generation-in-column-and-constraint-generation/code/FLP/data/to-run/instance_F10_C40__R300__4.txt,0,3,false,0.000000,CG,Optimal,Proved,1,10,150.086,146.717,1.46375,-163,-163,0,0,-2195.47,1132.08,,0.00,16.00
slurm-13210362.out,result,/home/utr_lefebvre/AE-using-column-generation-in-column-and-constraint-generation/code/FLP/data/to-run/instance_F10_C40__R300__4.txt,0,3,true,0.000000,CG,Optimal,Proved,1,10,129.892,126.433,1.54349,-163,-163,0,0,-2195.47,1132.08,,0.00,16.00
slurm-13210363.out,result,/home/utr_lefebvre/AE-using-column-generation-in-column-and-constraint-generation/code/FLP/data/to-run/instance_F10_C40__R300__4.txt,10800,3,false,inf,STD,Optimal,Proved,0,10,10.4492,7.67443,1.4051,-163,-163,0,0,-2195.47,1132.08,,0.00,16.00
slurm-13210364.out,result,/home/utr_lefebvre/AE-using-column-generation-in-column-and-constraint-generation/code/FLP/data/to-run/instance_F10_C40__R300__4.txt,0,4,false,0.000000,CG,Optimal,Proved,1,8,87.1701,85.3141,1.0257,-1,-1,4.44089e-14,4.44089e-16,-1602.36,1200.71,,0.00,16.00
slurm-13210365.out,result,/home/utr_lefebvre/AE-using-column-generation-in-column-and-constraint-generation/code/FLP/data/to-run/instance_F10_C40__R300__4.txt,0,4,true,0.000000,CG,Optimal,Proved,1,8,70.0072,68.2902,0.955752,-1,-1,4.44089e-14,4.44089e-16,-1602.36,1200.71,,0.00,16.00
slurm-13210366.out,result,/home/utr_lefebvre/AE-using-column-generation-in-column-and-constraint-generation/code/FLP/data/to-run/instance_F10_C40__R300__4.txt,10800,4,false,inf,STD,Optimal,Proved,0,8,4.22,2.56005,1.03999,-1,-1,4.44089e-14,4.44089e-16,-1602.36,1200.71,,0.00,16.00
slurm-13210367.out,result,/home/utr_lefebvre/AE-using-column-generation-in-column-and-constraint-generation/code/FLP/data/to-run/instance_F15_C20__R200__0.txt,0,3,false,0.000000,CG,Optimal,Proved,1,9,1134.77,1090.56,40.12,-7367,-7367,0,0,-11781,1615.89,,0.74,16.00
slurm-13210368.out,result,/home/utr_lefebvre/AE-using-column-generation-in-column-and-constraint-generation/code/FLP/data/to-run/instance_F15_C20__R200__0.txt,0,3,true,0.000000,CG,Optimal,Proved,1,9,664.006,624.879,35.8379,-7367,-7367,2.58649e-06,0.000190547,-11781,1615.89,,0.97,16.00
slurm-13210369.out,result,/home/utr_lefebvre/AE-using-column-generation-in-column-and-constraint-generation/code/FLP/data/to-run/instance_F15_C20__R200__0.txt,10800,3,false,inf,STD,Optimal,Proved,0,9,91.0255,48.0547,40.0191,-7367,-7367,0,0,-11781,1615.89,,0.00,16.00
slurm-13210370.out,result,/home/utr_lefebvre/AE-using-column-generation-in-column-and-constraint-generation/code/FLP/data/to-run/instance_F15_C20__R200__0.txt,0,4,false,0.000000,CG,Optimal,Proved,1,12,1910.46,1806.53,96.1079,-5758,-5758,3.15906e-14,1.81899e-12,-11092.2,1807.79,,1.12,16.00
slurm-13210371.out,result,/home/utr_lefebvre/AE-using-column-generation-in-column-and-constraint-generation/code/FLP/data/to-run/instance_F15_C20__R200__0.txt,0,4,true,0.000000,CG,Optimal,Proved,1,12,1559.81,1459.96,92.7523,-5758,-5758,1.39591e-06,8.03767e-05,-11094.6,1810.69,,1.64,16.00
slurm-13210372.out,result,/home/utr_lefebvre/AE-using-column-generation-in-column-and-constraint-generation/code/FLP/data/to-run/instance_F15_C20__R200__0.txt,10800,4,false,inf,STD,Optimal,Proved,0,12,195.224,93.2072,96.4401,-5758,-5758,3.15906e-14,1.81899e-12,-11092.2,1807.79,,0.00,16.00
slurm-13210373.out,result,/home/utr_lefebvre/AE-using-column-generation-in-column-and-constraint-generation/code/FLP/data/to-run/instance_F15_C20__R200__1.txt,0,3,false,0.000000,CG,Optimal,Proved,1,11,733.525,714.142,13.988,-3456,-3456,0,0,-8750.56,2511.26,,0.81,16.00
slurm-13210374.out,result,/home/utr_lefebvre/AE-using-column-generation-in-column-and-constraint-generation/code/FLP/data/to-run/instance_F15_C20__R200__1.txt,0,3,true,0.000000,CG,Optimal,Proved,1,11,622.408,603.422,13.9252,-3456,-3456,0,0,-8750.56,2511.26,,1.46,16.00
slurm-13210375.out,result,/home/utr_lefebvre/AE-using-column-generation-in-column-and-constraint-generation/code/FLP/data/to-run/instance_F15_C20__R200__1.txt,10800,3,false,inf,STD,Optimal,Proved,0,11,71.0115,53.1868,13.8981,-3456,-3456,0,0,-8750.56,2511.26,,0.00,16.00
slurm-13210376.out,result,/home/utr_lefebvre/AE-using-column-generation-in-column-and-constraint-generation/code/FLP/data/to-run/instance_F15_C20__R200__1.txt,0,4,false,0.000000,CG,Optimal,Proved,1,11,614.48,596.305,14.0269,-1687,-1687,0,0,-7937.64,2304.41,,0.75,16.00
slurm-13210377.out,result,/home/utr_lefebvre/AE-using-column-generation-in-column-and-constraint-generation/code/FLP/data/to-run/instance_F15_C20__R200__1.txt,0,4,true,0.000000,CG,Optimal,Proved,1,11,552.329,535.175,13.4728,-1687,-1687,0,0,-7937.64,2304.41,,0.84,16.00
slurm-13210378.out,result,/home/utr_lefebvre/AE-using-column-generation-in-column-and-constraint-generation/code/FLP/data/to-run/instance_F15_C20__R200__1.txt,10800,4,false,inf,STD,Optimal,Proved,0,11,28.1383,12.2066,13.2795,-1687,-1687,0,0,-7937.64,2304.41,,0.00,16.00
slurm-13210379.out,result,/home/utr_lefebvre/AE-using-column-generation-in-column-and-constraint-generation/code/FLP/data/to-run/instance_F15_C20__R200__2.txt,0,3,false,0.000000,CG,Optimal,Proved,1,6,561.246,552.465,7.22058,-4849,-4849,0,0,-9499,1812.38,,0.49,16.00
slurm-13210380.out,result,/home/utr_lefebvre/AE-using-column-generation-in-column-and-constraint-generation/code/FLP/data/to-run/instance_F15_C20__R200__2.txt,0,3,true,0.000000,CG,Optimal,Proved,1,6,425.244,416.49,7.33992,-4849,-4849,0,0,-9499,1812.38,,0.73,16.00
slurm-13210381.out,result,/home/utr_lefebvre/AE-using-column-generation-in-column-and-constraint-generation/code/FLP/data/to-run/instance_F15_C20__R200__2.txt,10800,3,false,inf,STD,Optimal,Proved,0,6,13.4237,6.17464,6.35065,-4849,-4849,0,0,-9499,1812.38,,0.00,16.00
slurm-13210382.out,result,/home/utr_lefebvre/AE-using-column-generation-in-column-and-constraint-generation/code/FLP/data/to-run/instance_F15_C20__R200__2.txt,0,4,false,0.000000,CG,Optimal,Proved,1,9,1069.84,1056.39,10.7194,-2994,-2994,6.07545e-14,1.81899e-12,-7921.25,2353.12,,1.03,16.00
slurm-13210383.out,result,/home/utr_lefebvre/AE-using-column-generation-in-column-and-constraint-generation/code/FLP/data/to-run/instance_F15_C20__R200__2.txt,0,4,true,0.000000,CG,Optimal,Proved,1,9,1003.87,988.709,12.6499,-2994,-2994,6.07545e-14,1.81899e-12,-7921.25,2353.12,,1.34,16.00
slurm-13210384.out,result,/home/utr_lefebvre/AE-using-column-generation-in-column-and-constraint-generation/code/FLP/data/to-run/instance_F15_C20__R200__2.txt,10800,4,false,inf,STD,Optimal,Proved,0,9,144.597,132.149,11.0025,-2994,-2994,6.07545e-14,1.81899e-12,-7921.25,2353.12,,0.00,16.00
slurm-13210385.out,result,/home/utr_lefebvre/AE-using-column-generation-in-column-and-constraint-generation/code/FLP/data/to-run/instance_F15_C20__R200__3.txt,0,3,false,0.000000,CG,Infeasible,TimeLimit,1,5,10800.2,10795.8,3.46934,-4959,-2821,75.7887,2138,-7745.3,2137.95,,0.28,16.00
slurm-13210386.out,result,/home/utr_lefebvre/AE-using-column-generation-in-column-and-constraint-generation/code/FLP/data/to-run/instance_F15_C20__R200__3.txt,0,3,true,0.000000,CG,Optimal,Proved,1,9,335.991,316.247,15.5234,-4206,-4206,0,0,-9077.31,1947.34,,0.79,16.00
slurm-13210387.out,result,/home/utr_lefebvre/AE-using-column-generation-in-column-and-constraint-generation/code/FLP/data/to-run/instance_F15_C20__R200__3.txt,10800,3,false,inf,STD,Optimal,Proved,0,9,4020.83,4001.04,15.9633,-4206,-4206,0,0,-9077.31,1947.34,,0.51,16.00
slurm-13210388.out,result,/home/utr_lefebvre/AE-using-column-generation-in-column-and-constraint-generation/code/FLP/data/to-run/instance_F15_C20__R200__3.txt,0,4,false,0.000000,CG,Optimal,Proved,1,5,203.72,189.432,13.4568,-2520,-2520,0,0,-6475.5,3614.11,,0.00,16.00
slurm-13210389.out,result,/home/utr_lefebvre/AE-using-column-generation-in-column-and-constraint-generation/code/FLP/data/to-run/instance_F15_C20__R200__3.txt,0,4,true,0.000000,CG,Optimal,Proved,1,5,157.649,144.326,12.5441,-2520,-2520,0,0,-6475.5,3614.11,,0.00,16.00
slurm-13210390.out,result,/home/utr_lefebvre/AE-using-column-generation-in-column-and-constraint-generation/code/FLP/data/to-run/instance_F15_C20__R200__3.txt,10800,4,false,inf,STD,Optimal,Proved,0,5,15.6949,2.71539,12.3328,-2520,-2520,0,0,-6475.5,3614.11,,0.00,16.00
slurm-13210391.out,result,/home/utr_lefebvre/AE-using-column-generation-in-column-and-constraint-generation/code/FLP/data/to-run/instance_F15_C20__R200__4.txt,0,3,false,0.000000,CG,Optimal,Proved,1,11,1741.38,1724.92,10.071,-3034,-3034,0,0,-6822.62,1567.74,,1.39,16.00
slurm-13210392.out,result,/home/utr_lefebvre/AE-using-column-generation-in-column-and-constraint-generation/code/FLP/data/to-run/instance_F15_C20__R200__4.txt,0,3,true,0.000000,CG,Optimal,Proved,1,11,1686.73,1670.19,10.5581,-3034,-3034,9.33712e-08,2.83288e-06,-6822.62,1567.74,,2.21,16.00
slurm-13210393.out,result,/home/utr_lefebvre/AE-using-column-generation-in-column-and-constraint-generation/code/FLP/data/to-run/instance_F15_C20__R200__4.txt,10800,3,false,inf,STD,Infeasible,TimeLimit,1,11,10800.7,10789.2,7.69256,-3055,-3034,0.692156,21,-6822.62,1567.74,,3.39,16.00
slurm-13210394.out,result,/home/utr_lefebvre/AE-using-column-generation-in-column-and-constraint-generation/code/FLP/data/to-run/instance_F15_C20__R200__4.txt,0,4,false,0.000000,CG,Optimal,Proved,1,17,5296.56,5263.22,17.6257,-1677,-1677,0,0,-6626.22,1600.22,,3.08,16.00
slurm-13210395.out,result,/home/utr_lefebvre/AE-using-column-generation-in-column-and-constraint-generation/code/FLP/data/to-run/instance_F15_C20__R200__4.txt,0,4,true,0.000000,CG,Optimal,Proved,1,17,5985.93,5953.8,17.9535,-1677,-1677,5.05413e-07,8.47577e-06,-6626.22,1600.22,,3.71,16.00
slurm-13210396.out,result,/home/utr_lefebvre/AE-using-column-generation-in-column-and-constraint-generation/code/FLP/data/to-run/instance_F15_C20__R200__4.txt,10800,4,false,inf,STD,Infeasible,TimeLimit,1,17,10804,10784.8,12.1753,-1794,-732,145.082,1062,-6543.92,1596.81,,25.92,16.00
slurm-13210397.out,result,/home/utr_lefebvre/AE-using-column-generation-in-column-and-constraint-generation/code/FLP/data/to-run/instance_F15_C20__R300__0.txt,0,3,false,0.000000,CG,Optimal,Proved,1,13,2289.23,2271.74,9.7989,-4465,-4465,0,0,-7079.15,1222.61,,1.94,16.00
slurm-13210398.out,result,/home/utr_lefebvre/AE-using-column-generation-in-column-and-constraint-generation/code/FLP/data/to-run/instance_F15_C20__R300__0.txt,0,3,true,0.000000,CG,Optimal,Proved,1,13,2302.46,2284.49,10.7279,-4465,-4465,5.51563e-09,2.46273e-07,-7079.15,1222.61,,2.69,16.00
slurm-13210399.out,result,/home/utr_lefebvre/AE-using-column-generation-in-column-and-constraint-generation/code/FLP/data/to-run/instance_F15_C20__R300__0.txt,10800,3,false,inf,STD,Optimal,Proved,0,13,150.93,137.551,9.6838,-4465,-4465,0,0,-7079.15,1222.61,,0.00,16.00
slurm-13210400.out,result,/home/utr_lefebvre/AE-using-column-generation-in-column-and-constraint-generation/code/FLP/data/to-run/instance_F15_C20__R300__0.txt,0,4,false,0.000000,CG,Optimal,Proved,1,11,1519.71,1501.02,14.5913,-3710,-3710,2.45147e-14,9.09495e-13,-7089.82,1636.38,,1.34,16.00
slurm-13210401.out,result,/home/utr_lefebvre/AE-using-column-generation-in-column-and-constraint-generation/code/FLP/data/to-run/instance_F15_C20__R300__0.txt,0,4,true,0.000000,CG,Optimal,Proved,1,11,1432.16,1414.39,14.2728,-3710,-3710,2.45147e-14,9.09495e-13,-7089.82,1636.38,,1.71,16.00
slurm-13210402.out,result,/home/utr_lefebvre/AE-using-column-generation-in-column-and-constraint-generation/code/FLP/data/to-run/instance_F15_C20__R300__0.txt,10800,4,false,inf,STD,Infeasible,TimeLimit,1,9,10800.7,10791.4,8.07278,-3784,-3530,7.19547,254,-6777.94,1949.79,,3.71,16.00
slurm-13210403.out,result,/home/utr_lefebvre/AE-using-column-generation-in-column-and-constraint-generation/code/FLP/data/to-run/instance_F15_C20__R300__1.txt,0,3,false,0.000000,CG,Optimal,Proved,1,9,634.895,625.72,6.45985,-2706,-2706,5.37765e-13,1.45519e-11,-5979.31,1441.85,,0.89,16.00
slurm-13210404.out,result,/home/utr_lefebvre/AE-using-column-generation-in-column-and-constraint-generation/code/FLP/data/to-run/instance_F15_C20__R300__1.txt,0,3,true,0.000000,CG,Optimal,Proved,1,9,505.253,496.602,6.29788,-2706,-2706,5.37765e-13,1.45519e-11,-5979.31,1441.85,,0.93,16.00
slurm-13210405.out,result,/home/utr_lefebvre/AE-using-column-generation-in-column-and-constraint-generation/code/FLP/data/to-run/instance_F15_C20__R300__1.txt,10800,3,false,inf,STD,Optimal,Proved,0,9,60.047,51.7752,6.73367,-2706,-2706,5.37765e-13,1.45519e-11,-5979.31,1441.85,,0.00,16.00
slurm-13210406.out,result,/home/utr_lefebvre/AE-using-column-generation-in-column-and-constraint-generation/code/FLP/data/to-run/instance_F15_C20__R300__1.txt,0,4,false,0.000000,CG,Optimal,Proved,1,9,1432.27,1421.09,7.4279,-1686,-1686,5.39439e-14,9.09495e-13,-5401.94,1783.44,,1.43,16.00
slurm-13210407.out,result,/home/utr_lefebvre/AE-using-column-generation-in-column-and-constraint-generation/code/FLP/data/to-run/instance_F15_C20__R300__1.txt,0,4,true,0.000000,CG,Optimal,Proved,1,9,1258.54,1247.95,7.29097,-1686,-1686,2.33197e-07,3.9317e-06,-5401.94,1783.44,,2.04,16.00
slurm-13210408.out,result,/home/utr_lefebvre/AE-using-column-generation-in-column-and-constraint-generation/code/FLP/data/to-run/instance_F15_C20__R300__1.txt,10800,4,false,inf,STD,Optimal,Proved,0,9,31.956,22.4955,7.58019,-1686,-1686,5.39439e-14,9.09495e-13,-5401.94,1783.44,,0.00,16.00
slurm-13210409.out,result,/home/utr_lefebvre/AE-using-column-generation-in-column-and-constraint-generation/code/FLP/data/to-run/instance_F15_C20__R300__2.txt,0,3,false,0.000000,CG,Optimal,Proved,1,11,1111.97,1096.43,10.67,-4599,-4599,3.95518e-14,1.81899e-12,-9002.73,1386.5,,1.28,16.00
slurm-13210410.out,result,/home/utr_lefebvre/AE-using-column-generation-in-column-and-constraint-generation/code/FLP/data/to-run/instance_F15_C20__R300__2.txt,0,3,true,0.000000,CG,Optimal,Proved,1,11,972.321,957.881,10.4786,-4599,-4599,3.95518e-14,1.81899e-12,-9002.73,1386.5,,2.07,16.00
slurm-13210411.out,result,/home/utr_lefebvre/AE-using-column-generation-in-column-and-constraint-generation/code/FLP/data/to-run/instance_F15_C20__R300__2.txt,10800,3,false,inf,STD,Optimal,Proved,0,11,50.0377,36.982,10.9628,-4599,-4599,3.95518e-14,1.81899e-12,-9002.73,1386.5,,0.00,16.00
slurm-13210412.out,result,/home/utr_lefebvre/AE-using-column-generation-in-column-and-constraint-generation/code/FLP/data/to-run/instance_F15_C20__R300__2.txt,0,4,false,0.000000,CG,Infeasible,TimeLimit,1,15,10804.8,10775.7,11.8573,-3383,-3348,1.0454,35,-8444.19,1723.18,,4.66,16.00
slurm-13210413.out,result,/home/utr_lefebvre/AE-using-column-generation-in-column-and-constraint-generation/code/FLP/data/to-run/instance_F15_C20__R300__2.txt,0,4,true,0.000000,CG,Infeasible,TimeLimit,1,15,10812.6,10788,10.9891,-3383,-3348,1.0454,35,-8444.19,1723.18,,5.76,16.00
slurm-13210414.out,result,/home/utr_lefebvre/AE-using-column-generation-in-column-and-constraint-generation/code/FLP/data/to-run/instance_F15_C20__R300__2.txt,10800,4,false,inf,STD,Optimal,Proved,0,16,116.438,98.0615,13.6991,-3348,-3348,5.43306e-14,1.81899e-12,-8443.88,1654.05,,0.00,16.00
slurm-13210415.out,result,/home/utr_lefebvre/AE-using-column-generation-in-column-and-constraint-generation/code/FLP/data/to-run/instance_F15_C20__R300__3.txt,0,3,false,0.000000,CG,Optimal,Proved,1,7,886.888,875.14,9.96572,-5652,-5652,0,0,-7752.43,1521.41,,0.75,16.00
slurm-13210416.out,result,/home/utr_lefebvre/AE-using-column-generation-in-column-and-constraint-generation/code/FLP/data/to-run/instance_F15_C20__R300__3.txt,0,3,true,0.000000,CG,Optimal,Proved,1,7,578.595,566.058,10.8215,-5652,-5652,4.1838e-13,2.36469e-11,-7752.43,1521.41,,0.86,16.00
slurm-13210417.out,result,/home/utr_lefebvre/AE-using-column-generation-in-column-and-constraint-generation/code/FLP/data/to-run/instance_F15_C20__R300__3.txt,10800,3,false,inf,STD,Optimal,Proved,0,7,20.5977,8.66828,10.8316,-5652,-5652,0,0,-7752.43,1521.41,,0.00,16.00
slurm-13210418.out,result,/home/utr_lefebvre/AE-using-column-generation-in-column-and-constraint-generation/code/FLP/data/to-run/instance_F15_C20__R300__3.txt,0,4,false,0.000000,CG,Optimal,Proved,1,10,2575.32,2532.21,33.5454,-4691,-4691,1.93881e-14,9.09495e-13,-7520.93,1576.32,,1.42,16.00
slurm-13210419.out,result,/home/utr_lefebvre/AE-using-column-generation-in-column-and-constraint-generation/code/FLP/data/to-run/instance_F15_C20__R300__3.txt,0,4,true,0.000000,CG,Optimal,Proved,1,10,1964.05,1923.74,31.8123,-4691,-4691,1.93881e-14,9.09495e-13,-7520.93,1576.32,,1.81,16.00
slurm-13210420.out,result,/home/utr_lefebvre/AE-using-column-generation-in-column-and-constraint-generation/code/FLP/data/to-run/instance_F15_C20__R300__3.txt,10800,4,false,inf,STD,Optimal,Proved,0,10,219.534,178.706,33.7647,-4691,-4691,1.93881e-14,9.09495e-13,-7520.93,1576.32,,0.00,16.00
slurm-13210421.out,result,/home/utr_lefebvre/AE-using-column-generation-in-column-and-constraint-generation/code/FLP/data/to-run/instance_F15_C20__R300__4.txt,0,3,false,0.000000,CG,Optimal,Proved,1,9,1304.48,1281.35,19.378,-5975,-5975,3.04433e-14,1.81899e-12,-9281.19,1642.28,,1.16,16.00
slurm-13210422.out,result,/home/utr_lefebvre/AE-using-column-generation-in-column-and-constraint-generation/code/FLP/data/to-run/instance_F15_C20__R300__4.txt,0,3,true,0.000000,CG,Optimal,Proved,1,9,999.79,977.992,18.5534,-5975,-5975,3.04433e-14,1.81899e-12,-9281.19,1642.28,,1.77,16.00
slurm-13210423.out,result,/home/utr_lefebvre/AE-using-column-generation-in-column-and-constraint-generation/code/FLP/data/to-run/instance_F15_C20__R300__4.txt,10800,3,false,inf,STD,Optimal,Proved,0,9,39.1952,17.9463,19.1608,-5975,-5975,3.04433e-14,1.81899e-12,-9281.19,1642.28,,0.00,16.00
slurm-13210424.out,result,/home/utr_lefebvre/AE-using-column-generation-in-column-and-constraint-generation/code/FLP/data/to-run/instance_F15_C20__R300__4.txt,0,4,false,0.000000,CG,Optimal,Proved,1,19,8943.91,8855.02,62.9857,-4544,-4544,0,0,-9415.22,1357.18,,3.49,16.00
slurm-13210425.out,result,/home/utr_lefebvre/AE-using-column-generation-in-column-and-constraint-generation/code/FLP/data/to-run/instance_F15_C20__R300__4.txt,0,4,true,0.000000,CG,Optimal,Proved,1,19,8566.94,8480.8,63.8164,-4544,-4544,0,0,-9415.22,1357.18,,4.57,16.00
slurm-13210426.out,result,/home/utr_lefebvre/AE-using-column-generation-in-column-and-constraint-generation/code/FLP/data/to-run/instance_F15_C20__R300__4.txt,10800,4,false,inf,STD,Infeasible,TimeLimit,1,9,10800.6,10774,23.2448,-4826,-3941,22.4562,885,-8825.06,2153.77,,8.64,16.00
slurm-13210427.out,result,/home/utr_lefebvre/AE-using-column-generation-in-column-and-constraint-generation/code/FLP/data/to-run/instance_F15_C30__R200__0.txt,0,3,false,0.000000,CG,Optimal,Proved,1,9,3056.02,2999.56,47.6456,-6582,-6582,2.76358e-14,1.81899e-12,-11372.1,1757.95,,1.58,16.00
slurm-13210428.out,result,/home/utr_lefebvre/AE-using-column-generation-in-column-and-constraint-generation/code/FLP/data/to-run/instance_F15_C30__R200__0.txt,0,3,true,0.000000,CG,Optimal,Proved,1,9,2053.1,2003.93,41.782,-6582,-6582,2.76358e-14,1.81899e-12,-11273.3,1776.78,,1.68,16.00
slurm-13210429.out,result,/home/utr_lefebvre/AE-using-column-generation-in-column-and-constraint-generation/code/FLP/data/to-run/instance_F15_C30__R200__0.txt,10800,3,false,inf,STD,Optimal,Proved,0,9,606.556,560.95,39.9835,-6582,-6582,2.76358e-14,1.81899e-12,-11273.3,1776.78,,0.56,16.00
slurm-13210430.out,result,/home/utr_lefebvre/AE-using-column-generation-in-column-and-constraint-generation/code/FLP/data/to-run/instance_F15_C30__R200__0.txt,0,4,false,0.000000,CG,Optimal,Proved,1,11,3493,3330.02,147.701,-4851,-4851,0,0,-11097.6,2025.94,,1.77,16.00
slurm-13210431.out,result,/home/utr_lefebvre/AE-using-column-generation-in-column-and-constraint-generation/code/FLP/data/to-run/instance_F15_C30__R200__0.txt,0,4,true,0.000000,CG,Optimal,Proved,1,13,3730.43,3564.42,147.962,-4851,-4851,4.02134e-07,1.95075e-05,-11505.9,1887.16,,3.01,16.00
slurm-13210432.out,result,/home/utr_lefebvre/AE-using-column-generation-in-column-and-constraint-generation/code/FLP/data/to-run/instance_F15_C30__R200__0.txt,10800,4,false,inf,STD,Infeasible,TimeLimit,1,8,10800.5,10717.8,77.7302,-5250,-4760,10.2941,490,-10583.1,2371.26,,2.12,16.00
slurm-13210433.out,result,/home/utr_lefebvre/AE-using-column-generation-in-column-and-constraint-generation/code/FLP/data/to-run/instance_F15_C30__R200__1.txt,0,3,false,0.000000,CG,Optimal,Proved,1,9,4137.4,3910.5,196.294,-2340,-2340,2.93164e-06,6.86003e-05,-6797.67,1965.88,,1.37,16.00
slurm-13210434.out,result,/home/utr_lefebvre/AE-using-column-generation-in-column-and-constraint-generation/code/FLP/data/to-run/instance_F15_C30__R200__1.txt,0,3,true,0.000000,CG,Optimal,Proved,1,9,3133.78,2510.03,593.612,-2340,-2340,2.91798e-06,6.82807e-05,-6797.67,1965.88,,1.91,16.00
slurm-13210435.out,result,/home/utr_lefebvre/AE-using-column-generation-in-column-and-constraint-generation/code/FLP/data/to-run/instance_F15_C30__R200__1.txt,10800,3,false,inf,STD,Optimal,Proved,0,9,903.913,652.681,218.823,-2340,-2340,2.93164e-06,6.86003e-05,-6797.67,1965.88,,0.51,16.00
slurm-13210436.out,result,/home/utr_lefebvre/AE-using-column-generation-in-column-and-constraint-generation/code/FLP/data/to-run/instance_F15_C30__R200__1.txt,0,4,false,0.000000,CG,Optimal,Proved,1,14,5113,4733.63,328.709,-675,-675,1.3474e-13,9.09495e-13,-6152.4,1937.62,,2.39,16.00
slurm-13210437.out,result,/home/utr_lefebvre/AE-using-column-generation-in-column-and-constraint-generation/code/FLP/data/to-run/instance_F15_C30__R200__1.txt,0,4,true,0.000000,CG,Optimal,Proved,1,14,3924.4,3568.12,307.859,-675,-675,1.3474e-13,9.09495e-13,-6152.4,1937.62,,3.14,16.00
slurm-13210438.out,result,/home/utr_lefebvre/AE-using-column-generation-in-column-and-constraint-generation/code/FLP/data/to-run/instance_F15_C30__R200__1.txt,10800,4,false,inf,STD,Optimal,Proved,0,14,2086.22,1748.43,296.931,-675,-675,1.3474e-13,9.09495e-13,-6152.4,1937.62,,1.19,16.00
slurm-13210439.out,result,/home/utr_lefebvre/AE-using-column-generation-in-column-and-constraint-generation/code/FLP/data/to-run/instance_F15_C30__R200__2.txt,0,3,false,0.000000,CG,Optimal,Proved,1,15,3664.31,3604.39,37.3735,-2533,-2533,0,0,-7724.08,2074.01,,2.48,16.00
slurm-13210440.out,result,/home/utr_lefebvre/AE-using-column-generation-in-column-and-constraint-generation/code/FLP/data/to-run/instance_F15_C30__R200__2.txt,0,3,true,0.000000,CG,Optimal,Proved,1,15,2938.97,2884.98,34.2329,-2533,-2533,0,0,-7724.08,2074.01,,3.17,16.00
slurm-13210441.out,iteration,/home/utr_lefebvre/AE-using-column-generation-in-column-and-constraint-generation/code/FLP/data/to-run/instance_F15_C30__R200__2.txt,10800,3,false,inf,STD,Optimal,Proved,0,12,264.069,227.765,24.5955,-2772,-2533,9.43545,239,-7920.44,2228.84,,99.54,16.00
slurm-13210442.out,result,/home/utr_lefebvre/AE-using-column-generation-in-column-and-constraint-generation/code/FLP/data/to-run/instance_F15_C30__R200__2.txt,0,4,false,0.000000,CG,Infeasible,TimeLimit,1,21,10808.2,10755.8,17.3986,-1079,98,1201.02,1177,-6671.45,2023.04,,4.28,16.00
slurm-13210443.out,result,/home/utr_lefebvre/AE-using-column-generation-in-column-and-constraint-generation/code/FLP/data/to-run/instance_F15_C30__R200__2.txt,0,4,true,0.000000,CG,Infeasible,TimeLimit,1,21,10802.1,10754.1,16.8285,-1079,98,1201.02,1177,-6671.45,2023.04,,5.57,16.00
slurm-13210444.out,result,/home/utr_lefebvre/AE-using-column-generation-in-column-and-constraint-generation/code/FLP/data/to-run/instance_F15_C30__R200__2.txt,10800,4,false,inf,STD,Infeasible,TimeLimit,1,18,10803.1,10773.5,13.8884,-1217,98,1341.84,1315,-6902.07,2151.5,,23.31,16.00
slurm-13210445.out,result,/home/utr_lefebvre/AE-using-column-generation-in-column-and-constraint-generation/code/FLP/data/to-run/instance_F15_C30__R200__3.txt,0,3,false,0.000000,CG,Optimal,Proved,1,10,984.574,936.248,37.7262,-3896,-3896,0,0,-8589.78,1454.86,,0.99,16.00
slurm-13210446.out,result,/home/utr_lefebvre/AE-using-column-generation-in-column-and-constraint-generation/code/FLP/data/to-run/instance_F15_C30__R200__3.txt,0,3,true,0.000000,CG,Optimal,Proved,1,10,801.428,749.321,40.951,-3896,-3896,0,0,-8589.78,1454.86,,1.27,16.00
slurm-13210447.out,result,/home/utr_lefebvre/AE-using-column-generation-in-column-and-constraint-generation/code/FLP/data/to-run/instance_F15_C30__R200__3.txt,10800,3,false,inf,STD,Optimal,Proved,0,10,101.695,50.1317,41.3573,-3896,-3896,0,0,-8589.78,1454.86,,0.00,16.00
slurm-13210448.out,result,/home/utr_lefebvre/AE-using-column-generation-in-column-and-constraint-generation/code/FLP/data/to-run/instance_F15_C30__R200__3.txt,0,4,false,0.000000,CG,Infeasible,TimeLimit,1,10,10800.7,10763.5,29.9067,-2614,-2150,21.5814,464,-6674.31,2384.83,,0.98,16.00
slurm-13210449.out,result,/home/utr_lefebvre/AE-using-column-generation-in-column-and-constraint-generation/code/FLP/data/to-run/instance_F15_C30__R200__3.txt,0,4,true,0.000000,CG,Optimal,Proved,1,13,1444.02,1389.81,42.8791,-2224,-2224,7.96383e-07,1.77116e-05,-6746.36,2309.09,,1.63,16.00
slurm-13210450.out,result,/home/utr_lefebvre/AE-using-column-generation-in-column-and-constraint-generation/code/FLP/data/to-run/instance_F15_C30__R200__3.txt,10800,4,false,inf,STD,Optimal,Proved,0,13,170.599,115.153,45.6201,-2224,-2224,0,0,-6746.36,2309.09,,0.00,16.00
slurm-13210451.out,result,/home/utr_lefebvre/AE-using-column-generation-in-column-and-constraint-generation/code/FLP/data/to-run/instance_F15_C30__R200__4.txt,0,3,false,0.000000,CG,Optimal,Proved,1,5,1742.12,1563.89,157.619,-6758,-6758,2.69161e-14,1.81899e-12,-11122.3,2188.75,,0.59,16.00
slurm-13210452.out,result,/home/utr_lefebvre/AE-using-column-generation-in-column-and-constraint-generation/code/FLP/data/to-run/instance_F15_C30__R200__4.txt,0,3,true,0.000000,CG,Optimal,Proved,1,5,1306.8,1113.17,171.088,-6758,-6758,6.72902e-13,4.54747e-11,-11122.3,2188.75,,0.82,16.00
slurm-13210453.out,result,/home/utr_lefebvre/AE-using-column-generation-in-column-and-constraint-generation/code/FLP/data/to-run/instance_F15_C30__R200__4.txt,10800,3,false,inf,STD,Optimal,Proved,0,5,233.929,36.7933,174.554,-6758,-6758,2.69161e-14,1.81899e-12,-11122.3,2188.75,,0.00,16.00
slurm-13210454.out,result,/home/utr_lefebvre/AE-using-column-generation-in-column-and-constraint-generation/code/FLP/data/to-run/instance_F15_C30__R200__4.txt,0,4,false,0.000000,CG,Optimal,Proved,1,10,5086.2,4886.69,180.24,-5152,-5152,4.94317e-08,2.54672e-06,-10217.2,1812.47,,1.72,16.00
slurm-13210455.out,result,/home/utr_lefebvre/AE-using-column-generation-in-column-and-constraint-generation/code/FLP/data/to-run/instance_F15_C30__R200__4.txt,0,4,true,0.000000,CG,Optimal,Proved,1,10,4030.12,3820.14,190.977,-5152,-5152,3.92728e-08,2.02334e-06,-10217.2,1812.47,,2.52,16.00
slurm-13210456.out,result,/home/utr_lefebvre/AE-using-column-generation-in-column-and-constraint-generation/code/FLP/data/to-run/instance_F15_C30__R200__4.txt,10800,4,false,inf,STD,Optimal,Proved,0,10,455.267,245.278,193.235,-5152,-5152,0,0,-10217.2,1812.47,,0.55,16.00
slurm-13210457.out,result,/home/utr_lefebvre/AE-using-column-generation-in-column-and-constraint-generation/code/FLP/data/to-run/instance_F15_C30__R300__0.txt,0,3,false,0.000000,CG,Infeasible,TimeLimit,1,14,10802.8,10769.5,10.8366,-419,486,186.214,905,-4484.43,1953.13,,4.29,16.00
slurm-13210458.out,result,/home/utr_lefebvre/AE-using-column-generation-in-column-and-constraint-generation/code/FLP/data/to-run/instance_F15_C30__R300__0.txt,0,3,true,0.000000,CG,Infeasible,TimeLimit,1,14,10804.6,10773.7,10.7212,-419,486,186.214,905,-4484.43,1953.13,,6.01,16.00
slurm-13210459.out,result,/home/utr_lefebvre/AE-using-column-generation-in-column-and-constraint-generation/code/FLP/data/to-run/instance_F15_C30__R300__0.txt,10800,3,false,inf,STD,Optimal,Proved,0,21,362.994,309.906,22.9749,0,0,0,0,-5741.67,1932,,0.76,16.00
slurm-13210460.out,result,/home/utr_lefebvre/AE-using-column-generation-in-column-and-constraint-generation/code/FLP/data/to-run/instance_F15_C30__R300__0.txt,0,4,false,0.000000,CG,Optimal,Proved,1,13,4533.1,4516.5,4.37295,0,0,0,0,-4179.49,2325.88,,3.73,16.00
slurm-13210461.out,result,/home/utr_lefebvre/AE-using-column-generation-in-column-and-constraint-generation/code/FLP/data/to-run/instance_F15_C30__R300__0.txt,0,4,true,0.000000,CG,Infeasible,TimeLimit,1,11,10801.3,10790.1,3.73134,-298,2873,110.372,3171,-4907.47,2258.78,,3.87,16.00
slurm-13210462.out,result,/home/utr_lefebvre/AE-using-column-generation-in-column-and-constraint-generation/code/FLP/data/to-run/instance_F15_C30__R300__0.txt,10800,4,false,inf,STD,Optimal,Proved,0,13,80.7038,72.1706,4.58281,0,0,0,0,-4179.49,2325.88,,0.00,16.00
slurm-13210463.out,result,/home/utr_lefebvre/AE-using-column-generation-in-column-and-constraint-generation/code/FLP/data/to-run/instance_F15_C30__R300__1.txt,0,3,false,0.000000,CG,Infeasible,TimeLimit,1,9,10801.5,10764.7,21.9733,-3107,-1354,129.468,1753,-8137.17,2145.37,,2.46,16.00
slurm-13210464.out,result,/home/utr_lefebvre/AE-using-column-generation-in-column-and-constraint-generation/code/FLP/data/to-run/instance_F15_C30__R300__1.txt,0,3,true,0.000000,CG,Infeasible,TimeLimit,1,11,10801.4,10748.3,23.3685,-2986,-1354,120.532,1632,-8444.69,1900.28,,3.75,16.00
slurm-13210465.out,result,/home/utr_lefebvre/AE-using-column-generation-in-column-and-constraint-generation/code/FLP/data/to-run/instance_F15_C30__R300__1.txt,10800,3,false,inf,STD,Infeasible,TimeLimit,1,10,10801.5,10762.4,24.8672,-3007,-1354,122.083,1653,-8300.98,1983.67,,14.37,16.00
slurm-13210466.out,result,/home/utr_lefebvre/AE-using-column-generation-in-column-and-constraint-generation/code/FLP/data/to-run/instance_F15_C30__R300__1.txt,0,4,false,0.000000,CG,Infeasible,TimeLimit,1,10,10801.9,10749.9,34.8827,-1739,418,516.029,2157,-7806.4,2520.37,,4.84,16.00
slurm-13210467.out,result,/home/utr_lefebvre/AE-using-column-generation-in-column-and-constraint-generation/code/FLP/data/to-run/instance_F15_C30__R300__1.txt,0,4,true,0.000000,CG,Infeasible,TimeLimit,1,10,10801.9,10748,37.0285,-1739,418,516.029,2157,-7806.4,2520.37,,4.30,16.00
slurm-13210468.out,result,/home/utr_lefebvre/AE-using-column-generation-in-column-and-constraint-generation/code/FLP/data/to-run/instance_F15_C30__R300__1.txt,10800,4,false,inf,STD,Infeasible,TimeLimit,1,15,10800.7,10724.1,50.518,-1289,292,541.438,1581,-7991.98,2158.23,,4.40,16.00
slurm-13210469.out,result,/home/utr_lefebvre/AE-using-column-generation-in-column-and-constraint-generation/code/FLP/data/to-run/instance_F15_C30__R300__2.txt,0,3,false,0.000000,CG,Infeasible,TimeLimit,1,13,10802.6,10759.7,17.9801,-2019,-913,121.139,1106,-6193.58,1266.9,,4.47,16.00
slurm-13210470.out,result,/home/utr_lefebvre/AE-using-column-generation-in-column-and-constraint-generation/code/FLP/data/to-run/instance_F15_C30__R300__2.txt,0,3,true,0.000000,CG,Infeasible,TimeLimit,1,14,10807.6,10757.7,21.8078,-2004,-913,119.496,1091,-6264.23,1198.36,,6.98,16.00
slurm-13210471.out,result,/home/utr_lefebvre/AE-using-column-generation-in-column-and-constraint-generation/code/FLP/data/to-run/instance_F15_C30__R300__2.txt,10800,3,false,inf,STD,Infeasible,TimeLimit,1,8,10800.1,10786.7,9.21233,-2333,-913,155.531,1420,-5890.43,1653.59,,1.07,16.00
slurm-13210472.out,result,/home/utr_lefebvre/AE-using-column-generation-in-column-and-constraint-generation/code/FLP/data/to-run/instance_F15_C30__R300__2.txt,0,4,false,0.000000,CG,Infeasible,TimeLimit,1,11,10802.7,10775.2,10.2196,-1174,533,320.263,1707,-5371.11,1750.13,,4.45,16.00
slurm-13210473.out,result,/home/utr_lefebvre/AE-using-column-generation-in-column-and-constraint-generation/code/FLP/data/to-run/instance_F15_C30__R300__2.txt,0,4,true,0.000000,CG,Infeasible,TimeLimit,1,11,10806.3,10779.9,10.3668,-1174,533,320.263,1707,-5371.11,1750.13,,6.03,16.00
slurm-13210474.out,result,/home/utr_lefebvre/AE-using-column-generation-in-column-and-constraint-generation/code/FLP/data/to-run/instance_F15_C30__R300__2.txt,10800,4,false,inf,STD,Infeasible,TimeLimit,1,12,10801.5,10774.8,14.8622,-1148,-74,1451.35,1074,-5582.29,1683.15,,10.47,16.00
slurm-13210475.out,result,/home/utr_lefebvre/AE-using-column-generation-in-column-and-constraint-generation/code/FLP/data/to-run/instance_F15_C30__R300__3.txt,0,3,false,0.000000,CG,Optimal,Proved,1,9,1663,1652.38,5.57278,-2173,-2173,8.78941e-13,1.90994e-11,-6011.03,1996.52,,1.47,16.00
slurm-13210476.out,result,/home/utr_lefebvre/AE-using-column-generation-in-column-and-constraint-generation/code/FLP/data/to-run/instance_F15_C30__R300__3.txt,0,3,true,0.000000,CG,Optimal,Proved,1,9,1198.13,1188.74,5.2963,-2173,-2173,8.78941e-13,1.90994e-11,-6011.03,1996.52,,1.80,16.00
slurm-13210477.out,result,/home/utr_lefebvre/AE-using-column-generation-in-column-and-constraint-generation/code/FLP/data/to-run/instance_F15_C30__R300__3.txt,10800,3,false,inf,STD,Optimal,Proved,0,9,94.3345,86.8114,5.02783,-2173,-2173,8.78941e-13,1.90994e-11,-6011.03,1996.52,,0.00,16.00
slurm-13210478.out,result,/home/utr_lefebvre/AE-using-column-generation-in-column-and-constraint-generation/code/FLP/data/to-run/instance_F15_C30__R300__3.txt,0,4,false,0.000000,CG,Optimal,Proved,1,12,1826.15,1813.34,5.82162,-671,-671,7.48884e-06,5.02501e-05,-4712.65,2206.86,,1.53,16.00
slurm-13210479.out,result,/home/utr_lefebvre/AE-using-column-generation-in-column-and-constraint-generation/code/FLP/data/to-run/instance_F15_C30__R300__3.txt,0,4,true,0.000000,CG,Optimal,Proved,1,12,1183.4,1171.6,5.63466,-671,-671,1.18839e-05,7.97409e-05,-4712.65,2206.86,,1.60,16.00
slurm-13210480.out,result,/home/utr_lefebvre/AE-using-column-generation-in-column-and-constraint-generation/code/FLP/data/to-run/instance_F15_C30__R300__3.txt,10800,4,false,inf,STD,Optimal,Proved,0,12,42.128,32.4065,5.70011,-671,-671,2.57532e-12,1.72804e-11,-4712.65,2206.86,,0.00,16.00
slurm-13210481.out,result,/home/utr_lefebvre/AE-using-column-generation-in-column-and-constraint-generation/code/FLP/data/to-run/instance_F15_C30__R300__4.txt,0,3,false,0.000000,CG,Infeasible,TimeLimit,1,18,10809,10760.7,16.81,-2228,-1126,97.8686,1102,-7649.01,1575.21,,5.89,16.00
slurm-13210482.out,result,/home/utr_lefebvre/AE-using-column-generation-in-column-and-constraint-generation/code/FLP/data/to-run/instance_F15_C30__R300__4.txt,0,3,true,0.000000,CG,Infeasible,TimeLimit,1,18,10813.7,10772.5,14.9029,-2200,-1126,95.3819,1074,-7483.87,1556.81,,7.94,16.00
slurm-13210483.out,result,/home/utr_lefebvre/AE-using-column-generation-in-column-and-constraint-generation/code/FLP/data/to-run/instance_F15_C30__R300__4.txt,10800,3,false,inf,STD,Infeasible,TimeLimit,1,20,10802.6,10765.6,19.3327,-2131,-1126,89.254,1005,-7744.05,1493.32,,16.41,16.00
slurm-13210484.out,result,/home/utr_lefebvre/AE-using-column-generation-in-column-and-constraint-generation/code/FLP/data/to-run/instance_F15_C30__R300__4.txt,0,4,false,0.000000,CG,Infeasible,TimeLimit,1,14,10808.7,10773.9,17.8727,-1266,-291,335.052,975,-7415,2236.46,,5.33,16.00
slurm-13210485.out,result,/home/utr_lefebvre/AE-using-column-generation-in-column-and-constraint-generation/code/FLP/data/to-run/instance_F15_C30__R300__4.txt,0,4,true,0.000000,CG,Infeasible,TimeLimit,1,14,10804.9,10772.3,18.3488,-1266,-291,335.052,975,-7415,2236.46,,6.93,16.00
slurm-13210486.out,result,/home/utr_lefebvre/AE-using-column-generation-in-column-and-constraint-generation/code/FLP/data/to-run/instance_F15_C30__R300__4.txt,10800,4,false,inf,STD,Infeasible,TimeLimit,1,16,10800.3,10773.6,19.8468,-1173,-291,303.093,882,-7263.13,2127.09,,1.59,16.00
slurm-13210487.out,result,/home/utr_lefebvre/AE-using-column-generation-in-column-and-constraint-generation/code/FLP/data/to-run/instance_F15_C40__R200__0.txt,0,3,false,0.000000,CG,Infeasible,TimeLimit,1,10,10801.8,10125.6,639.644,-8201,-7421,10.5107,780,-12747.8,1404.5,,2.80,16.00
slurm-13210488.out,result,/home/utr_lefebvre/AE-using-column-generation-in-column-and-constraint-generation/code/FLP/data/to-run/instance_F15_C40__R200__0.txt,0,3,true,0.000000,CG,Infeasible,TimeLimit,1,11,10801.8,10160.4,604.041,-8179,-7962,2.72545,217,-12861.4,1296.83,,4.50,16.00
slurm-13210489.out,result,/home/utr_lefebvre/AE-using-column-generation-in-column-and-constraint-generation/code/FLP/data/to-run/instance_F15_C40__R200__0.txt,10800,3,false,inf,STD,Infeasible,TimeLimit,1,7,10800.5,10396.2,385.113,-8612,-7421,16.049,1191,-12494.3,1903.06,,3.15,16.00
slurm-13210490.out,result,/home/utr_lefebvre/AE-using-column-generation-in-column-and-constraint-generation/code/FLP/data/to-run/instance_F15_C40__R200__0.txt,0,4,false,0.000000,CG,Infeasible,TimeLimit,1,4,10800.6,10748.4,50.3231,-7986,-4166,91.6947,3820,-9709.33,3854.85,,1.66,16.00
slurm-13210491.out,result,/home/utr_lefebvre/AE-using-column-generation-in-column-and-constraint-generation/code/FLP/data/to-run/instance_F15_C40__R200__0.txt,0,4,true,0.000000,CG,Optimal,Proved,1,8,12483.7,8180.18,4254.95,-7132,-5612,27.0848,1520,-11477,2317.37,Feasible,4.68,16.00
slurm-13210492.out,result,/home/utr_lefebvre/AE-using-column-generation-in-column-and-constraint-generation/code/FLP/data/to-run/instance_F15_C40__R200__0.txt,10800,4,false,inf,STD,Infeasible,TimeLimit,1,5,10805.4,10005.5,780.32,-7858,-5612,40.0214,2246,-10623.1,3188.89,,24.69,16.00
slurm-13210493.out,result,/home/utr_lefebvre/AE-using-column-generation-in-column-and-constraint-generation/code/FLP/data/to-run/instance_F15_C40__R200__1.txt,0,3,false,0.000000,CG,Infeasible,TimeLimit,1,7,10802.5,10362.3,416.999,-12482,-11040,13.0616,1442,-15555.1,2194.05,,2.16,16.00
slurm-13210494.out,result,/home/utr_lefebvre/AE-using-column-generation-in-column-and-constraint-generation/code/FLP/data/to-run/instance_F15_C40__R200__1.txt,0,3,true,0.000000,CG,Optimal,Proved,1,7,6359.49,5848.03,489.228,-12272,-12272,1.89832e-07,2.32962e-05,-15555.1,2194.05,,2.29,16.00
slurm-13210495.out,result,/home/utr_lefebvre/AE-using-column-generation-in-column-and-constraint-generation/code/FLP/data/to-run/instance_F15_C40__R200__1.txt,10800,3,false,inf,STD,Infeasible,TimeLimit,1,5,10802.5,10592.7,202.307,-12769,-11040,15.6612,1729,-14939.3,2977.66,,17.03,16.00
slurm-13210496.out,result,/home/utr_lefebvre/AE-using-column-generation-in-column-and-constraint-generation/code/FLP/data/to-run/instance_F15_C40__R200__1.txt,0,4,false,0.000000,CG,Infeasible,TimeLimit,1,6,10803,10019.3,769.206,-11661,-9277,25.698,2384,-14555.6,3270.18,,1.47,16.00
slurm-13210497.out,result,/home/utr_lefebvre/AE-using-column-generation-in-column-and-constraint-generation/code/FLP/data/to-run/instance_F15_C40__R200__1.txt,0,4,true,0.000000,CG,Infeasible,TimeLimit,1,9,10804,9611.32,1112.02,-11559,-9277,24.5985,2282,-14994.6,2413.85,,3.00,16.00
slurm-13210498.out,result,/home/utr_lefebvre/AE-using-column-generation-in-column-and-constraint-generation/code/FLP/data/to-run/instance_F15_C40__R200__1.txt,10800,4,false,inf,STD,Infeasible,TimeLimit,1,5,10810.6,10414.5,385.596,-11856,-9277,27.7999,2579,-14072.6,3867.43,,47.42,16.00
slurm-13210499.out,result,/home/utr_lefebvre/AE-using-column-generation-in-column-and-constraint-generation/code/FLP/data/to-run/instance_F15_C40__R200__2.txt,0,3,false,0.000000,CG,Infeasible,TimeLimit,1,6,10800.9,9940.36,846.124,-5670,-5106,11.0458,564,-7756.27,1295.62,,1.32,16.00
slurm-13210500.out,result,/home/utr_lefebvre/AE-using-column-generation-in-column-and-constraint-generation/code/FLP/data/to-run/instance_F15_C40__R200__2.txt,0,3,true,0.000000,CG,Infeasible,TimeLimit,1,8,10825.7,9488.79,1278.5,-5537,-5106,8.44105,431,-7803.36,1094.27,,2.14,16.00
slurm-13210501.out,result,/home/utr_lefebvre/AE-using-column-generation-in-column-and-constraint-generation/code/FLP/data/to-run/instance_F15_C40__R200__2.txt,10800,3,false,inf,STD,Infeasible,TimeLimit,1,7,10800.4,9665.41,1116.43,-5585,-5106,9.38112,479,-7938.57,1143.6,,2.22,16.00
slurm-13210502.out,result,/home/utr_lefebvre/AE-using-column-generation-in-column-and-constraint-generation/code/FLP/data/to-run/instance_F15_C40__R200__2.txt,0,4,false,0.000000,CG,Infeasible,TimeLimit,1,7,10800.8,9360.34,1352.91,-5005,-4020,24.5025,985,-7295.14,1463.61,,1.22,16.00
slurm-13210503.out,result,/home/utr_lefebvre/AE-using-column-generation-in-column-and-constraint-generation/code/FLP/data/to-run/instance_F15_C40__R200__2.txt,0,4,true,0.000000,CG,Infeasible,TimeLimit,1,9,10801,8714.36,1964.71,-4883,-4020,21.4677,863,-7368.78,1344.45,,2.33,16.00
slurm-13210504.out,result,/home/utr_lefebvre/AE-using-column-generation-in-column-and-constraint-generation/code/FLP/data/to-run/instance_F15_C40__R200__2.txt,10800,4,false,inf,STD,Infeasible,TimeLimit,1,8,10801.8,8796.57,1913.43,-4902,-4020,21.9403,882,-7587.43,1374.41,,10.90,16.00
slurm-13210505.out,result,/home/utr_lefebvre/AE-using-column-generation-in-column-and-constraint-generation/code/FLP/data/to-run/instance_F15_C40__R200__3.txt,0,3,false,0.000000,CG,Optimal,Proved,1,8,8900.93,8760.52,129.732,-6591,-6591,5.51962e-14,3.63798e-12,-10013.6,1539.9,,2.49,16.00
slurm-13210506.out,result,/home/utr_lefebvre/AE-using-column-generation-in-column-and-constraint-generation/code/FLP/data/to-run/instance_F15_C40__R200__3.txt,0,3,true,0.000000,CG,Optimal,Proved,1,8,4957.4,4817.74,129.436,-6591,-6591,5.51962e-14,3.63798e-12,-10013.6,1539.9,,2.68,16.00
slurm-13210507.out,result,/home/utr_lefebvre/AE-using-column-generation-in-column-and-constraint-generation/code/FLP/data/to-run/instance_F15_C40__R200__3.txt,10800,3,false,inf,STD,Optimal,Proved,0,8,228.996,85.1164,134.48,-6591,-6591,5.51962e-14,3.63798e-12,-10013.6,1539.9,,0.00,16.00
slurm-13210508.out,result,/home/utr_lefebvre/AE-using-column-generation-in-column-and-constraint-generation/code/FLP/data/to-run/instance_F15_C40__R200__3.txt,0,4,false,0.000000,CG,Optimal,Proved,1,7,6403.68,5939.01,358.023,-5683,-5683,3.20076e-14,1.81899e-12,-9050.38,2228.89,,1.17,16.00
slurm-13210509.out,result,/home/utr_lefebvre/AE-using-column-generation-in-column-and-constraint-generation/code/FLP/data/to-run/instance_F15_C40__R200__3.txt,0,4,true,0.000000,CG,Optimal,Proved,1,7,3119.36,2638.92,373.483,-5683,-5683,3.20076e-14,1.81899e-12,-9050.38,2228.89,,1.20,16.00
slurm-13210510.out,result,/home/utr_lefebvre/AE-using-column-generation-in-column-and-constraint-generation/code/FLP/data/to-run/instance_F15_C40__R200__3.txt,10800,4,false,inf,STD,Optimal,Proved,0,7,1776.77,1294.8,374.556,-5683,-5683,3.20076e-14,1.81899e-12,-9050.38,2228.89,,4.94,16.00
slurm-13210511.out,result,/home/utr_lefebvre/AE-using-column-generation-in-column-and-constraint-generation/code/FLP/data/to-run/instance_F15_C40__R200__4.txt,0,3,false,0.000000,CG,Optimal,Proved,1,8,4195.43,3987.19,199.388,-5932,-5932,3.0664e-14,1.81899e-12,-8766,1494.68,,1.10,16.00
slurm-13210512.out,result,/home/utr_lefebvre/AE-using-column-generation-in-column-and-constraint-generation/code/FLP/data/to-run/instance_F15_C40__R200__4.txt,0,3,true,0.000000,CG,Optimal,Proved,1,8,1842.52,1627.87,206.082,-5932,-5932,1.376e-07,8.16243e-06,-8766,1494.68,,1.28,16.00
slurm-13210513.out,result,/home/utr_lefebvre/AE-using-column-generation-in-column-and-constraint-generation/code/FLP/data/to-run/instance_F15_C40__R200__4.txt,10800,3,false,inf,STD,Optimal,Proved,0,8,468.019,250.896,209.109,-5932,-5932,3.0664e-14,1.81899e-12,-8766,1494.68,,0.29,16.00
slurm-13210514.out,result,/home/utr_lefebvre/AE-using-column-generation-in-column-and-constraint-generation/code/FLP/data/to-run/instance_F15_C40__R200__4.txt,0,4,false,0.000000,CG,Optimal,Proved,1,9,3379.49,2833.96,510.141,-5045,-5045,7.86005e-12,3.9654e-10,-8429.47,1661.88,,0.84,16.00
slurm-13210515.out,result,/home/utr_lefebvre/AE-using-column-generation-in-column-and-constraint-generation/code/FLP/data/to-run/instance_F15_C40__R200__4.txt,0,4,true,0.000000,CG,Optimal,Proved,1,10,2158.75,1645.86,477.178,-5045,-5045,3.60553e-14,1.81899e-12,-8638.47,1545.66,,0.96,16.00
slurm-13210516.out,result,/home/utr_lefebvre/AE-using-column-generation-in-column-and-constraint-generation/code/FLP/data/to-run/instance_F15_C40__R200__4.txt,10800,4,false,inf,STD,Optimal,Proved,0,9,1170.29,599.656,533.229,-5045,-5045,3.60553e-14,1.81899e-12,-8429.47,1661.88,,0.43,16.00
slurm-13210517.out,result,/home/utr_lefebvre/AE-using-column-generation-in-column-and-constraint-generation/code/FLP/data/to-run/instance_F15_C40__R300__0.txt,0,3,false,0.000000,CG,Infeasible,TimeLimit,1,8,10802.3,10762.7,30.7105,-4055,-2519,60.9766,1536,-6246.86,1790.82,,3.74,16.00
slurm-13210518.out,result,/home/utr_lefebvre/AE-using-column-generation-in-column-and-constraint-generation/code/FLP/data/to-run/instance_F15_C40__R300__0.txt,0,3,true,0.000000,CG,Infeasible,TimeLimit,1,9,10809.7,10760,39.4789,-3999,-2519,58.7535,1480,-6453.61,1654.24,,6.47,16.00
slurm-13210519.out,result,/home/utr_lefebvre/AE-using-column-generation-in-column-and-constraint-generation/code/FLP/data/to-run/instance_F15_C40__R300__0.txt,10800,3,false,inf,STD,Infeasible,TimeLimit,1,9,10801.8,10752.8,42.9888,-3999,-2519,58.7535,1480,-6453.61,1654.24,,9.88,16.00
slurm-13210520.out,result,/home/utr_lefebvre/AE-using-column-generation-in-column-and-constraint-generation/code/FLP/data/to-run/instance_F15_C40__R300__0.txt,0,4,false,0.000000,CG,Infeasible,TimeLimit,1,10,10812.2,10769.5,29.503,-3490,-1862,87.4329,1628,-6305.31,1827.82,,4.52,16.00
slurm-13210521.out,result,/home/utr_lefebvre/AE-using-column-generation-in-column-and-constraint-generation/code/FLP/data/to-run/instance_F15_C40__R300__0.txt,0,4,true,0.000000,CG,Infeasible,TimeLimit,1,12,10802.6,10740.7,36.8364,-3159,-1862,69.6563,1297,-6464.58,1621.05,,6.51,16.00
slurm-13210522.out,result,/home/utr_lefebvre/AE-using-column-generation-in-column-and-constraint-generation/code/FLP/data/to-run/instance_F15_C40__R300__0.txt,10800,4,false,inf,STD,Infeasible,TimeLimit,1,12,10809.2,10752.5,38.6349,-3159,-1862,69.6563,1297,-6464.58,1621.05,,49.21,16.00
slurm-13210523.out,result,/home/utr_lefebvre/AE-using-column-generation-in-column-and-constraint-generation/code/FLP/data/to-run/instance_F15_C40__R300__1.txt,0,3,false,0.000000,CG,Optimal,Proved,1,10,7367.92,7299.49,59.6415,-6527,-6527,0,0,-8522.71,1412.49,,4.27,16.00
slurm-13210524.out,result,/home/utr_lefebvre/AE-using-column-generation-in-column-and-constraint-generation/code/FLP/data/to-run/instance_F15_C40__R300__1.txt,0,3,true,0.000000,CG,Optimal,Proved,1,10,4080.91,4016.02,57.4733,-6527,-6527,7.64008e-08,4.98668e-06,-8522.71,1412.49,,3.87,16.00
slurm-13210525.out,result,/home/utr_lefebvre/AE-using-column-generation-in-column-and-constraint-generation/code/FLP/data/to-run/instance_F15_C40__R300__1.txt,10800,3,false,inf,STD,Optimal,Proved,0,10,111.169,54.5052,52.686,-6527,-6527,0,0,-8522.71,1412.49,,0.00,16.00
slurm-13210526.out,result,/home/utr_lefebvre/AE-using-column-generation-in-column-and-constraint-generation/code/FLP/data/to-run/instance_F15_C40__R300__1.txt,0,4,false,0.000000,CG,Infeasible,TimeLimit,1,13,10804.8,10666.4,119.323,-5987,-5684,5.33075,303,-8541.65,1625.75,,4.14,16.00
slurm-13210527.out,result,/home/utr_lefebvre/AE-using-column-generation-in-column-and-constraint-generation/code/FLP/data/to-run/instance_F15_C40__R300__1.txt,0,4,true,0.000000,CG,Infeasible,TimeLimit,1,15,10804.4,10656.6,127.139,-5895,-5684,3.71218,211,-8670.02,1421.69,,6.45,16.00
slurm-13210528.out,result,/home/utr_lefebvre/AE-using-column-generation-in-column-and-constraint-generation/code/FLP/data/to-run/instance_F15_C40__R300__1.txt,10800,4,false,inf,STD,Infeasible,TimeLimit,1,7,10800.7,10733,60.5268,-6436,-5377,19.695,1059,-7833.81,2790.91,,5.20,16.00
slurm-13210529.out,result,/home/utr_lefebvre/AE-using-column-generation-in-column-and-constraint-generation/code/FLP/data/to-run/instance_F15_C40__R300__2.txt,0,3,false,0.000000,CG,Optimal,Proved,1,13,4782.46,4755.61,15.6877,-3712,-3712,0,0,-6271.15,903.516,,4.17,16.00
slurm-13210530.out,result,/home/utr_lefebvre/AE-using-column-generation-in-column-and-constraint-generation/code/FLP/data/to-run/instance_F15_C40__R300__2.txt,0,3,true,0.000000,CG,Optimal,Proved,1,13,3883.18,3857.58,16.3155,-3712,-3712,2.9027e-06,0.000107748,-6271.15,903.516,,4.37,16.00
slurm-13210531.out,result,/home/utr_lefebvre/AE-using-column-generation-in-column-and-constraint-generation/code/FLP/data/to-run/instance_F15_C40__R300__2.txt,10800,3,false,inf,STD,Optimal,Proved,0,13,62.2047,43.911,15.3032,-3712,-3712,0,0,-6271.15,903.516,,0.00,16.00
slurm-13210532.out,result,/home/utr_lefebvre/AE-using-column-generation-in-column-and-constraint-generation/code/FLP/data/to-run/instance_F15_C40__R300__2.txt,0,4,false,0.000000,CG,Optimal,Proved,1,9,3006.96,2987.45,14.8124,-3063,-3063,2.96929e-14,9.09495e-13,-5783.53,1696.36,,2.65,16.00
slurm-13210533.out,result,/home/utr_lefebvre/AE-using-column-generation-in-column-and-constraint-generation/code/FLP/data/to-run/instance_F15_C40__R300__2.txt,0,4,true,0.000000,CG,Optimal,Proved,1,9,2410.07,2392.91,13.3797,-3063,-3063,2.06421e-07,6.32267e-06,-5783.53,1696.36,,3.24,16.00
slurm-13210534.out,result,/home/utr_lefebvre/AE-using-column-generation-in-column-and-constraint-generation/code/FLP/data/to-run/instance_F15_C40__R300__2.txt,10800,4,false,inf,STD,Optimal,Proved,0,9,38.1448,22.8426,13.5004,-3063,-3063,2.96929e-14,9.09495e-13,-5783.53,1696.36,,0.00,16.00
slurm-13210535.out,result,/home/utr_lefebvre/AE-using-column-generation-in-column-and-constraint-generation/code/FLP/data/to-run/instance_F15_C40__R300__3.txt,0,3,false,0.000000,CG,Optimal,Proved,1,7,1617.15,1597.51,16.7008,-4402,-4402,0,0,-6031.1,1631.8,,1.74,16.00
slurm-13210536.out,result,/home/utr_lefebvre/AE-using-column-generation-in-column-and-constraint-generation/code/FLP/data/to-run/instance_F15_C40__R300__3.txt,0,3,true,0.000000,CG,Optimal,Proved,1,7,1162.57,1143.02,17.0817,-4402,-4402,0,0,-6031.1,1631.8,,1.54,16.00
slurm-13210537.out,result,/home/utr_lefebvre/AE-using-column-generation-in-column-and-constraint-generation/code/FLP/data/to-run/instance_F15_C40__R300__3.txt,10800,3,false,inf,STD,Optimal,Proved,0,7,49.0923,30.7201,16.961,-4402,-4402,0,0,-6031.1,1631.8,,0.00,16.00
slurm-13210538.out,result,/home/utr_lefebvre/AE-using-column-generation-in-column-and-constraint-generation/code/FLP/data/to-run/instance_F15_C40__R300__3.txt,0,4,false,0.000000,CG,Optimal,Proved,1,9,4715.64,4652.09,57.1734,-3732,-3732,0,0,-6094.47,1686.03,,2.48,16.00
slurm-13210539.out,result,/home/utr_lefebvre/AE-using-column-generation-in-column-and-constraint-generation/code/FLP/data/to-run/instance_F15_C40__R300__3.txt,0,4,true,0.000000,CG,Optimal,Proved,1,10,2645.98,2583.43,56.8158,-3732,-3732,0,0,-6277.2,1550.62,,2.80,16.00
slurm-13210540.out,result,/home/utr_lefebvre/AE-using-column-generation-in-column-and-constraint-generation/code/FLP/data/to-run/instance_F15_C40__R300__3.txt,10800,4,false,inf,STD,Infeasible,TimeLimit,1,7,10800.5,10779.5,18.7086,-3854,-3466,11.1945,388,-5709.38,2125.31,,8.15,16.00
slurm-13210541.out,result,/home/utr_lefebvre/AE-using-column-generation-in-column-and-constraint-generation/code/FLP/data/to-run/instance_F15_C40__R300__4.txt,0,3,false,0.000000,CG,Infeasible,TimeLimit,1,7,10801.5,10786.9,9.53294,-3384,-2250,50.4,1134,-4974.76,1639.12,,2.52,16.00
slurm-13210542.out,result,/home/utr_lefebvre/AE-using-column-generation-in-column-and-constraint-generation/code/FLP/data/to-run/instance_F15_C40__R300__4.txt,0,3,true,0.000000,CG,Infeasible,TimeLimit,1,12,10809.4,10766.1,25.6418,-3210,-2250,42.6667,960,-5368.45,1109.84,,6.30,16.00
slurm-13210543.out,result,/home/utr_lefebvre/AE-using-column-generation-in-column-and-constraint-generation/code/FLP/data/to-run/instance_F15_C40__R300__4.txt,10800,3,false,inf,STD,Infeasible,TimeLimit,1,8,10800.5,10786.6,10.3565,-3328,-2250,47.9111,1078,-5073,1526.36,,2.66,16.00
slurm-13210544.out,result,/home/utr_lefebvre/AE-using-column-generation-in-column-and-constraint-generation/code/FLP/data/to-run/instance_F15_C40__R300__4.txt,0,4,false,0.000000,CG,Infeasible,TimeLimit,1,13,10802.7,10757.4,26.1673,-2766,-1825,51.5616,941,-5379.79,1239.19,,4.20,16.00
slurm-13210545.out,result,/home/utr_lefebvre/AE-using-column-generation-in-column-and-constraint-generation/code/FLP/data/to-run/instance_F15_C40__R300__4.txt,0,4,true,0.000000,CG,Infeasible,TimeLimit,1,14,10802.4,10741.6,38.7168,-2684,-1825,47.0685,859,-5421.38,1163.55,,6.05,16.00
slurm-13210546.out,result,/home/utr_lefebvre/AE-using-column-generation-in-column-and-constraint-generation/code/FLP/data/to-run/instance_F15_C40__R300__4.txt,10800,4,false,inf,STD,Infeasible,TimeLimit,1,11,10802.4,10781.8,13.9708,-2880,-1825,57.8082,1055,-5233.8,1428.39,,34.01,16.00
