instance_2_10_25__0.txt,2,Optimal,Proved,-905,0.059026,7
instance_2_10_25__0.txt,3,Optimal,Proved,-546,0.012342,1
instance_2_10_25__0.txt,4,Optimal,Proved,-461,0.106855,13
instance_2_10_25__1.txt,2,Optimal,Proved,-1536,0.061254,7
instance_2_10_25__1.txt,3,Optimal,Proved,-1023,0.116994,15
instance_2_10_25__1.txt,4,Optimal,Proved,-652,0.061529,9
instance_2_10_25__2.txt,2,Optimal,Proved,-1607,0.361028,35
instance_2_10_25__2.txt,3,Optimal,Proved,-1290,1.31819,97
instance_2_10_25__2.txt,4,Optimal,Proved,-965,1.32427,117
instance_2_10_25__3.txt,2,Optimal,Proved,-1946,0.278833,31
instance_2_10_25__3.txt,3,Optimal,Proved,-1398,0.222641,15
instance_2_10_25__3.txt,4,Optimal,Proved,-934,0.328742,25
instance_2_10_25__4.txt,2,Optimal,Proved,-1355,0.15562,23
instance_2_10_25__4.txt,3,Optimal,Proved,-1010,0.040093,5
instance_2_10_25__4.txt,4,Optimal,Proved,-522,0.007704,1
instance_2_10_25__5.txt,2,Optimal,Proved,-1511,0.032424,3
instance_2_10_25__5.txt,3,Optimal,Proved,-1076,0.038855,3
instance_2_10_25__5.txt,4,Optimal,Proved,-594,0.009848,1
instance_2_10_25__6.txt,2,Optimal,Proved,-1065,0.238574,31
instance_2_10_25__6.txt,3,Optimal,Proved,-781,0.508749,45
instance_2_10_25__6.txt,4,Optimal,Proved,-533,0.062149,5
instance_2_10_25__7.txt,2,Optimal,Proved,-1008,0.010027,1
instance_2_10_25__7.txt,3,Fail,NotSpecified,-631,0.078779,9
instance_2_10_25__7.txt,4,Optimal,Proved,-451,0.135344,19
instance_2_10_25__8.txt,2,Optimal,Proved,-1577,0.735179,77
instance_2_10_25__8.txt,3,Optimal,Proved,-1259,1.10464,89
instance_2_10_25__8.txt,4,Optimal,Proved,-843,1.57253,119
instance_2_10_25__9.txt,2,Optimal,Proved,-1001,0.03148,3
instance_2_10_25__9.txt,3,Optimal,Proved,-543,0.026248,3
instance_2_10_25__9.txt,4,Optimal,Proved,-236,0.023392,3
instance_2_10_50__0.txt,2,Optimal,Proved,-3522,2.42989,205
instance_2_10_50__0.txt,3,Optimal,Proved,-2782,8.87038,453
instance_2_10_50__0.txt,4,Optimal,Proved,-2321,16.2349,629
instance_2_10_50__1.txt,2,Optimal,Proved,-2378,3.18656,215
instance_2_10_50__1.txt,3,Optimal,Proved,-1903,4.43112,247
instance_2_10_50__1.txt,4,Optimal,Proved,-1537,0.756345,21
instance_2_10_50__2.txt,2,Optimal,Proved,-2540,2.48899,265
instance_2_10_50__2.txt,3,Optimal,Proved,-1895,0.107744,7
instance_2_10_50__2.txt,4,Optimal,Proved,-1253,0.047836,3
instance_2_10_50__3.txt,2,Optimal,Proved,-2323,0.256826,13
instance_2_10_50__3.txt,3,Optimal,Proved,-1863,0.274747,19
instance_2_10_50__3.txt,4,Optimal,Proved,-1474,2.93827,181
instance_2_10_50__4.txt,2,Optimal,Proved,-2876,2.47534,173
instance_2_10_50__4.txt,3,Optimal,Proved,-2378,8.555,413
instance_2_10_50__4.txt,4,Optimal,Proved,-1954,1.29648,37
instance_2_10_50__5.txt,2,Optimal,Proved,-2284,0.186767,27
instance_2_10_50__5.txt,3,Optimal,Proved,-1602,0.98816,115
instance_2_10_50__5.txt,4,Optimal,Proved,-933,3.85351,407
instance_2_10_50__6.txt,2,Optimal,Proved,-3273,0.721161,41
instance_2_10_50__6.txt,3,Optimal,Proved,-2560,0.539318,23
instance_2_10_50__6.txt,4,Optimal,Proved,-1942,0.26933,11
instance_2_10_50__7.txt,2,Optimal,Proved,-2687,0.191247,5
instance_2_10_50__7.txt,3,Optimal,Proved,-2186,0.896049,19
instance_2_10_50__7.txt,4,Optimal,Proved,-1788,0.553102,15
instance_2_10_50__8.txt,2,Optimal,Proved,-2264,0.205114,13
instance_2_10_50__8.txt,3,Optimal,Proved,-2027,0.160058,5
instance_2_10_50__8.txt,4,Optimal,Proved,-1633,15.0547,829
instance_2_10_50__9.txt,2,Optimal,Proved,-2021,2.24527,299
instance_2_10_50__9.txt,3,Optimal,Proved,-1520,7.93117,689
instance_2_10_50__9.txt,4,Optimal,Proved,-1189,0.288868,13
instance_2_10_75__0.txt,2,Optimal,Proved,-3912,0.26523,15
instance_2_10_75__0.txt,3,Optimal,Proved,-3190,0.126547,3
instance_2_10_75__0.txt,4,Optimal,Proved,-2519,0.37154,11
instance_2_10_75__1.txt,2,Optimal,Proved,-3229,0.611149,67
instance_2_10_75__1.txt,3,Optimal,Proved,-2476,0.098631,9
instance_2_10_75__1.txt,4,Optimal,Proved,-1746,0.035146,3
instance_2_10_75__2.txt,2,Optimal,Proved,-3097,2.38366,245
instance_2_10_75__2.txt,3,Optimal,Proved,-2388,0.204165,19
instance_2_10_75__2.txt,4,Optimal,Proved,-1717,0.051015,5
instance_2_10_75__3.txt,2,Optimal,Proved,-2802,0.324556,21
instance_2_10_75__3.txt,3,Fail,NotSpecified,-2185,0.294562,11
instance_2_10_75__3.txt,4,Optimal,Proved,-1710,0.109714,3
instance_2_10_75__4.txt,2,Optimal,Proved,-4730,0.008882,1
instance_2_10_75__4.txt,3,Optimal,Proved,-3878,0.186492,13
instance_2_10_75__4.txt,4,Optimal,Proved,-3246,1.116,41
instance_2_10_75__5.txt,2,Optimal,Proved,-3035,0.414386,17
instance_2_10_75__5.txt,3,Optimal,Proved,-2523,0.6479,21
instance_2_10_75__5.txt,4,Optimal,Proved,-2019,2.89652,89
instance_2_10_75__6.txt,2,Optimal,Proved,-3614,0.049232,3
instance_2_10_75__6.txt,3,Optimal,Proved,-2984,2.63388,99
instance_2_10_75__6.txt,4,Optimal,Proved,-2419,23.8955,727
instance_2_10_75__7.txt,2,Optimal,Proved,-3232,0.032036,3
instance_2_10_75__7.txt,3,Optimal,Proved,-2469,1.1915,117
instance_2_10_75__7.txt,4,Optimal,Proved,-1712,0.1432,7
instance_2_10_75__8.txt,2,Optimal,Proved,-1828,0.317575,25
instance_2_10_75__8.txt,3,Optimal,Proved,-1377,0.50285,45
instance_2_10_75__8.txt,4,Optimal,Proved,-984,0.055982,3
instance_2_10_75__9.txt,2,Optimal,Proved,-2616,0.013498,1
instance_2_10_75__9.txt,3,Optimal,Proved,-2028,0.011265,1
instance_2_10_75__9.txt,4,Optimal,Proved,-1555,1.27828,115
instance_2_15_25__0.txt,2,Optimal,Proved,-2740,0.434588,19
instance_2_15_25__0.txt,3,Optimal,Proved,-2010,0.235403,9
instance_2_15_25__0.txt,4,Optimal,Proved,-1514,0.638504,21
instance_2_15_25__1.txt,2,Optimal,Proved,-2318,0.645056,29
instance_2_15_25__1.txt,3,Optimal,Proved,-2045,38.5877,1363
instance_2_15_25__1.txt,4,Optimal,Proved,-1780,63.1594,2031
instance_2_15_25__2.txt,2,Optimal,Proved,-2224,0.169734,3
instance_2_15_25__2.txt,3,Optimal,Proved,-1973,0.997275,25
instance_2_15_25__2.txt,4,Optimal,Proved,-1814,90.2658,3033
instance_2_15_25__3.txt,2,Optimal,Proved,-3517,3.88154,227
instance_2_15_25__3.txt,3,Optimal,Proved,-2907,0.786277,23
instance_2_15_25__3.txt,4,Optimal,Proved,-2375,0.333521,5
instance_2_15_25__4.txt,2,Optimal,Proved,-2333,0.140234,3
instance_2_15_25__4.txt,3,Optimal,Proved,-2158,1.32354,29
instance_2_15_25__4.txt,4,Optimal,Proved,-1800,83.8691,2697
instance_2_15_25__5.txt,2,Optimal,Proved,-2476,79.9999,3319
instance_2_15_25__5.txt,3,Optimal,Proved,-2310,116.931,2521
instance_2_15_25__5.txt,4,Optimal,Proved,-2088,161.063,2659
instance_2_15_25__6.txt,2,Optimal,Proved,-2735,0.172133,9
instance_2_15_25__6.txt,3,Optimal,Proved,-2148,0.729562,29
instance_2_15_25__6.txt,4,Optimal,Proved,-1818,65.3702,2487
instance_2_15_25__7.txt,2,Optimal,Proved,-3052,1.56912,41
instance_2_15_25__7.txt,3,Optimal,Proved,-2590,15.1436,645
instance_2_15_25__7.txt,4,Optimal,Proved,-2158,47.8081,1309
instance_2_15_25__8.txt,2,Optimal,Proved,-2939,5.81427,473
instance_2_15_25__8.txt,3,Optimal,Proved,-2508,5.17896,317
instance_2_15_25__8.txt,4,Optimal,Proved,-2080,37.8387,981
instance_2_15_25__9.txt,2,Optimal,Proved,-2690,8.42783,535
instance_2_15_25__9.txt,3,Optimal,Proved,-2212,0.638439,19
instance_2_15_25__9.txt,4,Optimal,Proved,-1972,49.7035,1503
instance_2_15_50__0.txt,2,Optimal,Proved,-4268,8.93057,309
instance_2_15_50__0.txt,3,Optimal,Proved,-3725,7.24842,35
instance_2_15_50__0.txt,4,Optimal,Proved,-3286,74.4738,759
instance_2_15_50__1.txt,2,Optimal,Proved,-5154,48.4969,1099
instance_2_15_50__1.txt,3,Optimal,Proved,-4634,339.073,5409
instance_2_15_50__1.txt,4,Optimal,Proved,-3984,69.5459,873
instance_2_15_50__2.txt,2,Optimal,Proved,-4898,5.08027,89
instance_2_15_50__2.txt,3,Optimal,Proved,-4517,64.3166,883
instance_2_15_50__2.txt,4,Optimal,Proved,-4118,172.223,1587
instance_2_15_50__3.txt,2,Optimal,Proved,-4864,2.2138,101
instance_2_15_50__3.txt,3,Optimal,Proved,-4237,19.976,367
instance_2_15_50__3.txt,4,Optimal,Proved,-3622,7.3437,79
instance_2_15_50__4.txt,2,Optimal,Proved,-5439,45.6549,1123
instance_2_15_50__4.txt,3,Optimal,Proved,-4835,457.502,6053
instance_2_15_50__4.txt,4,Optimal,Proved,-4389,687.808,6087
instance_2_15_50__5.txt,2,Optimal,Proved,-3350,4.03606,85
instance_2_15_50__5.txt,3,Optimal,Proved,-2852,11.2531,223
instance_2_15_50__5.txt,4,Fail,NotSpecified,-2348,10.7448,223
instance_2_15_50__6.txt,2,Optimal,Proved,-5531,0.385195,17
instance_2_15_50__6.txt,3,Optimal,Proved,-4799,78.5401,1987
instance_2_15_50__6.txt,4,Optimal,Proved,-4202,682.299,8887
instance_2_15_50__7.txt,2,Optimal,Proved,-3924,0.240532,5
instance_2_15_50__7.txt,3,Optimal,Proved,-3418,175.776,4495
instance_2_15_50__7.txt,4,Optimal,Proved,-2857,299.601,5195
instance_2_15_50__8.txt,2,Optimal,Proved,-4376,106.039,1635
instance_2_15_50__8.txt,3,Optimal,Proved,-3985,388.648,3485
instance_2_15_50__8.txt,4,Optimal,Proved,-3594,954.294,5807
instance_2_15_50__9.txt,2,Optimal,Proved,-4314,17.8597,545
instance_2_15_50__9.txt,3,Optimal,Proved,-3791,230.35,2821
instance_2_15_50__9.txt,4,Optimal,Proved,-3296,844.015,7865
instance_2_15_75__0.txt,2,Optimal,Proved,-3201,0.193941,5
instance_2_15_75__0.txt,3,Optimal,Proved,-2443,0.410157,9
instance_2_15_75__0.txt,4,Optimal,Proved,-2047,1.56273,83
instance_2_15_75__1.txt,2,Optimal,Proved,-5164,0.841928,15
instance_2_15_75__1.txt,3,Optimal,Proved,-4491,82.7888,1535
instance_2_15_75__1.txt,4,Optimal,Proved,-3854,57.1776,647
instance_2_15_75__2.txt,2,Optimal,Proved,-3818,1.52397,51
instance_2_15_75__2.txt,3,Optimal,Proved,-3310,148.237,4701
instance_2_15_75__2.txt,4,Optimal,Proved,-2828,70.7094,1381
instance_2_15_75__3.txt,2,Optimal,Proved,-4395,0.577713,33
instance_2_15_75__3.txt,3,Optimal,Proved,-3754,0.89611,29
instance_2_15_75__3.txt,4,Optimal,Proved,-3135,0.511883,15
instance_2_15_75__4.txt,2,Optimal,Proved,-4472,0.377167,19
instance_2_15_75__4.txt,3,Optimal,Proved,-3695,0.02478,1
instance_2_15_75__4.txt,4,Optimal,Proved,-3070,0.129298,5
instance_2_15_75__5.txt,2,Optimal,Proved,-5664,1.8053,45
instance_2_15_75__5.txt,3,Optimal,Proved,-4932,57.3113,1335
instance_2_15_75__5.txt,4,Optimal,Proved,-4197,1.36306,9
instance_2_15_75__6.txt,2,Optimal,Proved,-4722,108.514,3023
instance_2_15_75__6.txt,3,Optimal,Proved,-4076,11.9056,233
instance_2_15_75__6.txt,4,Optimal,Proved,-3457,0.373303,3
instance_2_15_75__7.txt,2,Optimal,Proved,-6419,2.07462,27
instance_2_15_75__7.txt,3,Optimal,Proved,-5775,32.7638,441
instance_2_15_75__7.txt,4,Optimal,Proved,-5198,944.435,8003
instance_2_15_75__8.txt,2,Optimal,Proved,-4504,3.62632,153
instance_2_15_75__8.txt,3,Optimal,Proved,-3809,26.8473,1039
instance_2_15_75__8.txt,4,Optimal,Proved,-3144,0.76893,17
instance_2_15_75__9.txt,2,Optimal,Proved,-4449,0.08578,3
instance_2_15_75__9.txt,3,Optimal,Proved,-3716,0.206177,9
instance_2_15_75__9.txt,4,Optimal,Proved,-3013,0.155451,7
instance_2_20_25__0.txt,2,Optimal,Proved,-4744,94.6439,1665
instance_2_20_25__0.txt,3,Optimal,Proved,-4278,843.767,8799
instance_2_20_25__0.txt,4,Optimal,Proved,-3836,2674.32,18527
instance_2_20_25__1.txt,2,Optimal,Proved,-4605,198.884,2647
instance_2_20_25__1.txt,3,Optimal,Proved,-4208,2389.02,18657
instance_2_20_25__1.txt,4,Optimal,Proved,-3946,3491.06,18277
instance_2_20_25__2.txt,2,Optimal,Proved,-5953,29.3875,561
instance_2_20_25__2.txt,3,Optimal,Proved,-5262,2.48735,15
instance_2_20_25__2.txt,4,Optimal,Proved,-4702,476.603,4515
instance_2_20_25__3.txt,2,Optimal,Proved,-4042,9.96319,165
instance_2_20_25__3.txt,3,Optimal,Proved,-3530,36.2331,581
instance_2_20_25__3.txt,4,Optimal,Proved,-3217,2882.92,29639
instance_2_20_25__4.txt,2,Optimal,Proved,-3872,1.89882,59
instance_2_20_25__4.txt,3,Optimal,Proved,-3367,4.75249,31
instance_2_20_25__4.txt,4,Optimal,Proved,-2880,4.72497,33
instance_2_20_25__5.txt,2,Optimal,Proved,-4341,407.816,9483
instance_2_20_25__5.txt,3,Optimal,Proved,-3862,1057.79,17077
instance_2_20_25__5.txt,4,Optimal,Proved,-3400,1754.27,23235
instance_2_20_25__6.txt,2,Optimal,Proved,-5606,835.413,21623
instance_2_20_25__6.txt,3,Optimal,Proved,-5071,1119.13,10645
instance_2_20_25__6.txt,4,Fail,NotSpecified,-4441,3600,19633
instance_2_20_25__7.txt,2,Optimal,Proved,-4581,0.708052,19
instance_2_20_25__7.txt,3,Optimal,Proved,-3717,0.588949,9
instance_2_20_25__7.txt,4,Optimal,Proved,-3074,31.7524,603
instance_2_20_25__8.txt,2,Optimal,Proved,-4402,4.22327,79
instance_2_20_25__8.txt,3,Optimal,Proved,-3843,8.05973,81
instance_2_20_25__8.txt,4,Optimal,Proved,-3307,452.157,6671
instance_2_20_25__9.txt,2,Optimal,Proved,-4061,127.901,3751
instance_2_20_25__9.txt,3,Optimal,Proved,-3353,6.46823,69
instance_2_20_25__9.txt,4,Optimal,Proved,-2952,743.957,10857
instance_2_20_50__0.txt,2,Optimal,Proved,-6728,599.895,8705
instance_2_20_50__0.txt,3,Optimal,Proved,-6263,3152.1,23595
instance_2_20_50__0.txt,4,Fail,NotSpecified,-5836,3600,10773
instance_2_20_50__1.txt,2,Optimal,Proved,-5202,1.0326,13
instance_2_20_50__1.txt,3,Optimal,Proved,-4692,1.97086,7
instance_2_20_50__1.txt,4,Optimal,Proved,-4277,1255.99,12299
instance_2_20_50__2.txt,2,Optimal,Proved,-4440,74.288,2397
instance_2_20_50__2.txt,3,Optimal,Proved,-3967,1444.61,17475
instance_2_20_50__2.txt,4,Optimal,Proved,-3463,518.801,4081
instance_2_20_50__3.txt,2,Optimal,Proved,-6986,948.003,10307
instance_2_20_50__3.txt,3,Optimal,Proved,-6515,442.657,2457
instance_2_20_50__3.txt,4,Fail,NotSpecified,-5968,3600,12113
instance_2_20_50__4.txt,2,Optimal,Proved,-7846,609.734,5107
instance_2_20_50__4.txt,3,Optimal,Proved,-7085,149.705,1175
instance_2_20_50__4.txt,4,Optimal,Proved,-6461,137.261,761
instance_2_20_50__5.txt,2,Optimal,Proved,-6342,15.989,207
instance_2_20_50__5.txt,3,Optimal,Proved,-5711,58.5011,519
instance_2_20_50__5.txt,4,Optimal,Proved,-5208,726.421,4031
instance_2_20_50__6.txt,2,Optimal,Proved,-6521,135.219,2637
instance_2_20_50__6.txt,3,Optimal,Proved,-5811,131.109,1673
instance_2_20_50__6.txt,4,Optimal,Proved,-5274,330.123,2135
instance_2_20_50__7.txt,2,Optimal,Proved,-4874,159.565,3837
instance_2_20_50__7.txt,3,Optimal,Proved,-4234,71.8587,1075
instance_2_20_50__7.txt,4,Optimal,Proved,-3681,415.123,4389
instance_2_20_50__8.txt,2,Optimal,Proved,-7190,1343.27,15697
instance_2_20_50__8.txt,3,Fail,NotSpecified,-6496,3600,16701
instance_2_20_50__8.txt,4,Fail,NotSpecified,-5890,3600,6639
instance_2_20_50__9.txt,2,Optimal,Proved,-7573,0.0434,1
instance_2_20_50__9.txt,3,Optimal,Proved,-6859,315.218,5523
instance_2_20_50__9.txt,4,Optimal,Proved,-6153,24.2977,245
instance_2_20_75__0.txt,2,Optimal,Proved,-7679,0.239415,9
instance_2_20_75__0.txt,3,Optimal,Proved,-6920,10.0579,455
instance_2_20_75__0.txt,4,Optimal,Proved,-6237,69.4312,1935
instance_2_20_75__1.txt,2,Optimal,Proved,-7031,0.178444,5
instance_2_20_75__1.txt,3,Optimal,Proved,-6257,14.8176,721
instance_2_20_75__1.txt,4,Optimal,Proved,-5502,230.534,9261
instance_2_20_75__2.txt,2,Optimal,Proved,-7666,4.88827,117
instance_2_20_75__2.txt,3,Feasible,TimeLimit,-7121,3600.01,34741
instance_2_20_75__2.txt,4,Optimal,Proved,-6542,2085.95,9345
instance_2_20_75__3.txt,2,Optimal,Proved,-8578,0.436364,9
instance_2_20_75__3.txt,3,Optimal,Proved,-7767,2.5255,69
instance_2_20_75__3.txt,4,Optimal,Proved,-7026,21.7344,217
instance_2_20_75__4.txt,2,Optimal,Proved,-7955,2352.65,23207
instance_2_20_75__4.txt,3,Fail,NotSpecified,-7311,3600,17575
instance_2_20_75__4.txt,4,Optimal,Proved,-6642,1161.11,3935
instance_2_20_75__5.txt,2,Optimal,Proved,-6425,0.358902,9
instance_2_20_75__5.txt,3,Optimal,Proved,-5657,0.101329,3
instance_2_20_75__5.txt,4,Optimal,Proved,-4964,0.214966,1
instance_2_20_75__6.txt,2,Optimal,Proved,-5599,0.020858,1
instance_2_20_75__6.txt,3,Optimal,Proved,-4955,3.36768,159
instance_2_20_75__6.txt,4,Optimal,Proved,-4455,13.9582,417
instance_2_20_75__7.txt,2,Optimal,Proved,-7426,1.30865,25
instance_2_20_75__7.txt,3,Optimal,Proved,-6835,933.561,15267
instance_2_20_75__7.txt,4,Optimal,Proved,-6069,201.012,1897
instance_2_20_75__8.txt,2,Optimal,Proved,-8010,1.36316,13
instance_2_20_75__8.txt,3,Optimal,Proved,-7220,350.995,2665
instance_2_20_75__8.txt,4,Optimal,Proved,-6349,190.084,867
instance_2_20_75__9.txt,2,Optimal,Proved,-8197,252.654,3525
instance_2_20_75__9.txt,3,Fail,NotSpecified,-7624,3600,20423
instance_2_20_75__9.txt,4,Fail,NotSpecified,-6865,3600.01,2189
instance_2_25_25__0.txt,2,Optimal,Proved,-5174,15.5522,205
instance_2_25_25__0.txt,3,Optimal,Proved,-4478,3.15268,19
instance_2_25_25__0.txt,4,Feasible,TimeLimit,-4176,3600,23097
instance_2_25_25__1.txt,2,Optimal,Proved,-5870,3.87893,51
instance_2_25_25__1.txt,3,Feasible,TimeLimit,-5184,3600.04,37863
instance_2_25_25__1.txt,4,Optimal,Proved,-4635,1826.02,11095
instance_2_25_25__2.txt,2,Optimal,Proved,-6296,65.6718,753
instance_2_25_25__2.txt,3,Optimal,Proved,-5639,2843.49,19975
instance_2_25_25__2.txt,4,Fail,NotSpecified,-5071,3600.01,22449
instance_2_25_25__3.txt,2,Optimal,Proved,-5478,5.50309,83
instance_2_25_25__3.txt,3,Optimal,Proved,-4924,1473.63,12121
instance_2_25_25__3.txt,4,Fail,NotSpecified,-4637,3600,21343
instance_2_25_25__4.txt,2,Optimal,Proved,-5289,206.055,2335
instance_2_25_25__4.txt,3,Optimal,Proved,-4798,3260.56,23789
instance_2_25_25__4.txt,4,Optimal,Proved,-4310,146.843,927
instance_2_25_25__5.txt,2,Optimal,Proved,-5411,2.80614,17
instance_2_25_25__5.txt,3,Optimal,Proved,-4917,72.3073,769
instance_2_25_25__5.txt,4,Fail,NotSpecified,-4419,3600,30881
instance_2_25_25__6.txt,2,Optimal,Proved,-5434,16.2156,181
instance_2_25_25__6.txt,3,Optimal,Proved,-4836,16.9741,111
instance_2_25_25__6.txt,4,Fail,NotSpecified,-4369,3600,26139
instance_2_25_25__7.txt,2,Optimal,Proved,-5195,150.037,1753
instance_2_25_25__7.txt,3,Optimal,Proved,-4718,120.054,963
instance_2_25_25__7.txt,4,Optimal,Proved,-4246,223.212,1561
instance_2_25_25__8.txt,2,Optimal,Proved,-4586,0.763983,11
instance_2_25_25__8.txt,3,Optimal,Proved,-4220,223.391,2699
instance_2_25_25__8.txt,4,Fail,NotSpecified,-3871,1065.33,9033
instance_2_25_25__9.txt,2,Optimal,Proved,-4862,7.78287,61
instance_2_25_25__9.txt,3,Optimal,Proved,-4397,100.483,1291
instance_2_25_25__9.txt,4,Feasible,TimeLimit,-3949,3600.06,35181
instance_2_25_50__0.txt,2,Optimal,Proved,-8170,0.691382,5
instance_2_25_50__0.txt,3,Feasible,TimeLimit,-7640,3600.03,13995
instance_2_25_50__0.txt,4,Fail,NotSpecified,-7031,3600.01,7341
instance_2_25_50__1.txt,2,Fail,NotSpecified,-9086,82.5017,765
instance_2_25_50__1.txt,3,Feasible,TimeLimit,-8417,3600,8435
instance_2_25_50__1.txt,4,Fail,NotSpecified,-7665,3600.01,3889
instance_2_25_50__2.txt,2,Optimal,Proved,-7561,474.016,8653
instance_2_25_50__2.txt,3,Optimal,Proved,-6911,222.477,1737
instance_2_25_50__2.txt,4,Fail,NotSpecified,-6313,3600,14113
instance_2_25_50__3.txt,2,Optimal,Proved,-9083,403.425,3661
instance_2_25_50__3.txt,3,Optimal,Proved,-8426,1484.04,4755
instance_2_25_50__3.txt,4,Fail,NotSpecified,-7720,791.307,1963
instance_2_25_50__4.txt,2,Fail,NotSpecified,-9149,3600.01,24725
instance_2_25_50__4.txt,3,Fail,NotSpecified,-8568,3600,12241
instance_2_25_50__4.txt,4,Fail,NotSpecified,-7957,3600,2423
instance_2_25_50__5.txt,2,Optimal,Proved,-9125,2017.65,12525
instance_2_25_50__5.txt,3,Feasible,TimeLimit,-8450,3600.01,11519
instance_2_25_50__5.txt,4,Fail,NotSpecified,-7870,3600.01,4655
instance_2_25_50__6.txt,2,Fail,NotSpecified,-10630,3600,14269
instance_2_25_50__6.txt,3,Fail,NotSpecified,-10013,3600,8139
instance_2_25_50__6.txt,4,Fail,NotSpecified,-9512,3600,1241
instance_2_25_50__7.txt,2,Optimal,Proved,-7344,11.0352,57
instance_2_25_50__7.txt,3,Fail,NotSpecified,-6792,3600,16345
instance_2_25_50__7.txt,4,Fail,NotSpecified,-6227,3600.01,7347
instance_2_25_50__8.txt,2,Optimal,Proved,-6550,4.65274,79
instance_2_25_50__8.txt,3,Optimal,Proved,-5826,1.26512,7
instance_2_25_50__8.txt,4,Optimal,Proved,-5130,33.1104,413
instance_2_25_50__9.txt,2,Fail,NotSpecified,-8926,9.35131,135
instance_2_25_50__9.txt,3,Optimal,Proved,-8249,670.267,3363
instance_2_25_50__9.txt,4,Fail,NotSpecified,-7686,3600,7841
instance_2_25_75__0.txt,2,Fail,NotSpecified,-12158,3600,25475
instance_2_25_75__0.txt,3,Optimal,Proved,-11492,472.292,1223
instance_2_25_75__0.txt,4,Fail,NotSpecified,-10763,3600,2927
instance_2_25_75__1.txt,2,Optimal,Proved,-7764,0.097401,3
instance_2_25_75__1.txt,3,Optimal,Proved,-6999,0.25579,7
instance_2_25_75__1.txt,4,Optimal,Proved,-6235,1.2092,29
instance_2_25_75__2.txt,2,Feasible,TimeLimit,-11359,3600.01,24971
instance_2_25_75__2.txt,3,Fail,NotSpecified,-10786,3600.01,10139
instance_2_25_75__2.txt,4,Fail,NotSpecified,-10149,3600,3653
instance_2_25_75__3.txt,2,Optimal,Proved,-8721,0.120472,1
instance_2_25_75__3.txt,3,Fail,NotSpecified,-8025,30.2428,191
instance_2_25_75__3.txt,4,Fail,NotSpecified,-7429,3600,13071
instance_2_25_75__4.txt,2,Optimal,Proved,-9437,1.2045,17
instance_2_25_75__4.txt,3,Optimal,Proved,-8712,6.40917,47
instance_2_25_75__4.txt,4,Optimal,Proved,-8016,395.169,2069
instance_2_25_75__5.txt,2,Optimal,Proved,-10050,578.115,7157
instance_2_25_75__5.txt,3,Optimal,Proved,-9296,1942.9,7527
instance_2_25_75__5.txt,4,Fail,NotSpecified,-8474,3600.01,4337
instance_2_25_75__6.txt,2,Optimal,Proved,-6601,0.03802,1
instance_2_25_75__6.txt,3,Optimal,Proved,-5903,0.134171,3
instance_2_25_75__6.txt,4,Optimal,Proved,-5174,0.12123,3
instance_2_25_75__7.txt,2,Optimal,Proved,-9838,1.08284,15
instance_2_25_75__7.txt,3,Fail,NotSpecified,-9071,3600,24183
instance_2_25_75__7.txt,4,Optimal,Proved,-8257,170.871,237
instance_2_25_75__8.txt,2,Optimal,Proved,-9621,2.09566,21
instance_2_25_75__8.txt,3,Optimal,Proved,-8863,10.8752,91
instance_2_25_75__8.txt,4,Fail,NotSpecified,-8083,3600,12167
instance_2_25_75__9.txt,2,Optimal,Proved,-11800,2413.81,10659
instance_2_25_75__9.txt,3,Fail,NotSpecified,-10877,3600.01,5943
instance_2_25_75__9.txt,4,Fail,NotSpecified,-10094,3600,1969
instance_3_10_25__0.txt,2,Optimal,Proved,-1023,0.006133,1
instance_3_10_25__0.txt,3,Optimal,Proved,-605,0.005414,1
instance_3_10_25__0.txt,4,Optimal,Proved,-211,0.005282,1
instance_3_10_25__1.txt,2,Optimal,Proved,-1188,0.0063,1
instance_3_10_25__1.txt,3,Optimal,Proved,-325,0.005316,1
instance_3_10_25__1.txt,4,Optimal,Proved,-0,0.005221,1
instance_3_10_25__2.txt,2,Optimal,Proved,-426,0.003918,1
instance_3_10_25__2.txt,3,Optimal,Proved,-132,0.002969,1
instance_3_10_25__2.txt,4,Optimal,Proved,-0,0.002909,1
instance_3_10_25__3.txt,2,Optimal,Proved,-611,0.06798,9
instance_3_10_25__3.txt,3,Optimal,Proved,-419,1.54226,203
instance_3_10_25__3.txt,4,Optimal,Proved,-252,1.33797,179
instance_3_10_25__4.txt,2,Optimal,Proved,-414,0.0037,1
instance_3_10_25__4.txt,3,Optimal,Proved,-122,0.003054,1
instance_3_10_25__4.txt,4,Optimal,Proved,-0,0.002981,1
instance_3_10_25__5.txt,2,Optimal,Proved,-884,0.003767,1
instance_3_10_25__5.txt,3,Optimal,Proved,-433,0.003149,1
instance_3_10_25__5.txt,4,Optimal,Proved,-231,0.003089,1
instance_3_10_25__6.txt,2,Optimal,Proved,-161,0.003596,1
instance_3_10_25__6.txt,3,Optimal,Proved,-41,0.002993,1
instance_3_10_25__6.txt,4,Optimal,Proved,-0,0.002938,1
instance_3_10_25__7.txt,2,Optimal,Proved,-295,0.009083,1
instance_3_10_25__7.txt,3,Optimal,Proved,-13,0.008611,1
instance_3_10_25__7.txt,4,Optimal,Proved,-0,0.006173,1
instance_3_10_25__8.txt,2,Optimal,Proved,-137,0.009835,1
instance_3_10_25__8.txt,3,Optimal,Proved,-37,0.008641,1
instance_3_10_25__8.txt,4,Optimal,Proved,-0,0.006159,1
instance_3_10_25__9.txt,2,Optimal,Proved,-465,0.002902,1
instance_3_10_25__9.txt,3,Optimal,Proved,-0,0.002464,1
instance_3_10_25__9.txt,4,Optimal,Proved,-0,0.002372,1
instance_3_10_50__0.txt,2,Optimal,Proved,-2095,0.006279,1
instance_3_10_50__0.txt,3,Optimal,Proved,-1537,0.005677,1
instance_3_10_50__0.txt,4,Optimal,Proved,-985,0.005666,1
instance_3_10_50__1.txt,2,Optimal,Proved,-2235,0.331281,31
instance_3_10_50__1.txt,3,Optimal,Proved,-1824,80.1005,4997
instance_3_10_50__1.txt,4,Optimal,Proved,-1541,103.407,4867
instance_3_10_50__2.txt,2,Optimal,Proved,-1466,0.23468,11
instance_3_10_50__2.txt,3,Optimal,Proved,-1219,22.4567,1753
instance_3_10_50__2.txt,4,Optimal,Proved,-990,10.6292,607
instance_3_10_50__3.txt,2,Optimal,Proved,-2441,37.0133,3157
instance_3_10_50__3.txt,3,Optimal,Proved,-2020,73.9904,4193
instance_3_10_50__3.txt,4,Optimal,Proved,-1631,200.656,8939
instance_3_10_50__4.txt,2,Optimal,Proved,-2243,18.2026,1353
instance_3_10_50__4.txt,3,Optimal,Proved,-1746,27.5936,1809
instance_3_10_50__4.txt,4,Optimal,Proved,-1282,9.1104,681
instance_3_10_50__5.txt,2,Optimal,Proved,-1870,0.00652,1
instance_3_10_50__5.txt,3,Optimal,Proved,-1123,0.005694,1
instance_3_10_50__5.txt,4,Optimal,Proved,-495,0.005519,1
instance_3_10_50__6.txt,2,Optimal,Proved,-1796,0.105497,13
instance_3_10_50__6.txt,3,Optimal,Proved,-1249,0.46358,63
instance_3_10_50__6.txt,4,Optimal,Proved,-739,0.029683,3
instance_3_10_50__7.txt,2,Optimal,Proved,-2573,2.1028,229
instance_3_10_50__7.txt,3,Optimal,Proved,-1959,4.73792,357
instance_3_10_50__7.txt,4,Optimal,Proved,-1506,10.2421,671
instance_3_10_50__8.txt,2,Optimal,Proved,-1959,0.008026,1
instance_3_10_50__8.txt,3,Optimal,Proved,-1341,0.007329,1
instance_3_10_50__8.txt,4,Optimal,Proved,-1047,25.4728,2113
instance_3_10_50__9.txt,2,Optimal,Proved,-923,3.24693,401
instance_3_10_50__9.txt,3,Optimal,Proved,-698,0.408245,31
instance_3_10_50__9.txt,4,Optimal,Proved,-478,0.135914,13
instance_3_10_75__0.txt,2,Optimal,Proved,-2591,0.018583,1
instance_3_10_75__0.txt,3,Optimal,Proved,-2059,26.4545,1961
instance_3_10_75__0.txt,4,Optimal,Proved,-1567,42.2455,3143
instance_3_10_75__1.txt,2,Optimal,Proved,-2313,2.06059,199
instance_3_10_75__1.txt,3,Optimal,Proved,-1783,0.092124,3
instance_3_10_75__1.txt,4,Optimal,Proved,-1248,0.171793,7
instance_3_10_75__2.txt,2,Optimal,Proved,-2885,0.063744,5
instance_3_10_75__2.txt,3,Optimal,Proved,-2250,1.29714,67
instance_3_10_75__2.txt,4,Optimal,Proved,-1624,0.205859,9
instance_3_10_75__3.txt,2,Optimal,Proved,-2487,10.859,819
instance_3_10_75__3.txt,3,Optimal,Proved,-2015,35.8817,2151
instance_3_10_75__3.txt,4,Optimal,Proved,-1547,41.682,2087
instance_3_10_75__4.txt,2,Optimal,Proved,-3167,0.284694,15
instance_3_10_75__4.txt,3,Optimal,Proved,-2455,0.114189,3
instance_3_10_75__4.txt,4,Optimal,Proved,-1787,0.142575,3
instance_3_10_75__5.txt,2,Optimal,Proved,-1037,0.103939,5
instance_3_10_75__5.txt,3,Optimal,Proved,-737,0.056064,3
instance_3_10_75__5.txt,4,Optimal,Proved,-557,0.567457,41
instance_3_10_75__6.txt,2,Optimal,Proved,-3451,32.9801,2401
instance_3_10_75__6.txt,3,Optimal,Proved,-3031,18.3256,1075
instance_3_10_75__6.txt,4,Optimal,Proved,-2365,31.6035,1217
instance_3_10_75__7.txt,2,Optimal,Proved,-2640,0.405595,27
instance_3_10_75__7.txt,3,Optimal,Proved,-2040,27.2226,2091
instance_3_10_75__7.txt,4,Optimal,Proved,-1506,65.8973,4735
instance_3_10_75__8.txt,2,Optimal,Proved,-3542,0.113251,5
instance_3_10_75__8.txt,3,Optimal,Proved,-2705,0.140901,7
instance_3_10_75__8.txt,4,Optimal,Proved,-1870,0.060517,3
instance_3_10_75__9.txt,2,Optimal,Proved,-3004,46.1667,3457
instance_3_10_75__9.txt,3,Optimal,Proved,-2421,62.1097,3441
instance_3_10_75__9.txt,4,Optimal,Proved,-1852,168.998,7589
instance_3_15_25__0.txt,2,Optimal,Proved,-3541,0.237359,13
instance_3_15_25__0.txt,3,Optimal,Proved,-2819,0.158556,9
instance_3_15_25__0.txt,4,Optimal,Proved,-2280,5.16068,161
instance_3_15_25__1.txt,2,Optimal,Proved,-1858,13.6091,1157
instance_3_15_25__1.txt,3,Optimal,Proved,-1383,11.9636,841
instance_3_15_25__1.txt,4,Optimal,Proved,-917,0.258253,17
instance_3_15_25__2.txt,2,Optimal,Proved,-2537,7.6787,439
instance_3_15_25__2.txt,3,Optimal,Proved,-2074,31.362,1247
instance_3_15_25__2.txt,4,Optimal,Proved,-1648,47.8012,1555
instance_3_15_25__3.txt,2,Optimal,Proved,-2631,48.7361,2559
instance_3_15_25__3.txt,3,Optimal,Proved,-2132,83.5691,2999
instance_3_15_25__3.txt,4,Optimal,Proved,-1764,18.1496,571
instance_3_15_25__4.txt,2,Optimal,Proved,-3156,0.006656,1
instance_3_15_25__4.txt,3,Optimal,Proved,-2372,0.005841,1
instance_3_15_25__4.txt,4,Optimal,Proved,-1590,0.00577,1
instance_3_15_25__5.txt,2,Optimal,Proved,-2994,13.4544,1003
instance_3_15_25__5.txt,3,Optimal,Proved,-2228,32.0247,2195
instance_3_15_25__5.txt,4,Optimal,Proved,-1522,69.6272,3939
instance_3_15_25__6.txt,2,Optimal,Proved,-2847,15.7639,1165
instance_3_15_25__6.txt,3,Optimal,Proved,-2194,13.0176,737
instance_3_15_25__6.txt,4,Optimal,Proved,-1541,16.4185,925
instance_3_15_25__7.txt,2,Optimal,Proved,-2229,0.179392,9
instance_3_15_25__7.txt,3,Optimal,Proved,-1809,82.208,3633
instance_3_15_25__7.txt,4,Optimal,Proved,-1427,178.804,6521
instance_3_15_25__8.txt,2,Optimal,Proved,-1521,0.054072,1
instance_3_15_25__8.txt,3,Optimal,Proved,-965,0.051743,1
instance_3_15_25__8.txt,4,Optimal,Proved,-690,0.31257,7
instance_3_15_25__9.txt,2,Optimal,Proved,-2119,15.154,749
instance_3_15_25__9.txt,3,Optimal,Proved,-1812,61.2812,1921
instance_3_15_25__9.txt,4,Optimal,Proved,-1523,260.678,7017
instance_3_15_50__0.txt,2,Optimal,Proved,-3436,6.90611,69
instance_3_15_50__0.txt,3,Optimal,Proved,-3004,704.923,19041
instance_3_15_50__0.txt,4,Feasible,TimeLimit,-2584,3600,58889
instance_3_15_50__1.txt,2,Optimal,Proved,-4711,1254.82,41841
instance_3_15_50__1.txt,3,Optimal,Proved,-4126,2652.6,42373
instance_3_15_50__1.txt,4,Feasible,TimeLimit,-3570,3600.01,33521
instance_3_15_50__2.txt,2,Optimal,Proved,-5397,1085.07,28605
instance_3_15_50__2.txt,3,Optimal,Proved,-4745,2203.53,29895
instance_3_15_50__2.txt,4,Fail,NotSpecified,-3980,3600.01,26629
instance_3_15_50__3.txt,2,Optimal,Proved,-4571,11.4682,183
instance_3_15_50__3.txt,3,Optimal,Proved,-3901,35.1506,445
instance_3_15_50__3.txt,4,Optimal,Proved,-3315,212.785,2805
instance_3_15_50__4.txt,2,Optimal,Proved,-3900,239.391,11933
instance_3_15_50__4.txt,3,Optimal,Proved,-3248,297.382,9927
instance_3_15_50__4.txt,4,Optimal,Proved,-2609,144.256,4091
instance_3_15_50__5.txt,2,Optimal,Proved,-4230,1801.22,58309
instance_3_15_50__5.txt,3,Fail,NotSpecified,-3646,3600,78823
instance_3_15_50__5.txt,4,Fail,NotSpecified,-3092,3600,45541
instance_3_15_50__6.txt,2,Optimal,Proved,-5074,2259.3,128593
instance_3_15_50__6.txt,3,Fail,NotSpecified,-4505,3600,72261
instance_3_15_50__6.txt,4,Feasible,TimeLimit,-3954,3600.01,32659
instance_3_15_50__7.txt,2,Feasible,TimeLimit,-3612,3600,93667
instance_3_15_50__7.txt,3,Feasible,TimeLimit,-3232,3600,39593
instance_3_15_50__7.txt,4,Fail,NotSpecified,-2750,3600,34607
instance_3_15_50__8.txt,2,Feasible,TimeLimit,-4593,3600,86133
instance_3_15_50__8.txt,3,Fail,NotSpecified,-4076,3600,28419
instance_3_15_50__8.txt,4,Fail,NotSpecified,-3529,3600,26569
instance_3_15_50__9.txt,2,Optimal,Proved,-3237,24.391,845
instance_3_15_50__9.txt,3,Optimal,Proved,-2595,2203.74,62217
instance_3_15_50__9.txt,4,Optimal,Proved,-2003,2001.78,62301
instance_3_15_75__0.txt,2,Optimal,Proved,-4916,2.23829,189
instance_3_15_75__0.txt,3,Optimal,Proved,-4056,0.024048,1
instance_3_15_75__0.txt,4,Optimal,Proved,-3321,0.298721,15
instance_3_15_75__1.txt,2,Optimal,Proved,-3090,18.2242,127
instance_3_15_75__1.txt,3,Optimal,Proved,-2541,3.10327,25
instance_3_15_75__1.txt,4,Optimal,Proved,-2194,4.69316,47
instance_3_15_75__2.txt,2,Optimal,Proved,-6958,202.782,5407
instance_3_15_75__2.txt,3,Fail,NotSpecified,-6158,3600,41301
instance_3_15_75__2.txt,4,Fail,NotSpecified,-5481,3600,13393
instance_3_15_75__3.txt,2,Feasible,TimeLimit,-7272,3600,82681
instance_3_15_75__3.txt,3,Fail,NotSpecified,-6646,3600,38109
instance_3_15_75__3.txt,4,Fail,NotSpecified,-5860,3600,10461
instance_3_15_75__4.txt,2,Fail,NotSpecified,-5161,3600,108935
instance_3_15_75__4.txt,3,Fail,NotSpecified,-4424,3600,62061
instance_3_15_75__4.txt,4,Fail,NotSpecified,-3684,3600,64929
instance_3_15_75__5.txt,2,Fail,NotSpecified,-5831,3600,59047
instance_3_15_75__5.txt,3,Fail,NotSpecified,-5125,3600,19409
instance_3_15_75__5.txt,4,Fail,NotSpecified,-4508,3600,12597
instance_3_15_75__6.txt,2,Optimal,Proved,-4400,15.2206,529
instance_3_15_75__6.txt,3,Optimal,Proved,-3595,1.40321,21
instance_3_15_75__6.txt,4,Optimal,Proved,-3043,0.496044,7
instance_3_15_75__7.txt,2,Optimal,Proved,-6300,19.523,597
instance_3_15_75__7.txt,3,Optimal,Proved,-5665,1978.86,23019
instance_3_15_75__7.txt,4,Fail,NotSpecified,-4994,3600,28323
instance_3_15_75__8.txt,2,Optimal,Proved,-6084,3237.59,114187
