OPT,3,-17763,   Optimal,   Proved,112.655,/home/utr_lefebvre/adr4mip//data/s065.kp
DMi,3,-17225,   Optimal,   Proved,0.979655,/home/utr_lefebvre/adr4mip//data/s065.kp
DMc,3,-17295.1,   Optimal,   Proved,6.60675,/home/utr_lefebvre/adr4mip//data/s065.kp
OPT,5,-15272,   Optimal,   Proved,398.824,/home/utr_lefebvre/adr4mip//data/s020.kp
DMi,5,-14306,   Optimal,   Proved,0.016205,/home/utr_lefebvre/adr4mip//data/s020.kp
DMc,5,-14535.3,   Optimal,   Proved,9.96203,/home/utr_lefebvre/adr4mip//data/s020.kp
OPT,8,-14102,  Feasible,TimeLimit,3618.44,/home/utr_lefebvre/adr4mip//data/s073.kp
DMi,8,-12595,   Optimal,   Proved,0.031001,/home/utr_lefebvre/adr4mip//data/s073.kp
DMc,8,-12892.8,   Optimal,   Proved,15.8417,/home/utr_lefebvre/adr4mip//data/s073.kp
OPT,8,-13263,  Feasible,TimeLimit,3600.28,/home/utr_lefebvre/adr4mip//data/s056.kp
DMi,8,-11217,   Optimal,   Proved,0.831953,/home/utr_lefebvre/adr4mip//data/s056.kp
DMc,8,-11974.2,   Optimal,   Proved,28.8927,/home/utr_lefebvre/adr4mip//data/s056.kp
OPT,3,-15445,   Optimal,   Proved,114.158,/home/utr_lefebvre/adr4mip//data/s079.kp
DMi,3,-15082,   Optimal,   Proved,0.820974,/home/utr_lefebvre/adr4mip//data/s079.kp
DMc,3,-15115.7,   Optimal,   Proved,4.13986,/home/utr_lefebvre/adr4mip//data/s079.kp
OPT,8,-14473,  Feasible,TimeLimit,3630.85,/home/utr_lefebvre/adr4mip//data/s010.kp
DMi,8,-12706,   Optimal,   Proved,0.816114,/home/utr_lefebvre/adr4mip//data/s010.kp
DMc,8,-13064.9,   Optimal,   Proved,24.8288,/home/utr_lefebvre/adr4mip//data/s010.kp
OPT,3,-16603,   Optimal,   Proved,78.137,/home/utr_lefebvre/adr4mip//data/s075.kp
DMi,3,-16328,   Optimal,   Proved,0.836088,/home/utr_lefebvre/adr4mip//data/s075.kp
DMc,3,-16369.3,   Optimal,   Proved,4.99025,/home/utr_lefebvre/adr4mip//data/s075.kp
OPT,8,-12104,  Feasible,TimeLimit,3618.5,/home/utr_lefebvre/adr4mip//data/s028.kp
DMi,8,-10102,   Optimal,   Proved,0.022206,/home/utr_lefebvre/adr4mip//data/s028.kp
DMc,8,-10537.1,   Optimal,   Proved,22.353,/home/utr_lefebvre/adr4mip//data/s028.kp
OPT,5,-16692,   Optimal,   Proved,1180.59,/home/utr_lefebvre/adr4mip//data/s074.kp
DMi,5,-15540,   Optimal,   Proved,0.831734,/home/utr_lefebvre/adr4mip//data/s074.kp
DMc,5,-15709.4,   Optimal,   Proved,12.4238,/home/utr_lefebvre/adr4mip//data/s074.kp
OPT,8,-13596,   Optimal,   Proved,3253.34,/home/utr_lefebvre/adr4mip//data/s012.kp
DMi,8,-11387,   Optimal,   Proved,0.837525,/home/utr_lefebvre/adr4mip//data/s012.kp
DMc,8,-12094.7,   Optimal,   Proved,32.2319,/home/utr_lefebvre/adr4mip//data/s012.kp
OPT,5,-17806,   Optimal,   Proved,1440.84,/home/utr_lefebvre/adr4mip//data/s006.kp
DMi,5,-16717,   Optimal,   Proved,0.814782,/home/utr_lefebvre/adr4mip//data/s006.kp
DMc,5,-17012.1,   Optimal,   Proved,18.1479,/home/utr_lefebvre/adr4mip//data/s006.kp
OPT,3,-19851,   Optimal,   Proved,126.446,/home/utr_lefebvre/adr4mip//data/s050.kp
DMi,3,-19350,   Optimal,   Proved,0.917128,/home/utr_lefebvre/adr4mip//data/s050.kp
DMc,3,-19478.4,   Optimal,   Proved,7.48047,/home/utr_lefebvre/adr4mip//data/s050.kp
OPT,8,-13626,  Feasible,TimeLimit,3604.81,/home/utr_lefebvre/adr4mip//data/s049.kp
DMi,8,-11161,   Optimal,   Proved,0.951214,/home/utr_lefebvre/adr4mip//data/s049.kp
DMc,8,-11898.8,   Optimal,   Proved,29.8649,/home/utr_lefebvre/adr4mip//data/s049.kp
OPT,8,-14958,  Feasible,TimeLimit,3644.38,/home/utr_lefebvre/adr4mip//data/s093.kp
DMi,8,-13020,   Optimal,   Proved,0.031923,/home/utr_lefebvre/adr4mip//data/s093.kp
DMc,8,-13358.9,   Optimal,   Proved,19.9509,/home/utr_lefebvre/adr4mip//data/s093.kp
OPT,3,-19092,   Optimal,   Proved,210.089,/home/utr_lefebvre/adr4mip//data/s091.kp
DMi,3,-18498,   Optimal,   Proved,0.832648,/home/utr_lefebvre/adr4mip//data/s091.kp
DMc,3,-18547.2,   Optimal,   Proved,5.86127,/home/utr_lefebvre/adr4mip//data/s091.kp
OPT,3,-16357,   Optimal,   Proved,30.3084,/home/utr_lefebvre/adr4mip//data/s012.kp
DMi,3,-15818,   Optimal,   Proved,0.021589,/home/utr_lefebvre/adr4mip//data/s012.kp
DMc,3,-15884.4,   Optimal,   Proved,6.63874,/home/utr_lefebvre/adr4mip//data/s012.kp
OPT,8,-15996,  Feasible,TimeLimit,3608.76,/home/utr_lefebvre/adr4mip//data/s076.kp
DMi,8,-14038,   Optimal,   Proved,0.824785,/home/utr_lefebvre/adr4mip//data/s076.kp
DMc,8,-14554,   Optimal,   Proved,25.8032,/home/utr_lefebvre/adr4mip//data/s076.kp
OPT,3,-17372,   Optimal,   Proved,78.2304,/home/utr_lefebvre/adr4mip//data/s078.kp
DMi,3,-16965,   Optimal,   Proved,0.811461,/home/utr_lefebvre/adr4mip//data/s078.kp
DMc,3,-17060.7,   Optimal,   Proved,9.13202,/home/utr_lefebvre/adr4mip//data/s078.kp
OPT,5,-16714,   Optimal,   Proved,136.309,/home/utr_lefebvre/adr4mip//data/s035.kp
DMi,5,-16388,   Optimal,   Proved,0.829751,/home/utr_lefebvre/adr4mip//data/s035.kp
DMc,5,-16419,   Optimal,   Proved,5.7472,/home/utr_lefebvre/adr4mip//data/s035.kp
OPT,8,-12925,  Feasible,TimeLimit,3628.69,/home/utr_lefebvre/adr4mip//data/s009.kp
DMi,8,-11261,   Optimal,   Proved,0.810148,/home/utr_lefebvre/adr4mip//data/s009.kp
DMc,8,-11699.6,   Optimal,   Proved,23.3489,/home/utr_lefebvre/adr4mip//data/s009.kp
OPT,3,-16940,   Optimal,   Proved,23.8724,/home/utr_lefebvre/adr4mip//data/s032.kp
DMi,3,-16733,   Optimal,   Proved,0.862494,/home/utr_lefebvre/adr4mip//data/s032.kp
DMc,3,-16761.7,   Optimal,   Proved,4.15904,/home/utr_lefebvre/adr4mip//data/s032.kp
OPT,8,-16496,  Feasible,TimeLimit,3602.87,/home/utr_lefebvre/adr4mip//data/s022.kp
DMi,8,-14612,   Optimal,   Proved,0.856055,/home/utr_lefebvre/adr4mip//data/s022.kp
DMc,8,-14857.7,   Optimal,   Proved,31.2367,/home/utr_lefebvre/adr4mip//data/s022.kp
OPT,3,-19273,   Optimal,   Proved,75.8959,/home/utr_lefebvre/adr4mip//data/s086.kp
DMi,3,-19045,   Optimal,   Proved,0.835636,/home/utr_lefebvre/adr4mip//data/s086.kp
DMc,3,-19094.5,   Optimal,   Proved,4.14752,/home/utr_lefebvre/adr4mip//data/s086.kp
OPT,3,-17962,   Optimal,   Proved,82.5398,/home/utr_lefebvre/adr4mip//data/s093.kp
DMi,3,-17646,   Optimal,   Proved,0.83018,/home/utr_lefebvre/adr4mip//data/s093.kp
DMc,3,-17668.8,   Optimal,   Proved,2.57884,/home/utr_lefebvre/adr4mip//data/s093.kp
OPT,3,-17465,   Optimal,   Proved,394.164,/home/utr_lefebvre/adr4mip//data/s047.kp
DMi,3,-16417,   Optimal,   Proved,0.881482,/home/utr_lefebvre/adr4mip//data/s047.kp
DMc,3,-16619.9,   Optimal,   Proved,14.8647,/home/utr_lefebvre/adr4mip//data/s047.kp
OPT,3,-18237,   Optimal,   Proved,184.592,/home/utr_lefebvre/adr4mip//data/s063.kp
DMi,3,-17706,   Optimal,   Proved,0.81927,/home/utr_lefebvre/adr4mip//data/s063.kp
DMc,3,-17774.6,   Optimal,   Proved,7.47603,/home/utr_lefebvre/adr4mip//data/s063.kp
OPT,8,-14718,  Feasible,TimeLimit,3617.47,/home/utr_lefebvre/adr4mip//data/s018.kp
DMi,8,-12060,   Optimal,   Proved,0.974564,/home/utr_lefebvre/adr4mip//data/s018.kp
DMc,8,-12939.3,   Optimal,   Proved,31.4582,/home/utr_lefebvre/adr4mip//data/s018.kp
OPT,5,-17067,   Optimal,   Proved,1073.39,/home/utr_lefebvre/adr4mip//data/s054.kp
DMi,5,-16193,   Optimal,   Proved,0.866824,/home/utr_lefebvre/adr4mip//data/s054.kp
DMc,5,-16352.9,   Optimal,   Proved,13.8796,/home/utr_lefebvre/adr4mip//data/s054.kp
OPT,5,-15504,   Optimal,   Proved,1271.18,/home/utr_lefebvre/adr4mip//data/s008.kp
DMi,5,-14550,   Optimal,   Proved,0.84318,/home/utr_lefebvre/adr4mip//data/s008.kp
DMc,5,-14678.5,   Optimal,   Proved,13.9505,/home/utr_lefebvre/adr4mip//data/s008.kp
OPT,3,-18284,   Optimal,   Proved,2.60831,/home/utr_lefebvre/adr4mip//data/s035.kp
DMi,3,-18274,   Optimal,   Proved,0.026497,/home/utr_lefebvre/adr4mip//data/s035.kp
DMc,3,-18275.3,   Optimal,   Proved,1.66872,/home/utr_lefebvre/adr4mip//data/s035.kp
OPT,5,-16360,   Optimal,   Proved,828.165,/home/utr_lefebvre/adr4mip//data/s013.kp
DMi,5,-15548,   Optimal,   Proved,0.870811,/home/utr_lefebvre/adr4mip//data/s013.kp
DMc,5,-15639,   Optimal,   Proved,11.6864,/home/utr_lefebvre/adr4mip//data/s013.kp
OPT,5,-18489,   Optimal,   Proved,3250.95,/home/utr_lefebvre/adr4mip//data/s015.kp
DMi,5,-17482,   Optimal,   Proved,0.840741,/home/utr_lefebvre/adr4mip//data/s015.kp
DMc,5,-17615.2,   Optimal,   Proved,7.5267,/home/utr_lefebvre/adr4mip//data/s015.kp
OPT,3,-17997,   Optimal,   Proved,294.882,/home/utr_lefebvre/adr4mip//data/s074.kp
DMi,3,-17428,   Optimal,   Proved,0.829037,/home/utr_lefebvre/adr4mip//data/s074.kp
DMc,3,-17494.6,   Optimal,   Proved,11.5328,/home/utr_lefebvre/adr4mip//data/s074.kp
OPT,3,-18201,   Optimal,   Proved,137.505,/home/utr_lefebvre/adr4mip//data/s066.kp
DMi,3,-17781,   Optimal,   Proved,0.833062,/home/utr_lefebvre/adr4mip//data/s066.kp
DMc,3,-17828,   Optimal,   Proved,2.54785,/home/utr_lefebvre/adr4mip//data/s066.kp
OPT,3,-17547,   Optimal,   Proved,30.7651,/home/utr_lefebvre/adr4mip//data/s033.kp
DMi,3,-17023,   Optimal,   Proved,0.830881,/home/utr_lefebvre/adr4mip//data/s033.kp
DMc,3,-17107.6,   Optimal,   Proved,6.63801,/home/utr_lefebvre/adr4mip//data/s033.kp
OPT,3,-17623,   Optimal,   Proved,181.997,/home/utr_lefebvre/adr4mip//data/s041.kp
DMi,3,-16934,   Optimal,   Proved,0.83515,/home/utr_lefebvre/adr4mip//data/s041.kp
DMc,3,-17061.4,   Optimal,   Proved,11.5186,/home/utr_lefebvre/adr4mip//data/s041.kp
OPT,3,-19107,   Optimal,   Proved,248.786,/home/utr_lefebvre/adr4mip//data/s087.kp
DMi,3,-18688,   Optimal,   Proved,0.850645,/home/utr_lefebvre/adr4mip//data/s087.kp
DMc,3,-18707.5,   Optimal,   Proved,5.83574,/home/utr_lefebvre/adr4mip//data/s087.kp
OPT,3,-17985,   Optimal,   Proved,423.746,/home/utr_lefebvre/adr4mip//data/s005.kp
DMi,3,-16868,   Optimal,   Proved,1.01303,/home/utr_lefebvre/adr4mip//data/s005.kp
DMc,3,-17176.9,   Optimal,   Proved,19.813,/home/utr_lefebvre/adr4mip//data/s005.kp
OPT,3,-17664,   Optimal,   Proved,108.176,/home/utr_lefebvre/adr4mip//data/s013.kp
DMi,3,-17248,   Optimal,   Proved,0.827552,/home/utr_lefebvre/adr4mip//data/s013.kp
DMc,3,-17302.5,   Optimal,   Proved,4.18631,/home/utr_lefebvre/adr4mip//data/s013.kp
OPT,5,-15643,   Optimal,   Proved,939.874,/home/utr_lefebvre/adr4mip//data/s046.kp
DMi,5,-14854,   Optimal,   Proved,0.833177,/home/utr_lefebvre/adr4mip//data/s046.kp
DMc,5,-15005.6,   Optimal,   Proved,10.768,/home/utr_lefebvre/adr4mip//data/s046.kp
OPT,8,-13199,  Feasible,TimeLimit,3633.09,/home/utr_lefebvre/adr4mip//data/s058.kp
DMi,8,-10240,   Optimal,   Proved,1.21822,/home/utr_lefebvre/adr4mip//data/s058.kp
DMc,8,-11459.2,   Optimal,   Proved,43.0176,/home/utr_lefebvre/adr4mip//data/s058.kp
OPT,3,-14788,   Optimal,   Proved,156.823,/home/utr_lefebvre/adr4mip//data/s007.kp
DMi,3,-13962,   Optimal,   Proved,0.830217,/home/utr_lefebvre/adr4mip//data/s007.kp
DMc,3,-14109.4,   Optimal,   Proved,10.0159,/home/utr_lefebvre/adr4mip//data/s007.kp
OPT,8,-14958,  Feasible,TimeLimit,3638.52,/home/utr_lefebvre/adr4mip//data/s033.kp
DMi,8,-12525,   Optimal,   Proved,1.07245,/home/utr_lefebvre/adr4mip//data/s033.kp
DMc,8,-13347.1,   Optimal,   Proved,26.436,/home/utr_lefebvre/adr4mip//data/s033.kp
OPT,5,-14792,   Optimal,   Proved,1984.33,/home/utr_lefebvre/adr4mip//data/s009.kp
DMi,5,-13818,   Optimal,   Proved,1.15905,/home/utr_lefebvre/adr4mip//data/s009.kp
DMc,5,-13916.9,   Optimal,   Proved,10.7401,/home/utr_lefebvre/adr4mip//data/s009.kp
OPT,5,-15747,   Optimal,   Proved,404.439,/home/utr_lefebvre/adr4mip//data/s081.kp
DMi,5,-14730,   Optimal,   Proved,0.885297,/home/utr_lefebvre/adr4mip//data/s081.kp
DMc,5,-14840,   Optimal,   Proved,13.0976,/home/utr_lefebvre/adr4mip//data/s081.kp
OPT,8,-12771,  Feasible,TimeLimit,3604.39,/home/utr_lefebvre/adr4mip//data/s007.kp
DMi,8,-9934,   Optimal,   Proved,1.06529,/home/utr_lefebvre/adr4mip//data/s007.kp
DMc,8,-11006.5,   Optimal,   Proved,37.9105,/home/utr_lefebvre/adr4mip//data/s007.kp
OPT,8,-14437,  Feasible,TimeLimit,3613.61,/home/utr_lefebvre/adr4mip//data/s039.kp
DMi,8,-12436,   Optimal,   Proved,0.937211,/home/utr_lefebvre/adr4mip//data/s039.kp
DMc,8,-13069.4,   Optimal,   Proved,28.8225,/home/utr_lefebvre/adr4mip//data/s039.kp
OPT,3,-17110,   Optimal,   Proved,698.437,/home/utr_lefebvre/adr4mip//data/s095.kp
DMi,3,-16064,   Optimal,   Proved,0.951724,/home/utr_lefebvre/adr4mip//data/s095.kp
DMc,3,-16144.3,   Optimal,   Proved,8.23296,/home/utr_lefebvre/adr4mip//data/s095.kp
OPT,5,-15681,   Optimal,   Proved,669.787,/home/utr_lefebvre/adr4mip//data/s067.kp
DMi,5,-14882,   Optimal,   Proved,0.770928,/home/utr_lefebvre/adr4mip//data/s067.kp
DMc,5,-15017.5,   Optimal,   Proved,14.8624,/home/utr_lefebvre/adr4mip//data/s067.kp
OPT,8,-15304,  Feasible,TimeLimit,3633.86,/home/utr_lefebvre/adr4mip//data/s054.kp
DMi,8,-13436,   Optimal,   Proved,0.862615,/home/utr_lefebvre/adr4mip//data/s054.kp
DMc,8,-13706.9,   Optimal,   Proved,18.4872,/home/utr_lefebvre/adr4mip//data/s054.kp
OPT,5,-17886,   Optimal,   Proved,1738.39,/home/utr_lefebvre/adr4mip//data/s068.kp
DMi,5,-16428,   Optimal,   Proved,0.848485,/home/utr_lefebvre/adr4mip//data/s068.kp
DMc,5,-16753.9,   Optimal,   Proved,14.9082,/home/utr_lefebvre/adr4mip//data/s068.kp
OPT,8,-13471,  Feasible,TimeLimit,3605.55,/home/utr_lefebvre/adr4mip//data/s019.kp
DMi,8,-11298,   Optimal,   Proved,0.818478,/home/utr_lefebvre/adr4mip//data/s019.kp
DMc,8,-11913.5,   Optimal,   Proved,32.1235,/home/utr_lefebvre/adr4mip//data/s019.kp
OPT,8,-16667,  Feasible,TimeLimit,3602.9,/home/utr_lefebvre/adr4mip//data/s050.kp
DMi,8,-14688,   Optimal,   Proved,1.04578,/home/utr_lefebvre/adr4mip//data/s050.kp
DMc,8,-15377.4,   Optimal,   Proved,29.8078,/home/utr_lefebvre/adr4mip//data/s050.kp
OPT,8,-17072,  Feasible,TimeLimit,3606.37,/home/utr_lefebvre/adr4mip//data/s059.kp
DMi,8,-14627,   Optimal,   Proved,0.985166,/home/utr_lefebvre/adr4mip//data/s059.kp
DMc,8,-15161.4,   Optimal,   Proved,20.0764,/home/utr_lefebvre/adr4mip//data/s059.kp
OPT,5,-15291,   Optimal,   Proved,899.185,/home/utr_lefebvre/adr4mip//data/s042.kp
DMi,5,-14339,   Optimal,   Proved,0.833503,/home/utr_lefebvre/adr4mip//data/s042.kp
DMc,5,-14527.4,   Optimal,   Proved,9.2684,/home/utr_lefebvre/adr4mip//data/s042.kp
OPT,3,-14645,   Optimal,   Proved,105.896,/home/utr_lefebvre/adr4mip//data/s048.kp
DMi,3,-14290,   Optimal,   Proved,0.017204,/home/utr_lefebvre/adr4mip//data/s048.kp
DMc,3,-14334.5,   Optimal,   Proved,2.51703,/home/utr_lefebvre/adr4mip//data/s048.kp
OPT,3,-16802,   Optimal,   Proved,54.5423,/home/utr_lefebvre/adr4mip//data/s025.kp
DMi,3,-16184,   Optimal,   Proved,0.879858,/home/utr_lefebvre/adr4mip//data/s025.kp
DMc,3,-16287.5,   Optimal,   Proved,6.72693,/home/utr_lefebvre/adr4mip//data/s025.kp
OPT,5,-15470,   Optimal,   Proved,709.805,/home/utr_lefebvre/adr4mip//data/s083.kp
DMi,5,-14791,   Optimal,   Proved,0.840557,/home/utr_lefebvre/adr4mip//data/s083.kp
DMc,5,-14868.1,   Optimal,   Proved,10.6738,/home/utr_lefebvre/adr4mip//data/s083.kp
OPT,8,-16076,  Feasible,TimeLimit,3625.87,/home/utr_lefebvre/adr4mip//data/s030.kp
DMi,8,-12570,   Optimal,   Proved,0.068936,/home/utr_lefebvre/adr4mip//data/s030.kp
DMc,8,-13485.4,   Optimal,   Proved,47.3561,/home/utr_lefebvre/adr4mip//data/s030.kp
OPT,5,-14201,   Optimal,   Proved,1039.38,/home/utr_lefebvre/adr4mip//data/s079.kp
DMi,5,-13229,   Optimal,   Proved,0.844334,/home/utr_lefebvre/adr4mip//data/s079.kp
DMc,5,-13311.3,   Optimal,   Proved,9.93185,/home/utr_lefebvre/adr4mip//data/s079.kp
OPT,5,-15701,   Optimal,   Proved,1743.84,/home/utr_lefebvre/adr4mip//data/s016.kp
DMi,5,-14539,   Optimal,   Proved,0.025202,/home/utr_lefebvre/adr4mip//data/s016.kp
DMc,5,-14794.7,   Optimal,   Proved,16.6469,/home/utr_lefebvre/adr4mip//data/s016.kp
OPT,5,-15574,   Optimal,   Proved,1678.12,/home/utr_lefebvre/adr4mip//data/s064.kp
DMi,5,-14891,   Optimal,   Proved,0.806513,/home/utr_lefebvre/adr4mip//data/s064.kp
DMc,5,-15018.1,   Optimal,   Proved,14.8695,/home/utr_lefebvre/adr4mip//data/s064.kp
OPT,5,-13995,   Optimal,   Proved,1591.16,/home/utr_lefebvre/adr4mip//data/s007.kp
DMi,5,-12276,   Optimal,   Proved,0.821129,/home/utr_lefebvre/adr4mip//data/s007.kp
DMc,5,-12798.8,   Optimal,   Proved,18.297,/home/utr_lefebvre/adr4mip//data/s007.kp
OPT,3,-15093,   Optimal,   Proved,258.421,/home/utr_lefebvre/adr4mip//data/s028.kp
DMi,3,-14445,   Optimal,   Proved,0.015331,/home/utr_lefebvre/adr4mip//data/s028.kp
DMc,3,-14500.3,   Optimal,   Proved,4.95138,/home/utr_lefebvre/adr4mip//data/s028.kp
OPT,8,-15839,   Optimal,   Proved,2502.08,/home/utr_lefebvre/adr4mip//data/s070.kp
DMi,8,-14848,   Optimal,   Proved,0.908576,/home/utr_lefebvre/adr4mip//data/s070.kp
DMc,8,-15087,   Optimal,   Proved,22.3811,/home/utr_lefebvre/adr4mip//data/s070.kp
OPT,5,-16097,   Optimal,   Proved,674.226,/home/utr_lefebvre/adr4mip//data/s088.kp
DMi,5,-15211,   Optimal,   Proved,0.934494,/home/utr_lefebvre/adr4mip//data/s088.kp
DMc,5,-15335.5,   Optimal,   Proved,11.5942,/home/utr_lefebvre/adr4mip//data/s088.kp
OPT,5,-16278,   Optimal,   Proved,392.929,/home/utr_lefebvre/adr4mip//data/s011.kp
DMi,5,-15460,   Optimal,   Proved,0.817608,/home/utr_lefebvre/adr4mip//data/s011.kp
DMc,5,-15674.3,   Optimal,   Proved,14.8664,/home/utr_lefebvre/adr4mip//data/s011.kp
OPT,8,-16543,  Feasible,TimeLimit,3621.17,/home/utr_lefebvre/adr4mip//data/s024.kp
DMi,8,-14496,   Optimal,   Proved,0.852447,/home/utr_lefebvre/adr4mip//data/s024.kp
DMc,8,-14889.4,   Optimal,   Proved,31.4562,/home/utr_lefebvre/adr4mip//data/s024.kp
OPT,3,-17309,   Optimal,   Proved,100.548,/home/utr_lefebvre/adr4mip//data/s073.kp
DMi,3,-16927,   Optimal,   Proved,0.832178,/home/utr_lefebvre/adr4mip//data/s073.kp
DMc,3,-16973.9,   Optimal,   Proved,1.68573,/home/utr_lefebvre/adr4mip//data/s073.kp
OPT,3,-15480,   Optimal,   Proved,100.515,/home/utr_lefebvre/adr4mip//data/s038.kp
DMi,3,-14865,   Optimal,   Proved,0.871045,/home/utr_lefebvre/adr4mip//data/s038.kp
DMc,3,-14993.7,   Optimal,   Proved,8.2889,/home/utr_lefebvre/adr4mip//data/s038.kp
OPT,3,-18054,   Optimal,   Proved,30.2582,/home/utr_lefebvre/adr4mip//data/s098.kp
DMi,3,-17722,   Optimal,   Proved,0.842083,/home/utr_lefebvre/adr4mip//data/s098.kp
DMc,3,-17783.1,   Optimal,   Proved,5.8528,/home/utr_lefebvre/adr4mip//data/s098.kp
OPT,8,-14455,  Feasible,TimeLimit,3610.83,/home/utr_lefebvre/adr4mip//data/s001.kp
DMi,8,-12572,   Optimal,   Proved,0.024306,/home/utr_lefebvre/adr4mip//data/s001.kp
DMc,8,-12908.2,   Optimal,   Proved,26.4739,/home/utr_lefebvre/adr4mip//data/s001.kp
OPT,3,-18498,   Optimal,   Proved,120.058,/home/utr_lefebvre/adr4mip//data/s043.kp
DMi,3,-18026,   Optimal,   Proved,0.860094,/home/utr_lefebvre/adr4mip//data/s043.kp
DMc,3,-18137.1,   Optimal,   Proved,7.46853,/home/utr_lefebvre/adr4mip//data/s043.kp
OPT,8,-13472,   Optimal,   Proved,3263.03,/home/utr_lefebvre/adr4mip//data/s080.kp
DMi,8,-11675,   Optimal,   Proved,0.031815,/home/utr_lefebvre/adr4mip//data/s080.kp
DMc,8,-12158.5,   Optimal,   Proved,20.7431,/home/utr_lefebvre/adr4mip//data/s080.kp
OPT,5,-17602,   Optimal,   Proved,1075.95,/home/utr_lefebvre/adr4mip//data/s087.kp
DMi,5,-16777,   Optimal,   Proved,0.846675,/home/utr_lefebvre/adr4mip//data/s087.kp
DMc,5,-16850.5,   Optimal,   Proved,11.6906,/home/utr_lefebvre/adr4mip//data/s087.kp
OPT,3,-19453,   Optimal,   Proved,161.375,/home/utr_lefebvre/adr4mip//data/s026.kp
DMi,3,-19209,   Optimal,   Proved,0.908306,/home/utr_lefebvre/adr4mip//data/s026.kp
DMc,3,-19219.2,   Optimal,   Proved,5.77301,/home/utr_lefebvre/adr4mip//data/s026.kp
OPT,8,-16417,  Feasible,TimeLimit,3612.59,/home/utr_lefebvre/adr4mip//data/s089.kp
DMi,8,-15101,   Optimal,   Proved,0.873359,/home/utr_lefebvre/adr4mip//data/s089.kp
DMc,8,-15488.6,   Optimal,   Proved,23.4594,/home/utr_lefebvre/adr4mip//data/s089.kp
OPT,3,-17602,   Optimal,   Proved,100.926,/home/utr_lefebvre/adr4mip//data/s010.kp
DMi,3,-17217,   Optimal,   Proved,0.849862,/home/utr_lefebvre/adr4mip//data/s010.kp
DMc,3,-17239,   Optimal,   Proved,4.12685,/home/utr_lefebvre/adr4mip//data/s010.kp
OPT,8,-13764,  Feasible,TimeLimit,3635.68,/home/utr_lefebvre/adr4mip//data/s064.kp
DMi,8,-12426,   Optimal,   Proved,0.821365,/home/utr_lefebvre/adr4mip//data/s064.kp
DMc,8,-12646,   Optimal,   Proved,25.6229,/home/utr_lefebvre/adr4mip//data/s064.kp
OPT,5,-15993,  Feasible,TimeLimit,3654.32,/home/utr_lefebvre/adr4mip//data/s095.kp
DMi,5,-14227,   Optimal,   Proved,0.812127,/home/utr_lefebvre/adr4mip//data/s095.kp
DMc,5,-14580.4,   Optimal,   Proved,15.7238,/home/utr_lefebvre/adr4mip//data/s095.kp
OPT,5,-15273,   Optimal,   Proved,1282.72,/home/utr_lefebvre/adr4mip//data/s069.kp
DMi,5,-14129,   Optimal,   Proved,0.945991,/home/utr_lefebvre/adr4mip//data/s069.kp
DMc,5,-14320.8,   Optimal,   Proved,18.2728,/home/utr_lefebvre/adr4mip//data/s069.kp
OPT,8,-13507,   Optimal,   Proved,3279.92,/home/utr_lefebvre/adr4mip//data/s060.kp
DMi,8,-11609,   Optimal,   Proved,1.05565,/home/utr_lefebvre/adr4mip//data/s060.kp
DMc,8,-12137.1,   Optimal,   Proved,35.6479,/home/utr_lefebvre/adr4mip//data/s060.kp
OPT,8,-14195,  Feasible,TimeLimit,3643.38,/home/utr_lefebvre/adr4mip//data/s078.kp
DMi,8,-12484,   Optimal,   Proved,0.919706,/home/utr_lefebvre/adr4mip//data/s078.kp
DMc,8,-12890.1,   Optimal,   Proved,29.7236,/home/utr_lefebvre/adr4mip//data/s078.kp
OPT,3,-16788,   Optimal,   Proved,99.8342,/home/utr_lefebvre/adr4mip//data/s014.kp
DMi,3,-16121,   Optimal,   Proved,0.874187,/home/utr_lefebvre/adr4mip//data/s014.kp
DMc,3,-16230,   Optimal,   Proved,8.28422,/home/utr_lefebvre/adr4mip//data/s014.kp
OPT,5,-16008,   Optimal,   Proved,1302.21,/home/utr_lefebvre/adr4mip//data/s001.kp
DMi,5,-15118,   Optimal,   Proved,0.061053,/home/utr_lefebvre/adr4mip//data/s001.kp
DMc,5,-15310.2,   Optimal,   Proved,14.1087,/home/utr_lefebvre/adr4mip//data/s001.kp
OPT,8,-16846,  Feasible,TimeLimit,3652.64,/home/utr_lefebvre/adr4mip//data/s051.kp
DMi,8,-13272,   Optimal,   Proved,0.879805,/home/utr_lefebvre/adr4mip//data/s051.kp
DMc,8,-14147.8,   Optimal,   Proved,38.3188,/home/utr_lefebvre/adr4mip//data/s051.kp
OPT,8,-13331,  Feasible,TimeLimit,3609.22,/home/utr_lefebvre/adr4mip//data/s023.kp
DMi,8,-11509,   Optimal,   Proved,0.824209,/home/utr_lefebvre/adr4mip//data/s023.kp
DMc,8,-11992.1,   Optimal,   Proved,23.1499,/home/utr_lefebvre/adr4mip//data/s023.kp
OPT,3,-16221,   Optimal,   Proved,147.692,/home/utr_lefebvre/adr4mip//data/s023.kp
DMi,3,-15583,   Optimal,   Proved,0.833733,/home/utr_lefebvre/adr4mip//data/s023.kp
DMc,3,-15640.4,   Optimal,   Proved,4.97086,/home/utr_lefebvre/adr4mip//data/s023.kp
OPT,5,-16413,   Optimal,   Proved,2183.35,/home/utr_lefebvre/adr4mip//data/s047.kp
DMi,5,-14584,   Optimal,   Proved,0.85746,/home/utr_lefebvre/adr4mip//data/s047.kp
DMc,5,-15107.8,   Optimal,   Proved,17.4254,/home/utr_lefebvre/adr4mip//data/s047.kp
OPT,8,-15604,  Feasible,TimeLimit,3603.49,/home/utr_lefebvre/adr4mip//data/s043.kp
DMi,8,-13728,   Optimal,   Proved,0.950811,/home/utr_lefebvre/adr4mip//data/s043.kp
DMc,8,-14103.2,   Optimal,   Proved,27.4735,/home/utr_lefebvre/adr4mip//data/s043.kp
OPT,3,-18340,   Optimal,   Proved,36.3096,/home/utr_lefebvre/adr4mip//data/s045.kp
DMi,3,-17909,   Optimal,   Proved,0.826445,/home/utr_lefebvre/adr4mip//data/s045.kp
DMc,3,-17957.8,   Optimal,   Proved,8.33969,/home/utr_lefebvre/adr4mip//data/s045.kp
OPT,5,-16084,   Optimal,   Proved,456.539,/home/utr_lefebvre/adr4mip//data/s090.kp
DMi,5,-15298,   Optimal,   Proved,0.895149,/home/utr_lefebvre/adr4mip//data/s090.kp
DMc,5,-15444.5,   Optimal,   Proved,10.0266,/home/utr_lefebvre/adr4mip//data/s090.kp
OPT,5,-16162,   Optimal,   Proved,2184.73,/home/utr_lefebvre/adr4mip//data/s018.kp
DMi,5,-14459,   Optimal,   Proved,0.868217,/home/utr_lefebvre/adr4mip//data/s018.kp
DMc,5,-14930.4,   Optimal,   Proved,21.4845,/home/utr_lefebvre/adr4mip//data/s018.kp
OPT,8,-13979,  Feasible,TimeLimit,3619.09,/home/utr_lefebvre/adr4mip//data/s052.kp
DMi,8,-12366,   Optimal,   Proved,0.846877,/home/utr_lefebvre/adr4mip//data/s052.kp
DMc,8,-12705.8,   Optimal,   Proved,23.3323,/home/utr_lefebvre/adr4mip//data/s052.kp
OPT,8,-12363,  Feasible,TimeLimit,3604.83,/home/utr_lefebvre/adr4mip//data/s079.kp
DMi,8,-10574,   Optimal,   Proved,0.841352,/home/utr_lefebvre/adr4mip//data/s079.kp
DMc,8,-10975.5,   Optimal,   Proved,23.0996,/home/utr_lefebvre/adr4mip//data/s079.kp
OPT,5,-16141,   Optimal,   Proved,428.48,/home/utr_lefebvre/adr4mip//data/s010.kp
DMi,5,-15322,   Optimal,   Proved,0.807241,/home/utr_lefebvre/adr4mip//data/s010.kp
DMc,5,-15487.6,   Optimal,   Proved,12.362,/home/utr_lefebvre/adr4mip//data/s010.kp
OPT,8,-15741,  Feasible,TimeLimit,3617.16,/home/utr_lefebvre/adr4mip//data/s005.kp
DMi,8,-12285,   Optimal,   Proved,1.88355,/home/utr_lefebvre/adr4mip//data/s005.kp
DMc,8,-13745.7,   Optimal,   Proved,40.4722,/home/utr_lefebvre/adr4mip//data/s005.kp
OPT,5,-16900,   Optimal,   Proved,752.208,/home/utr_lefebvre/adr4mip//data/s004.kp
DMi,5,-16388,   Optimal,   Proved,0.920585,/home/utr_lefebvre/adr4mip//data/s004.kp
DMc,5,-16472.7,   Optimal,   Proved,10.958,/home/utr_lefebvre/adr4mip//data/s004.kp
OPT,8,-14748,  Feasible,TimeLimit,3626.18,/home/utr_lefebvre/adr4mip//data/s085.kp
DMi,8,-12274,   Optimal,   Proved,0.833108,/home/utr_lefebvre/adr4mip//data/s085.kp
DMc,8,-12959.3,   Optimal,   Proved,31.5268,/home/utr_lefebvre/adr4mip//data/s085.kp
OPT,5,-17031,   Optimal,   Proved,596.89,/home/utr_lefebvre/adr4mip//data/s043.kp
DMi,5,-16281,   Optimal,   Proved,0.875223,/home/utr_lefebvre/adr4mip//data/s043.kp
DMc,5,-16444.4,   Optimal,   Proved,13.3634,/home/utr_lefebvre/adr4mip//data/s043.kp
OPT,5,-15059,   Optimal,   Proved,615.061,/home/utr_lefebvre/adr4mip//data/s060.kp
DMi,5,-14073,   Optimal,   Proved,0.951468,/home/utr_lefebvre/adr4mip//data/s060.kp
DMc,5,-14275.2,   Optimal,   Proved,20.6627,/home/utr_lefebvre/adr4mip//data/s060.kp
OPT,5,-16984,   Optimal,   Proved,613.699,/home/utr_lefebvre/adr4mip//data/s037.kp
DMi,5,-15906,   Optimal,   Proved,0.02905,/home/utr_lefebvre/adr4mip//data/s037.kp
DMc,5,-16088.3,   Optimal,   Proved,11.6531,/home/utr_lefebvre/adr4mip//data/s037.kp
OPT,3,-14945,   Optimal,   Proved,135.277,/home/utr_lefebvre/adr4mip//data/s071.kp
DMi,3,-14036,   Optimal,   Proved,0.821802,/home/utr_lefebvre/adr4mip//data/s071.kp
DMc,3,-14180.2,   Optimal,   Proved,4.17972,/home/utr_lefebvre/adr4mip//data/s071.kp
OPT,3,-17427,   Optimal,   Proved,345.063,/home/utr_lefebvre/adr4mip//data/s052.kp
DMi,3,-16905,   Optimal,   Proved,0.804682,/home/utr_lefebvre/adr4mip//data/s052.kp
DMc,3,-16946.8,   Optimal,   Proved,6.60529,/home/utr_lefebvre/adr4mip//data/s052.kp
OPT,5,-16521,   Optimal,   Proved,720.848,/home/utr_lefebvre/adr4mip//data/s033.kp
DMi,5,-15186,   Optimal,   Proved,0.808164,/home/utr_lefebvre/adr4mip//data/s033.kp
DMc,5,-15477.1,   Optimal,   Proved,12.4589,/home/utr_lefebvre/adr4mip//data/s033.kp
OPT,8,-14165,  Feasible,TimeLimit,3608.44,/home/utr_lefebvre/adr4mip//data/s062.kp
DMi,8,-12469,   Optimal,   Proved,0.840435,/home/utr_lefebvre/adr4mip//data/s062.kp
DMc,8,-12727.7,   Optimal,   Proved,24.8943,/home/utr_lefebvre/adr4mip//data/s062.kp
OPT,5,-18560,   Optimal,   Proved,3269.93,/home/utr_lefebvre/adr4mip//data/s059.kp
DMi,5,-17268,   Optimal,   Proved,0.859771,/home/utr_lefebvre/adr4mip//data/s059.kp
DMc,5,-17503.4,   Optimal,   Proved,17.4346,/home/utr_lefebvre/adr4mip//data/s059.kp
OPT,3,-20393,   Optimal,   Proved,240.805,/home/utr_lefebvre/adr4mip//data/s017.kp
DMi,3,-20032,   Optimal,   Proved,0.848827,/home/utr_lefebvre/adr4mip//data/s017.kp
DMc,3,-20074.9,   Optimal,   Proved,4.2366,/home/utr_lefebvre/adr4mip//data/s017.kp
OPT,8,-14387,   Optimal,   Proved,2463.85,/home/utr_lefebvre/adr4mip//data/s011.kp
DMi,8,-12840,   Optimal,   Proved,0.824664,/home/utr_lefebvre/adr4mip//data/s011.kp
DMc,8,-13233.6,   Optimal,   Proved,20.784,/home/utr_lefebvre/adr4mip//data/s011.kp
OPT,8,-16557,  Feasible,TimeLimit,3640.71,/home/utr_lefebvre/adr4mip//data/s015.kp
DMi,8,-14687,   Optimal,   Proved,0.869607,/home/utr_lefebvre/adr4mip//data/s015.kp
DMc,8,-15001.9,   Optimal,   Proved,23.9847,/home/utr_lefebvre/adr4mip//data/s015.kp
OPT,3,-18001,   Optimal,   Proved,66.0821,/home/utr_lefebvre/adr4mip//data/s099.kp
DMi,3,-17735,   Optimal,   Proved,0.016222,/home/utr_lefebvre/adr4mip//data/s099.kp
DMc,3,-17776.6,   Optimal,   Proved,4.98106,/home/utr_lefebvre/adr4mip//data/s099.kp
OPT,5,-16664,   Optimal,   Proved,1070.94,/home/utr_lefebvre/adr4mip//data/s093.kp
DMi,5,-15775,   Optimal,   Proved,0.840127,/home/utr_lefebvre/adr4mip//data/s093.kp
DMc,5,-15828.5,   Optimal,   Proved,12.4783,/home/utr_lefebvre/adr4mip//data/s093.kp
OPT,3,-17154,   Optimal,   Proved,133.63,/home/utr_lefebvre/adr4mip//data/s018.kp
DMi,3,-16199,   Optimal,   Proved,0.933825,/home/utr_lefebvre/adr4mip//data/s018.kp
DMc,3,-16356.7,   Optimal,   Proved,9.12992,/home/utr_lefebvre/adr4mip//data/s018.kp
OPT,3,-16300,   Optimal,   Proved,130.375,/home/utr_lefebvre/adr4mip//data/s060.kp
DMi,3,-15830,   Optimal,   Proved,0.833882,/home/utr_lefebvre/adr4mip//data/s060.kp
DMc,3,-15901.4,   Optimal,   Proved,9.04136,/home/utr_lefebvre/adr4mip//data/s060.kp
OPT,5,-17164,   Optimal,   Proved,1070.65,/home/utr_lefebvre/adr4mip//data/s096.kp
DMi,5,-15793,   Optimal,   Proved,0.816157,/home/utr_lefebvre/adr4mip//data/s096.kp
DMc,5,-16141.9,   Optimal,   Proved,19.0384,/home/utr_lefebvre/adr4mip//data/s096.kp
OPT,8,-11366,   Optimal,   Proved,3554.86,/home/utr_lefebvre/adr4mip//data/s048.kp
DMi,8,-10124,   Optimal,   Proved,0.01844,/home/utr_lefebvre/adr4mip//data/s048.kp
DMc,8,-10397.1,   Optimal,   Proved,17.4852,/home/utr_lefebvre/adr4mip//data/s048.kp
OPT,8,-16284,  Feasible,TimeLimit,3650.89,/home/utr_lefebvre/adr4mip//data/s036.kp
DMi,8,-14124,   Optimal,   Proved,0.891055,/home/utr_lefebvre/adr4mip//data/s036.kp
DMc,8,-14574.7,   Optimal,   Proved,28.923,/home/utr_lefebvre/adr4mip//data/s036.kp
OPT,3,-17360,   Optimal,   Proved,127.032,/home/utr_lefebvre/adr4mip//data/s039.kp
DMi,3,-16746,   Optimal,   Proved,0.808965,/home/utr_lefebvre/adr4mip//data/s039.kp
DMc,3,-16831.6,   Optimal,   Proved,5.81885,/home/utr_lefebvre/adr4mip//data/s039.kp
OPT,5,-14384,   Optimal,   Proved,624.8,/home/utr_lefebvre/adr4mip//data/s061.kp
DMi,5,-13024,   Optimal,   Proved,0.819908,/home/utr_lefebvre/adr4mip//data/s061.kp
DMc,5,-13374.9,   Optimal,   Proved,16.4866,/home/utr_lefebvre/adr4mip//data/s061.kp
OPT,8,-13192,   Optimal,   Proved,3329.78,/home/utr_lefebvre/adr4mip//data/s075.kp
DMi,8,-11993,   Optimal,   Proved,0.813145,/home/utr_lefebvre/adr4mip//data/s075.kp
DMc,8,-12252.5,   Optimal,   Proved,22.2362,/home/utr_lefebvre/adr4mip//data/s075.kp
OPT,5,-18368,   Optimal,   Proved,1493.1,/home/utr_lefebvre/adr4mip//data/s022.kp
DMi,5,-17438,   Optimal,   Proved,0.854007,/home/utr_lefebvre/adr4mip//data/s022.kp
DMc,5,-17497.1,   Optimal,   Proved,13.2484,/home/utr_lefebvre/adr4mip//data/s022.kp
OPT,3,-17479,   Optimal,   Proved,54.4797,/home/utr_lefebvre/adr4mip//data/s090.kp
DMi,3,-17115,   Optimal,   Proved,0.851689,/home/utr_lefebvre/adr4mip//data/s090.kp
DMc,3,-17143.5,   Optimal,   Proved,6.62798,/home/utr_lefebvre/adr4mip//data/s090.kp
OPT,3,-19074,   Optimal,   Proved,176.93,/home/utr_lefebvre/adr4mip//data/s006.kp
DMi,3,-18472,   Optimal,   Proved,0.838305,/home/utr_lefebvre/adr4mip//data/s006.kp
DMc,3,-18625.9,   Optimal,   Proved,7.41125,/home/utr_lefebvre/adr4mip//data/s006.kp
OPT,3,-16681,   Optimal,   Proved,110.229,/home/utr_lefebvre/adr4mip//data/s097.kp
DMi,3,-16309,   Optimal,   Proved,0.834479,/home/utr_lefebvre/adr4mip//data/s097.kp
DMc,3,-16363.7,   Optimal,   Proved,4.20145,/home/utr_lefebvre/adr4mip//data/s097.kp
OPT,5,-16185,   Optimal,   Proved,1197.52,/home/utr_lefebvre/adr4mip//data/s085.kp
DMi,5,-14872,   Optimal,   Proved,0.911591,/home/utr_lefebvre/adr4mip//data/s085.kp
DMc,5,-15052.5,   Optimal,   Proved,16.5527,/home/utr_lefebvre/adr4mip//data/s085.kp
OPT,8,-15082,   Optimal,   Proved,1016.14,/home/utr_lefebvre/adr4mip//data/s034.kp
DMi,8,-13739,   Optimal,   Proved,0.852041,/home/utr_lefebvre/adr4mip//data/s034.kp
DMc,8,-13931.8,   Optimal,   Proved,21.52,/home/utr_lefebvre/adr4mip//data/s034.kp
OPT,5,-17731,   Optimal,   Proved,706.086,/home/utr_lefebvre/adr4mip//data/s026.kp
DMi,5,-17298,   Optimal,   Proved,0.853458,/home/utr_lefebvre/adr4mip//data/s026.kp
DMc,5,-17349.6,   Optimal,   Proved,12.4314,/home/utr_lefebvre/adr4mip//data/s026.kp
OPT,5,-13834,   Optimal,   Proved,1511.72,/home/utr_lefebvre/adr4mip//data/s028.kp
DMi,5,-12630,   Optimal,   Proved,0.834582,/home/utr_lefebvre/adr4mip//data/s028.kp
DMc,5,-12784,   Optimal,   Proved,13.1743,/home/utr_lefebvre/adr4mip//data/s028.kp
OPT,3,-15952,   Optimal,   Proved,32.5601,/home/utr_lefebvre/adr4mip//data/s056.kp
DMi,3,-15371,   Optimal,   Proved,0.81123,/home/utr_lefebvre/adr4mip//data/s056.kp
DMc,3,-15484.3,   Optimal,   Proved,4.96728,/home/utr_lefebvre/adr4mip//data/s056.kp
OPT,3,-17615,   Optimal,   Proved,171.991,/home/utr_lefebvre/adr4mip//data/s088.kp
DMi,3,-17140,   Optimal,   Proved,0.821514,/home/utr_lefebvre/adr4mip//data/s088.kp
DMc,3,-17151.2,   Optimal,   Proved,7.45861,/home/utr_lefebvre/adr4mip//data/s088.kp
OPT,8,-16329,  Feasible,TimeLimit,3622.76,/home/utr_lefebvre/adr4mip//data/s006.kp
DMi,8,-14283,   Optimal,   Proved,0.804518,/home/utr_lefebvre/adr4mip//data/s006.kp
DMc,8,-14686.1,   Optimal,   Proved,37.1585,/home/utr_lefebvre/adr4mip//data/s006.kp
OPT,3,-17930,   Optimal,   Proved,213.273,/home/utr_lefebvre/adr4mip//data/s072.kp
DMi,3,-17272,   Optimal,   Proved,0.826101,/home/utr_lefebvre/adr4mip//data/s072.kp
DMc,3,-17365.4,   Optimal,   Proved,3.41947,/home/utr_lefebvre/adr4mip//data/s072.kp
OPT,8,-15546,   Optimal,   Proved,2255.18,/home/utr_lefebvre/adr4mip//data/s026.kp
DMi,8,-14539,   Optimal,   Proved,0.937069,/home/utr_lefebvre/adr4mip//data/s026.kp
DMc,8,-14816.2,   Optimal,   Proved,26.7271,/home/utr_lefebvre/adr4mip//data/s026.kp
OPT,8,-13611,  Feasible,TimeLimit,3606.38,/home/utr_lefebvre/adr4mip//data/s042.kp
DMi,8,-11891,   Optimal,   Proved,0.023634,/home/utr_lefebvre/adr4mip//data/s042.kp
DMc,8,-12311.6,   Optimal,   Proved,20.8186,/home/utr_lefebvre/adr4mip//data/s042.kp
OPT,8,-15391,  Feasible,TimeLimit,3636.87,/home/utr_lefebvre/adr4mip//data/s003.kp
DMi,8,-12437,   Optimal,   Proved,0.907981,/home/utr_lefebvre/adr4mip//data/s003.kp
DMc,8,-13346.6,   Optimal,   Proved,48.162,/home/utr_lefebvre/adr4mip//data/s003.kp
OPT,3,-20311,   Optimal,   Proved,214.563,/home/utr_lefebvre/adr4mip//data/s089.kp
DMi,3,-19798,   Optimal,   Proved,0.906579,/home/utr_lefebvre/adr4mip//data/s089.kp
DMc,3,-19846.8,   Optimal,   Proved,6.72248,/home/utr_lefebvre/adr4mip//data/s089.kp
OPT,8,-15093,  Feasible,TimeLimit,3620.96,/home/utr_lefebvre/adr4mip//data/s077.kp
DMi,8,-13897,   Optimal,   Proved,0.853255,/home/utr_lefebvre/adr4mip//data/s077.kp
DMc,8,-14222.7,   Optimal,   Proved,23.5642,/home/utr_lefebvre/adr4mip//data/s077.kp
OPT,8,-13896,  Feasible,TimeLimit,3652.74,/home/utr_lefebvre/adr4mip//data/s084.kp
DMi,8,-11278,   Optimal,   Proved,0.037326,/home/utr_lefebvre/adr4mip//data/s084.kp
DMc,8,-11994.5,   Optimal,   Proved,35.6775,/home/utr_lefebvre/adr4mip//data/s084.kp
OPT,8,-13367,   Optimal,   Proved,950.056,/home/utr_lefebvre/adr4mip//data/s020.kp
DMi,8,-11668,   Optimal,   Proved,0.874862,/home/utr_lefebvre/adr4mip//data/s020.kp
DMc,8,-12397.6,   Optimal,   Proved,21.5576,/home/utr_lefebvre/adr4mip//data/s020.kp
OPT,8,-14070,  Feasible,TimeLimit,3600.4,/home/utr_lefebvre/adr4mip//data/s082.kp
DMi,8,-11807,   Optimal,   Proved,0.921689,/home/utr_lefebvre/adr4mip//data/s082.kp
DMc,8,-12269.3,   Optimal,   Proved,24.1663,/home/utr_lefebvre/adr4mip//data/s082.kp
OPT,3,-17021,   Optimal,   Proved,263.395,/home/utr_lefebvre/adr4mip//data/s016.kp
DMi,3,-16352,   Optimal,   Proved,0.015011,/home/utr_lefebvre/adr4mip//data/s016.kp
DMc,3,-16417.9,   Optimal,   Proved,6.61545,/home/utr_lefebvre/adr4mip//data/s016.kp
OPT,5,-17702,   Optimal,   Proved,2302.46,/home/utr_lefebvre/adr4mip//data/s027.kp
DMi,5,-16589,   Optimal,   Proved,0.85316,/home/utr_lefebvre/adr4mip//data/s027.kp
DMc,5,-16738.6,   Optimal,   Proved,11.5979,/home/utr_lefebvre/adr4mip//data/s027.kp
OPT,5,-17948,   Optimal,   Proved,3119.18,/home/utr_lefebvre/adr4mip//data/s092.kp
DMi,5,-16164,   Optimal,   Proved,0.811791,/home/utr_lefebvre/adr4mip//data/s092.kp
DMc,5,-16483.3,   Optimal,   Proved,20.6883,/home/utr_lefebvre/adr4mip//data/s092.kp
OPT,3,-15457,   Optimal,   Proved,77.9288,/home/utr_lefebvre/adr4mip//data/s058.kp
DMi,3,-14592,   Optimal,   Proved,0.958498,/home/utr_lefebvre/adr4mip//data/s058.kp
DMc,3,-14728.8,   Optimal,   Proved,12.3901,/home/utr_lefebvre/adr4mip//data/s058.kp
OPT,3,-16043,   Optimal,   Proved,117.756,/home/utr_lefebvre/adr4mip//data/s019.kp
DMi,3,-15315,   Optimal,   Proved,0.833262,/home/utr_lefebvre/adr4mip//data/s019.kp
DMc,3,-15499.7,   Optimal,   Proved,7.38474,/home/utr_lefebvre/adr4mip//data/s019.kp
OPT,5,-16037,   Optimal,   Proved,805.355,/home/utr_lefebvre/adr4mip//data/s062.kp
DMi,5,-15239,   Optimal,   Proved,0.838992,/home/utr_lefebvre/adr4mip//data/s062.kp
DMc,5,-15303.1,   Optimal,   Proved,9.95191,/home/utr_lefebvre/adr4mip//data/s062.kp
OPT,3,-19778,   Optimal,   Proved,176.38,/home/utr_lefebvre/adr4mip//data/s059.kp
DMi,3,-19147,   Optimal,   Proved,0.83737,/home/utr_lefebvre/adr4mip//data/s059.kp
DMc,3,-19204,   Optimal,   Proved,7.43582,/home/utr_lefebvre/adr4mip//data/s059.kp
OPT,8,-13252,   Optimal,   Proved,3575.56,/home/utr_lefebvre/adr4mip//data/s044.kp
DMi,8,-11148,   Optimal,   Proved,0.90644,/home/utr_lefebvre/adr4mip//data/s044.kp
DMc,8,-11801.5,   Optimal,   Proved,26.5599,/home/utr_lefebvre/adr4mip//data/s044.kp
OPT,5,-15099,   Optimal,   Proved,310.481,/home/utr_lefebvre/adr4mip//data/s012.kp
DMi,5,-13955,   Optimal,   Proved,0.863615,/home/utr_lefebvre/adr4mip//data/s012.kp
DMc,5,-14196.6,   Optimal,   Proved,14.0305,/home/utr_lefebvre/adr4mip//data/s012.kp
OPT,3,-17078,   Optimal,   Proved,102.517,/home/utr_lefebvre/adr4mip//data/s046.kp
DMi,3,-16709,   Optimal,   Proved,0.831303,/home/utr_lefebvre/adr4mip//data/s046.kp
DMc,3,-16747.7,   Optimal,   Proved,4.19021,/home/utr_lefebvre/adr4mip//data/s046.kp
OPT,3,-17200,   Optimal,   Proved,28.7934,/home/utr_lefebvre/adr4mip//data/s001.kp
DMi,3,-16957,   Optimal,   Proved,0.023565,/home/utr_lefebvre/adr4mip//data/s001.kp
DMc,3,-17013.1,   Optimal,   Proved,6.68475,/home/utr_lefebvre/adr4mip//data/s001.kp
OPT,8,-15577,  Feasible,TimeLimit,3616.03,/home/utr_lefebvre/adr4mip//data/s096.kp
DMi,8,-13212,   Optimal,   Proved,0.900129,/home/utr_lefebvre/adr4mip//data/s096.kp
DMc,8,-13897.7,   Optimal,   Proved,28.1875,/home/utr_lefebvre/adr4mip//data/s096.kp
OPT,8,-13802,   Optimal,   Proved,3530.83,/home/utr_lefebvre/adr4mip//data/s014.kp
DMi,8,-11871,   Optimal,   Proved,0.90751,/home/utr_lefebvre/adr4mip//data/s014.kp
DMc,8,-12550.8,   Optimal,   Proved,37.3988,/home/utr_lefebvre/adr4mip//data/s014.kp
OPT,8,-15319,  Feasible,TimeLimit,3600.74,/home/utr_lefebvre/adr4mip//data/s074.kp
DMi,8,-12773,   Optimal,   Proved,0.029749,/home/utr_lefebvre/adr4mip//data/s074.kp
DMc,8,-13201.7,   Optimal,   Proved,29.2046,/home/utr_lefebvre/adr4mip//data/s074.kp
OPT,3,-18392,   Optimal,   Proved,166.165,/home/utr_lefebvre/adr4mip//data/s096.kp
DMi,3,-17664,   Optimal,   Proved,0.827724,/home/utr_lefebvre/adr4mip//data/s096.kp
DMc,3,-17770.1,   Optimal,   Proved,10.7685,/home/utr_lefebvre/adr4mip//data/s096.kp
OPT,5,-17749,   Optimal,   Proved,1124.34,/home/utr_lefebvre/adr4mip//data/s091.kp
DMi,5,-16606,   Optimal,   Proved,0.872334,/home/utr_lefebvre/adr4mip//data/s091.kp
DMc,5,-16814.3,   Optimal,   Proved,15.0449,/home/utr_lefebvre/adr4mip//data/s091.kp
OPT,8,-15059,  Feasible,TimeLimit,3604.24,/home/utr_lefebvre/adr4mip//data/s063.kp
DMi,8,-13114,   Optimal,   Proved,0.878616,/home/utr_lefebvre/adr4mip//data/s063.kp
DMc,8,-13606.2,   Optimal,   Proved,20.8099,/home/utr_lefebvre/adr4mip//data/s063.kp
OPT,3,-17360,   Optimal,   Proved,298.17,/home/utr_lefebvre/adr4mip//data/s055.kp
DMi,3,-16485,   Optimal,   Proved,0.019348,/home/utr_lefebvre/adr4mip//data/s055.kp
DMc,3,-16708.4,   Optimal,   Proved,9.08606,/home/utr_lefebvre/adr4mip//data/s055.kp
OPT,3,-18794,   Optimal,   Proved,339.578,/home/utr_lefebvre/adr4mip//data/s040.kp
DMi,3,-18450,   Optimal,   Proved,0.827715,/home/utr_lefebvre/adr4mip//data/s040.kp
DMc,3,-18472.1,   Optimal,   Proved,1.7449,/home/utr_lefebvre/adr4mip//data/s040.kp
OPT,8,-14432,  Feasible,TimeLimit,3608.64,/home/utr_lefebvre/adr4mip//data/s021.kp
DMi,8,-12428,   Optimal,   Proved,0.885671,/home/utr_lefebvre/adr4mip//data/s021.kp
DMc,8,-12788.1,   Optimal,   Proved,22.3843,/home/utr_lefebvre/adr4mip//data/s021.kp
OPT,5,-15181,   Optimal,   Proved,544.775,/home/utr_lefebvre/adr4mip//data/s097.kp
DMi,5,-14512,   Optimal,   Proved,0.833275,/home/utr_lefebvre/adr4mip//data/s097.kp
DMc,5,-14633.8,   Optimal,   Proved,9.94232,/home/utr_lefebvre/adr4mip//data/s097.kp
OPT,3,-18998,   Optimal,   Proved,361.639,/home/utr_lefebvre/adr4mip//data/s092.kp
DMi,3,-18025,   Optimal,   Proved,0.900121,/home/utr_lefebvre/adr4mip//data/s092.kp
DMc,3,-18164.1,   Optimal,   Proved,10.7925,/home/utr_lefebvre/adr4mip//data/s092.kp
OPT,8,-15236,  Feasible,TimeLimit,3650.67,/home/utr_lefebvre/adr4mip//data/s047.kp
DMi,8,-11957,   Optimal,   Proved,1.03373,/home/utr_lefebvre/adr4mip//data/s047.kp
DMc,8,-13088.3,   Optimal,   Proved,35.6791,/home/utr_lefebvre/adr4mip//data/s047.kp
OPT,5,-14926,   Optimal,   Proved,791.003,/home/utr_lefebvre/adr4mip//data/s019.kp
DMi,5,-13677,   Optimal,   Proved,0.810039,/home/utr_lefebvre/adr4mip//data/s019.kp
DMc,5,-13962.2,   Optimal,   Proved,18.2014,/home/utr_lefebvre/adr4mip//data/s019.kp
OPT,5,-15769,   Optimal,   Proved,1135.11,/home/utr_lefebvre/adr4mip//data/s082.kp
DMi,5,-14544,   Optimal,   Proved,0.930279,/home/utr_lefebvre/adr4mip//data/s082.kp
DMc,5,-14674.2,   Optimal,   Proved,15.6607,/home/utr_lefebvre/adr4mip//data/s082.kp
OPT,8,-15393,  Feasible,TimeLimit,3634.45,/home/utr_lefebvre/adr4mip//data/s002.kp
DMi,8,-12862,   Optimal,   Proved,0.926525,/home/utr_lefebvre/adr4mip//data/s002.kp
DMc,8,-13566.7,   Optimal,   Proved,34.8636,/home/utr_lefebvre/adr4mip//data/s002.kp
OPT,3,-19761,   Optimal,   Proved,259.387,/home/utr_lefebvre/adr4mip//data/s022.kp
DMi,3,-19354,   Optimal,   Proved,0.844921,/home/utr_lefebvre/adr4mip//data/s022.kp
DMc,3,-19375.9,   Optimal,   Proved,6.65264,/home/utr_lefebvre/adr4mip//data/s022.kp
OPT,5,-14982,   Optimal,   Proved,1112.32,/home/utr_lefebvre/adr4mip//data/s023.kp
DMi,5,-13869,   Optimal,   Proved,0.836243,/home/utr_lefebvre/adr4mip//data/s023.kp
DMc,5,-14081.9,   Optimal,   Proved,10.826,/home/utr_lefebvre/adr4mip//data/s023.kp
OPT,3,-18635,   Optimal,   Proved,372.209,/home/utr_lefebvre/adr4mip//data/s054.kp
DMi,3,-18133,   Optimal,   Proved,0.835287,/home/utr_lefebvre/adr4mip//data/s054.kp
DMc,3,-18179.4,   Optimal,   Proved,8.19887,/home/utr_lefebvre/adr4mip//data/s054.kp
OPT,5,-18231,   Optimal,   Proved,1720.44,/home/utr_lefebvre/adr4mip//data/s024.kp
DMi,5,-17241,   Optimal,   Proved,0.811148,/home/utr_lefebvre/adr4mip//data/s024.kp
DMc,5,-17395.5,   Optimal,   Proved,13.2343,/home/utr_lefebvre/adr4mip//data/s024.kp
OPT,3,-16480,   Optimal,   Proved,147.241,/home/utr_lefebvre/adr4mip//data/s069.kp
DMi,3,-15825,   Optimal,   Proved,0.836336,/home/utr_lefebvre/adr4mip//data/s069.kp
DMc,3,-15922.3,   Optimal,   Proved,10.7332,/home/utr_lefebvre/adr4mip//data/s069.kp
OPT,5,-15476,   Optimal,   Proved,132.864,/home/utr_lefebvre/adr4mip//data/s032.kp
DMi,5,-14859,   Optimal,   Proved,0.813949,/home/utr_lefebvre/adr4mip//data/s032.kp
DMc,5,-15000.3,   Optimal,   Proved,12.4952,/home/utr_lefebvre/adr4mip//data/s032.kp
OPT,5,-16601,   Optimal,   Proved,451.488,/home/utr_lefebvre/adr4mip//data/s099.kp
DMi,5,-15844,   Optimal,   Proved,0.023522,/home/utr_lefebvre/adr4mip//data/s099.kp
DMc,5,-15908.4,   Optimal,   Proved,8.34804,/home/utr_lefebvre/adr4mip//data/s099.kp
OPT,5,-14276,   Optimal,   Proved,443.204,/home/utr_lefebvre/adr4mip//data/s038.kp
DMi,5,-13237,   Optimal,   Proved,0.819714,/home/utr_lefebvre/adr4mip//data/s038.kp
DMc,5,-13512.1,   Optimal,   Proved,20.5576,/home/utr_lefebvre/adr4mip//data/s038.kp
OPT,5,-16605,   Optimal,   Proved,559.853,/home/utr_lefebvre/adr4mip//data/s066.kp
DMi,5,-15932,   Optimal,   Proved,0.871316,/home/utr_lefebvre/adr4mip//data/s066.kp
DMc,5,-16062.4,   Optimal,   Proved,7.6248,/home/utr_lefebvre/adr4mip//data/s066.kp
OPT,8,-14463,  Feasible,TimeLimit,3633.49,/home/utr_lefebvre/adr4mip//data/s053.kp
DMi,8,-11354,   Optimal,   Proved,0.963246,/home/utr_lefebvre/adr4mip//data/s053.kp
DMc,8,-12274.5,   Optimal,   Proved,27.5145,/home/utr_lefebvre/adr4mip//data/s053.kp
OPT,3,-18445,   Optimal,   Proved,174.613,/home/utr_lefebvre/adr4mip//data/s034.kp
DMi,3,-18139,   Optimal,   Proved,0.850422,/home/utr_lefebvre/adr4mip//data/s034.kp
DMc,3,-18163.5,   Optimal,   Proved,5.73239,/home/utr_lefebvre/adr4mip//data/s034.kp
OPT,8,-15064,  Feasible,TimeLimit,3608.59,/home/utr_lefebvre/adr4mip//data/s098.kp
DMi,8,-13397,   Optimal,   Proved,0.038531,/home/utr_lefebvre/adr4mip//data/s098.kp
DMc,8,-13729,   Optimal,   Proved,29.1201,/home/utr_lefebvre/adr4mip//data/s098.kp
OPT,8,-14333,  Feasible,TimeLimit,3622.8,/home/utr_lefebvre/adr4mip//data/s081.kp
DMi,8,-12121,   Optimal,   Proved,0.032851,/home/utr_lefebvre/adr4mip//data/s081.kp
DMc,8,-12544.8,   Optimal,   Proved,34.0538,/home/utr_lefebvre/adr4mip//data/s081.kp
OPT,8,-13713,   Optimal,   Proved,2349.04,/home/utr_lefebvre/adr4mip//data/s032.kp
DMi,8,-12232,   Optimal,   Proved,0.93576,/home/utr_lefebvre/adr4mip//data/s032.kp
DMc,8,-12602.9,   Optimal,   Proved,25.5002,/home/utr_lefebvre/adr4mip//data/s032.kp
OPT,8,-14774,   Optimal,   Proved,1793.48,/home/utr_lefebvre/adr4mip//data/s099.kp
DMi,8,-13082,   Optimal,   Proved,0.027273,/home/utr_lefebvre/adr4mip//data/s099.kp
DMc,8,-13424.6,   Optimal,   Proved,18.2161,/home/utr_lefebvre/adr4mip//data/s099.kp
OPT,5,-14415,   Optimal,   Proved,683.713,/home/utr_lefebvre/adr4mip//data/s058.kp
DMi,5,-12811,   Optimal,   Proved,0.96566,/home/utr_lefebvre/adr4mip//data/s058.kp
DMc,5,-13322.4,   Optimal,   Proved,24.7429,/home/utr_lefebvre/adr4mip//data/s058.kp
OPT,3,-18116,   Optimal,   Proved,221.996,/home/utr_lefebvre/adr4mip//data/s030.kp
DMi,3,-17184,   Optimal,   Proved,0.845861,/home/utr_lefebvre/adr4mip//data/s030.kp
DMc,3,-17324.3,   Optimal,   Proved,14.0761,/home/utr_lefebvre/adr4mip//data/s030.kp
OPT,8,-13509,  Feasible,TimeLimit,3602.26,/home/utr_lefebvre/adr4mip//data/s008.kp
DMi,8,-11864,   Optimal,   Proved,0.84441,/home/utr_lefebvre/adr4mip//data/s008.kp
DMc,8,-12285.4,   Optimal,   Proved,23.9414,/home/utr_lefebvre/adr4mip//data/s008.kp
OPT,5,-16440,   Optimal,   Proved,1542.61,/home/utr_lefebvre/adr4mip//data/s041.kp
DMi,5,-15179,   Optimal,   Proved,0.808666,/home/utr_lefebvre/adr4mip//data/s041.kp
DMc,5,-15512.7,   Optimal,   Proved,19.0029,/home/utr_lefebvre/adr4mip//data/s041.kp
OPT,8,-14006,  Feasible,TimeLimit,3613.24,/home/utr_lefebvre/adr4mip//data/s031.kp
DMi,8,-12348,   Optimal,   Proved,0.839842,/home/utr_lefebvre/adr4mip//data/s031.kp
DMc,8,-12703.7,   Optimal,   Proved,19.9274,/home/utr_lefebvre/adr4mip//data/s031.kp
OPT,5,-15568,   Optimal,   Proved,340.444,/home/utr_lefebvre/adr4mip//data/s029.kp
DMi,5,-14759,   Optimal,   Proved,0.834622,/home/utr_lefebvre/adr4mip//data/s029.kp
DMc,5,-14981.7,   Optimal,   Proved,11.5424,/home/utr_lefebvre/adr4mip//data/s029.kp
OPT,5,-18936,   Optimal,   Proved,1161.81,/home/utr_lefebvre/adr4mip//data/s017.kp
DMi,5,-18114,   Optimal,   Proved,0.853133,/home/utr_lefebvre/adr4mip//data/s017.kp
DMc,5,-18209.6,   Optimal,   Proved,11.5932,/home/utr_lefebvre/adr4mip//data/s017.kp
OPT,8,-13740,   Optimal,   Proved,2428.79,/home/utr_lefebvre/adr4mip//data/s029.kp
DMi,8,-12401,   Optimal,   Proved,0.807535,/home/utr_lefebvre/adr4mip//data/s029.kp
DMc,8,-12762.6,   Optimal,   Proved,20.7215,/home/utr_lefebvre/adr4mip//data/s029.kp
OPT,5,-18046,   Optimal,   Proved,983.316,/home/utr_lefebvre/adr4mip//data/s036.kp
DMi,5,-16954,   Optimal,   Proved,0.899935,/home/utr_lefebvre/adr4mip//data/s036.kp
DMc,5,-17057.9,   Optimal,   Proved,12.4703,/home/utr_lefebvre/adr4mip//data/s036.kp
OPT,8,-15857,  Feasible,TimeLimit,3636.61,/home/utr_lefebvre/adr4mip//data/s027.kp
DMi,8,-13829,   Optimal,   Proved,0.839621,/home/utr_lefebvre/adr4mip//data/s027.kp
DMc,8,-14302,   Optimal,   Proved,25.75,/home/utr_lefebvre/adr4mip//data/s027.kp
OPT,3,-17412,   Optimal,   Proved,392.962,/home/utr_lefebvre/adr4mip//data/s021.kp
DMi,3,-16810,   Optimal,   Proved,0.838464,/home/utr_lefebvre/adr4mip//data/s021.kp
DMc,3,-16867.8,   Optimal,   Proved,5.01178,/home/utr_lefebvre/adr4mip//data/s021.kp
OPT,8,-14904,  Feasible,TimeLimit,3617.86,/home/utr_lefebvre/adr4mip//data/s004.kp
DMi,8,-13786,   Optimal,   Proved,0.885277,/home/utr_lefebvre/adr4mip//data/s004.kp
DMc,8,-13985.5,   Optimal,   Proved,19.265,/home/utr_lefebvre/adr4mip//data/s004.kp
OPT,5,-15842,   Optimal,   Proved,638.858,/home/utr_lefebvre/adr4mip//data/s073.kp
DMi,5,-15166,   Optimal,   Proved,0.873424,/home/utr_lefebvre/adr4mip//data/s073.kp
DMc,5,-15262.7,   Optimal,   Proved,7.5356,/home/utr_lefebvre/adr4mip//data/s073.kp
OPT,5,-16712,   Optimal,   Proved,515.052,/home/utr_lefebvre/adr4mip//data/s098.kp
DMi,5,-15929,   Optimal,   Proved,0.832585,/home/utr_lefebvre/adr4mip//data/s098.kp
DMc,5,-16098.6,   Optimal,   Proved,11.5912,/home/utr_lefebvre/adr4mip//data/s098.kp
OPT,3,-15853,   Optimal,   Proved,27.4179,/home/utr_lefebvre/adr4mip//data/s044.kp
DMi,3,-15418,   Optimal,   Proved,0.841838,/home/utr_lefebvre/adr4mip//data/s044.kp
DMc,3,-15546.9,   Optimal,   Proved,8.27122,/home/utr_lefebvre/adr4mip//data/s044.kp
OPT,5,-17016,   Optimal,   Proved,581.181,/home/utr_lefebvre/adr4mip//data/s034.kp
DMi,5,-16332,   Optimal,   Proved,0.816241,/home/utr_lefebvre/adr4mip//data/s034.kp
DMc,5,-16403.5,   Optimal,   Proved,10.7508,/home/utr_lefebvre/adr4mip//data/s034.kp
OPT,5,-17946,   Optimal,   Proved,1478.55,/home/utr_lefebvre/adr4mip//data/s000.kp
DMi,5,-16253,   Optimal,   Proved,0.816488,/home/utr_lefebvre/adr4mip//data/s000.kp
DMc,5,-16538.9,   Optimal,   Proved,24.8222,/home/utr_lefebvre/adr4mip//data/s000.kp
OPT,3,-19625,   Optimal,   Proved,40.8489,/home/utr_lefebvre/adr4mip//data/s070.kp
DMi,3,-19465,   Optimal,   Proved,0.801243,/home/utr_lefebvre/adr4mip//data/s070.kp
DMc,3,-19483,   Optimal,   Proved,5.74056,/home/utr_lefebvre/adr4mip//data/s070.kp
OPT,5,-16503,   Optimal,   Proved,1715.88,/home/utr_lefebvre/adr4mip//data/s072.kp
DMi,5,-15393,   Optimal,   Proved,0.816844,/home/utr_lefebvre/adr4mip//data/s072.kp
DMc,5,-15661.5,   Optimal,   Proved,12.5886,/home/utr_lefebvre/adr4mip//data/s072.kp
OPT,3,-16983,   Optimal,   Proved,212.456,/home/utr_lefebvre/adr4mip//data/s064.kp
DMi,3,-16611,   Optimal,   Proved,0.834487,/home/utr_lefebvre/adr4mip//data/s064.kp
DMc,3,-16675.4,   Optimal,   Proved,8.26242,/home/utr_lefebvre/adr4mip//data/s064.kp
OPT,8,-14033,  Feasible,TimeLimit,3604.78,/home/utr_lefebvre/adr4mip//data/s067.kp
DMi,8,-12219,   Optimal,   Proved,0.828629,/home/utr_lefebvre/adr4mip//data/s067.kp
DMc,8,-12594.6,   Optimal,   Proved,23.1007,/home/utr_lefebvre/adr4mip//data/s067.kp
OPT,8,-13482,  Feasible,TimeLimit,3631.06,/home/utr_lefebvre/adr4mip//data/s097.kp
DMi,8,-11984,   Optimal,   Proved,0.842359,/home/utr_lefebvre/adr4mip//data/s097.kp
DMc,8,-12234.9,   Optimal,   Proved,17.4294,/home/utr_lefebvre/adr4mip//data/s097.kp
OPT,8,-16447,  Feasible,TimeLimit,3623.72,/home/utr_lefebvre/adr4mip//data/s068.kp
DMi,8,-13759,   Optimal,   Proved,0.879421,/home/utr_lefebvre/adr4mip//data/s068.kp
DMc,8,-14545.8,   Optimal,   Proved,26.622,/home/utr_lefebvre/adr4mip//data/s068.kp
OPT,3,-17774,   Optimal,   Proved,91.105,/home/utr_lefebvre/adr4mip//data/s011.kp
DMi,3,-17384,   Optimal,   Proved,0.816204,/home/utr_lefebvre/adr4mip//data/s011.kp
DMc,3,-17427.3,   Optimal,   Proved,8.27992,/home/utr_lefebvre/adr4mip//data/s011.kp
OPT,5,-16075,   Optimal,   Proved,818.603,/home/utr_lefebvre/adr4mip//data/s039.kp
DMi,5,-14929,   Optimal,   Proved,0.884229,/home/utr_lefebvre/adr4mip//data/s039.kp
DMc,5,-15224.8,   Optimal,   Proved,14.1526,/home/utr_lefebvre/adr4mip//data/s039.kp
OPT,3,-19025,   Optimal,   Proved,293.759,/home/utr_lefebvre/adr4mip//data/s027.kp
DMi,3,-18516,   Optimal,   Proved,0.837419,/home/utr_lefebvre/adr4mip//data/s027.kp
DMc,3,-18570.5,   Optimal,   Proved,5.8451,/home/utr_lefebvre/adr4mip//data/s027.kp
OPT,8,-14995,  Feasible,TimeLimit,3635.05,/home/utr_lefebvre/adr4mip//data/s041.kp
DMi,8,-12650,   Optimal,   Proved,0.905576,/home/utr_lefebvre/adr4mip//data/s041.kp
DMc,8,-13388.5,   Optimal,   Proved,32.2931,/home/utr_lefebvre/adr4mip//data/s041.kp
OPT,5,-18469,   Optimal,   Proved,749.82,/home/utr_lefebvre/adr4mip//data/s050.kp
DMi,5,-17420,   Optimal,   Proved,0.925967,/home/utr_lefebvre/adr4mip//data/s050.kp
DMc,5,-17783.9,   Optimal,   Proved,14.8466,/home/utr_lefebvre/adr4mip//data/s050.kp
OPT,3,-18422,   Optimal,   Proved,184.803,/home/utr_lefebvre/adr4mip//data/s004.kp
DMi,3,-18180,   Optimal,   Proved,0.814309,/home/utr_lefebvre/adr4mip//data/s004.kp
DMc,3,-18217.1,   Optimal,   Proved,5.0161,/home/utr_lefebvre/adr4mip//data/s004.kp
OPT,8,-14010,  Feasible,TimeLimit,3645.21,/home/utr_lefebvre/adr4mip//data/s016.kp
DMi,8,-12055,   Optimal,   Proved,0.8669,/home/utr_lefebvre/adr4mip//data/s016.kp
DMc,8,-12577,   Optimal,   Proved,25.5944,/home/utr_lefebvre/adr4mip//data/s016.kp
OPT,8,-14378,   Optimal,   Proved,572.559,/home/utr_lefebvre/adr4mip//data/s066.kp
DMi,8,-13312,   Optimal,   Proved,0.851211,/home/utr_lefebvre/adr4mip//data/s066.kp
DMc,8,-13574.2,   Optimal,   Proved,15.8121,/home/utr_lefebvre/adr4mip//data/s066.kp
OPT,5,-15950,   Optimal,   Proved,838.765,/home/utr_lefebvre/adr4mip//data/s078.kp
DMi,5,-15127,   Optimal,   Proved,0.889229,/home/utr_lefebvre/adr4mip//data/s078.kp
DMc,5,-15328.2,   Optimal,   Proved,14.1769,/home/utr_lefebvre/adr4mip//data/s078.kp
OPT,3,-16742,   Optimal,   Proved,110.993,/home/utr_lefebvre/adr4mip//data/s080.kp
DMi,3,-16357,   Optimal,   Proved,0.829504,/home/utr_lefebvre/adr4mip//data/s080.kp
DMc,3,-16394.8,   Optimal,   Proved,5.76531,/home/utr_lefebvre/adr4mip//data/s080.kp
OPT,5,-18632,   Optimal,   Proved,1061.82,/home/utr_lefebvre/adr4mip//data/s089.kp
DMi,5,-17853,   Optimal,   Proved,0.842365,/home/utr_lefebvre/adr4mip//data/s089.kp
DMc,5,-18044.6,   Optimal,   Proved,11.7246,/home/utr_lefebvre/adr4mip//data/s089.kp
OPT,5,-17906,   Optimal,   Proved,1520.75,/home/utr_lefebvre/adr4mip//data/s086.kp
DMi,5,-17336,   Optimal,   Proved,0.880494,/home/utr_lefebvre/adr4mip//data/s086.kp
DMc,5,-17418.1,   Optimal,   Proved,12.3767,/home/utr_lefebvre/adr4mip//data/s086.kp
OPT,3,-16595,   Optimal,   Proved,164.905,/home/utr_lefebvre/adr4mip//data/s042.kp
DMi,3,-16049,   Optimal,   Proved,0.01708,/home/utr_lefebvre/adr4mip//data/s042.kp
DMc,3,-16165.5,   Optimal,   Proved,4.2179,/home/utr_lefebvre/adr4mip//data/s042.kp
OPT,8,-12941,  Feasible,TimeLimit,3637.47,/home/utr_lefebvre/adr4mip//data/s061.kp
DMi,8,-10723,   Optimal,   Proved,0.820307,/home/utr_lefebvre/adr4mip//data/s061.kp
DMc,8,-11480.6,   Optimal,   Proved,33.9087,/home/utr_lefebvre/adr4mip//data/s061.kp
OPT,5,-15264,   Optimal,   Proved,1374.68,/home/utr_lefebvre/adr4mip//data/s084.kp
DMi,5,-13609,   Optimal,   Proved,0.03849,/home/utr_lefebvre/adr4mip//data/s084.kp
DMc,5,-14075.6,   Optimal,   Proved,14.1835,/home/utr_lefebvre/adr4mip//data/s084.kp
OPT,8,-14144,  Feasible,TimeLimit,3610.8,/home/utr_lefebvre/adr4mip//data/s088.kp
DMi,8,-12485,   Optimal,   Proved,0.844333,/home/utr_lefebvre/adr4mip//data/s088.kp
DMc,8,-12811.9,   Optimal,   Proved,29.8056,/home/utr_lefebvre/adr4mip//data/s088.kp
OPT,5,-16691,   Optimal,   Proved,1411.28,/home/utr_lefebvre/adr4mip//data/s003.kp
DMi,5,-15064,   Optimal,   Proved,0.904544,/home/utr_lefebvre/adr4mip//data/s003.kp
DMc,5,-15333.2,   Optimal,   Proved,18.139,/home/utr_lefebvre/adr4mip//data/s003.kp
OPT,3,-16950,   Optimal,   Proved,82.6241,/home/utr_lefebvre/adr4mip//data/s081.kp
DMi,3,-16556,   Optimal,   Proved,0.833912,/home/utr_lefebvre/adr4mip//data/s081.kp
DMc,3,-16613.7,   Optimal,   Proved,5.81586,/home/utr_lefebvre/adr4mip//data/s081.kp
OPT,8,-14756,   Optimal,   Proved,3318.58,/home/utr_lefebvre/adr4mip//data/s065.kp
DMi,8,-12819,   Optimal,   Proved,0.84751,/home/utr_lefebvre/adr4mip//data/s065.kp
DMc,8,-13308.7,   Optimal,   Proved,36.907,/home/utr_lefebvre/adr4mip//data/s065.kp
OPT,8,-12144,  Feasible,TimeLimit,3609.07,/home/utr_lefebvre/adr4mip//data/s071.kp
DMi,8,-9711,   Optimal,   Proved,0.960649,/home/utr_lefebvre/adr4mip//data/s071.kp
DMc,8,-10565.7,   Optimal,   Proved,28.9823,/home/utr_lefebvre/adr4mip//data/s071.kp
OPT,5,-17177,   Optimal,   Proved,765.712,/home/utr_lefebvre/adr4mip//data/s077.kp
DMi,5,-16431,   Optimal,   Proved,0.904098,/home/utr_lefebvre/adr4mip//data/s077.kp
DMc,5,-16643.2,   Optimal,   Proved,11.694,/home/utr_lefebvre/adr4mip//data/s077.kp
OPT,3,-15411,   Optimal,   Proved,42.4416,/home/utr_lefebvre/adr4mip//data/s061.kp
DMi,3,-14769,   Optimal,   Proved,0.823344,/home/utr_lefebvre/adr4mip//data/s061.kp
DMc,3,-14853.1,   Optimal,   Proved,4.96666,/home/utr_lefebvre/adr4mip//data/s061.kp
OPT,3,-18371,   Optimal,   Proved,119.913,/home/utr_lefebvre/adr4mip//data/s037.kp
DMi,3,-17714,   Optimal,   Proved,0.827023,/home/utr_lefebvre/adr4mip//data/s037.kp
DMc,3,-17764.4,   Optimal,   Proved,6.66045,/home/utr_lefebvre/adr4mip//data/s037.kp
OPT,5,-16901,   Optimal,   Proved,1441.75,/home/utr_lefebvre/adr4mip//data/s063.kp
DMi,5,-15835,   Optimal,   Proved,0.867976,/home/utr_lefebvre/adr4mip//data/s063.kp
DMc,5,-15996.1,   Optimal,   Proved,12.4984,/home/utr_lefebvre/adr4mip//data/s063.kp
OPT,5,-15524,   Optimal,   Proved,689.47,/home/utr_lefebvre/adr4mip//data/s014.kp
DMi,5,-14344,   Optimal,   Proved,0.899365,/home/utr_lefebvre/adr4mip//data/s014.kp
DMc,5,-14613,   Optimal,   Proved,11.6001,/home/utr_lefebvre/adr4mip//data/s014.kp
OPT,8,-13866,  Feasible,TimeLimit,3611.34,/home/utr_lefebvre/adr4mip//data/s025.kp
DMi,8,-11934,   Optimal,   Proved,0.82404,/home/utr_lefebvre/adr4mip//data/s025.kp
DMc,8,-12523.3,   Optimal,   Proved,30.4417,/home/utr_lefebvre/adr4mip//data/s025.kp
OPT,5,-16360,   Optimal,   Proved,1812.95,/home/utr_lefebvre/adr4mip//data/s055.kp
DMi,5,-14800,   Optimal,   Proved,0.030688,/home/utr_lefebvre/adr4mip//data/s055.kp
DMc,5,-15213,   Optimal,   Proved,20.6269,/home/utr_lefebvre/adr4mip//data/s055.kp
OPT,3,-17078,   Optimal,   Proved,107.82,/home/utr_lefebvre/adr4mip//data/s067.kp
DMi,3,-16747,   Optimal,   Proved,0.822949,/home/utr_lefebvre/adr4mip//data/s067.kp
DMc,3,-16796.1,   Optimal,   Proved,6.63303,/home/utr_lefebvre/adr4mip//data/s067.kp
OPT,3,-16734,   Optimal,   Proved,279.49,/home/utr_lefebvre/adr4mip//data/s053.kp
DMi,3,-15646,   Optimal,   Proved,0.857066,/home/utr_lefebvre/adr4mip//data/s053.kp
DMc,3,-15841.5,   Optimal,   Proved,11.556,/home/utr_lefebvre/adr4mip//data/s053.kp
OPT,3,-18301,   Optimal,   Proved,275.159,/home/utr_lefebvre/adr4mip//data/s002.kp
DMi,3,-17586,   Optimal,   Proved,0.933645,/home/utr_lefebvre/adr4mip//data/s002.kp
DMc,3,-17630.9,   Optimal,   Proved,12.3259,/home/utr_lefebvre/adr4mip//data/s002.kp
OPT,3,-17294,   Optimal,   Proved,126.143,/home/utr_lefebvre/adr4mip//data/s085.kp
DMi,3,-16686,   Optimal,   Proved,0.849893,/home/utr_lefebvre/adr4mip//data/s085.kp
DMc,3,-16739.3,   Optimal,   Proved,6.61116,/home/utr_lefebvre/adr4mip//data/s085.kp
OPT,8,-13687,  Feasible,TimeLimit,3633.95,/home/utr_lefebvre/adr4mip//data/s083.kp
DMi,8,-12214,   Optimal,   Proved,0.846086,/home/utr_lefebvre/adr4mip//data/s083.kp
DMc,8,-12480,   Optimal,   Proved,25.5455,/home/utr_lefebvre/adr4mip//data/s083.kp
OPT,5,-15379,   Optimal,   Proved,605.021,/home/utr_lefebvre/adr4mip//data/s080.kp
DMi,5,-14471,   Optimal,   Proved,0.813048,/home/utr_lefebvre/adr4mip//data/s080.kp
DMc,5,-14525.4,   Optimal,   Proved,11.6261,/home/utr_lefebvre/adr4mip//data/s080.kp
OPT,8,-15265,  Feasible,TimeLimit,3635.6,/home/utr_lefebvre/adr4mip//data/s045.kp
DMi,8,-13569,   Optimal,   Proved,0.021609,/home/utr_lefebvre/adr4mip//data/s045.kp
DMc,8,-13997.4,   Optimal,   Proved,23.9677,/home/utr_lefebvre/adr4mip//data/s045.kp
OPT,8,-14526,  Feasible,TimeLimit,3629.84,/home/utr_lefebvre/adr4mip//data/s072.kp
DMi,8,-12760,   Optimal,   Proved,0.86218,/home/utr_lefebvre/adr4mip//data/s072.kp
DMc,8,-13298.6,   Optimal,   Proved,17.5554,/home/utr_lefebvre/adr4mip//data/s072.kp
OPT,3,-17738,   Optimal,   Proved,119.888,/home/utr_lefebvre/adr4mip//data/s003.kp
DMi,3,-16891,   Optimal,   Proved,0.824096,/home/utr_lefebvre/adr4mip//data/s003.kp
DMc,3,-16990,   Optimal,   Proved,7.43403,/home/utr_lefebvre/adr4mip//data/s003.kp
OPT,8,-15118,  Feasible,TimeLimit,3603.81,/home/utr_lefebvre/adr4mip//data/s037.kp
DMi,8,-13364,   Optimal,   Proved,0.860578,/home/utr_lefebvre/adr4mip//data/s037.kp
DMc,8,-13931.5,   Optimal,   Proved,24.8136,/home/utr_lefebvre/adr4mip//data/s037.kp
OPT,3,-18684,   Optimal,   Proved,106.312,/home/utr_lefebvre/adr4mip//data/s077.kp
DMi,3,-18220,   Optimal,   Proved,0.908503,/home/utr_lefebvre/adr4mip//data/s077.kp
DMc,3,-18337.1,   Optimal,   Proved,7.4875,/home/utr_lefebvre/adr4mip//data/s077.kp
OPT,3,-19040,   Optimal,   Proved,168.945,/home/utr_lefebvre/adr4mip//data/s068.kp
DMi,3,-18306,   Optimal,   Proved,0.925929,/home/utr_lefebvre/adr4mip//data/s068.kp
DMc,3,-18354.6,   Optimal,   Proved,7.43012,/home/utr_lefebvre/adr4mip//data/s068.kp
OPT,3,-19049,   Optimal,   Proved,326.91,/home/utr_lefebvre/adr4mip//data/s000.kp
DMi,3,-18077,   Optimal,   Proved,0.918902,/home/utr_lefebvre/adr4mip//data/s000.kp
DMc,3,-18188,   Optimal,   Proved,9.97599,/home/utr_lefebvre/adr4mip//data/s000.kp
OPT,8,-12975,  Feasible,TimeLimit,3600.36,/home/utr_lefebvre/adr4mip//data/s038.kp
DMi,8,-11020,   Optimal,   Proved,0.876589,/home/utr_lefebvre/adr4mip//data/s038.kp
DMc,8,-11507,   Optimal,   Proved,28.0431,/home/utr_lefebvre/adr4mip//data/s038.kp
OPT,3,-18790,   Optimal,   Proved,204.763,/home/utr_lefebvre/adr4mip//data/s051.kp
DMi,3,-18019,   Optimal,   Proved,0.893407,/home/utr_lefebvre/adr4mip//data/s051.kp
DMc,3,-18126.3,   Optimal,   Proved,15.8068,/home/utr_lefebvre/adr4mip//data/s051.kp
OPT,5,-16098,   Optimal,   Proved,667.692,/home/utr_lefebvre/adr4mip//data/s094.kp
DMi,5,-15238,   Optimal,   Proved,0.848556,/home/utr_lefebvre/adr4mip//data/s094.kp
DMc,5,-15358,   Optimal,   Proved,11.6436,/home/utr_lefebvre/adr4mip//data/s094.kp
OPT,3,-19416,   Optimal,   Proved,160.555,/home/utr_lefebvre/adr4mip//data/s036.kp
DMi,3,-18920,   Optimal,   Proved,0.84589,/home/utr_lefebvre/adr4mip//data/s036.kp
DMc,3,-18925.5,   Optimal,   Proved,4.99231,/home/utr_lefebvre/adr4mip//data/s036.kp
OPT,5,-16132,   Optimal,   Proved,2931.94,/home/utr_lefebvre/adr4mip//data/s021.kp
DMi,5,-14988,   Optimal,   Proved,0.825595,/home/utr_lefebvre/adr4mip//data/s021.kp
DMc,5,-15160.5,   Optimal,   Proved,14.9883,/home/utr_lefebvre/adr4mip//data/s021.kp
OPT,8,-15167,  Feasible,TimeLimit,3637.71,/home/utr_lefebvre/adr4mip//data/s040.kp
DMi,8,-13933,   Optimal,   Proved,0.833106,/home/utr_lefebvre/adr4mip//data/s040.kp
DMc,8,-14090.5,   Optimal,   Proved,16.6666,/home/utr_lefebvre/adr4mip//data/s040.kp
OPT,8,-14473,  Feasible,TimeLimit,3630.72,/home/utr_lefebvre/adr4mip//data/s094.kp
DMi,8,-12585,   Optimal,   Proved,0.039273,/home/utr_lefebvre/adr4mip//data/s094.kp
DMc,8,-12997.1,   Optimal,   Proved,25.7913,/home/utr_lefebvre/adr4mip//data/s094.kp
OPT,8,-16979,  Feasible,TimeLimit,3638.93,/home/utr_lefebvre/adr4mip//data/s017.kp
DMi,8,-15272,   Optimal,   Proved,0.029004,/home/utr_lefebvre/adr4mip//data/s017.kp
DMc,8,-15649.4,   Optimal,   Proved,18.4136,/home/utr_lefebvre/adr4mip//data/s017.kp
OPT,3,-17511,   Optimal,   Proved,104.711,/home/utr_lefebvre/adr4mip//data/s094.kp
DMi,3,-17136,   Optimal,   Proved,0.826983,/home/utr_lefebvre/adr4mip//data/s094.kp
DMc,3,-17141.4,   Optimal,   Proved,3.34348,/home/utr_lefebvre/adr4mip//data/s094.kp
OPT,3,-16199,   Optimal,   Proved,228.344,/home/utr_lefebvre/adr4mip//data/s049.kp
DMi,3,-15249,   Optimal,   Proved,0.85261,/home/utr_lefebvre/adr4mip//data/s049.kp
DMc,3,-15382.2,   Optimal,   Proved,9.32804,/home/utr_lefebvre/adr4mip//data/s049.kp
OPT,8,-14358,  Feasible,TimeLimit,3606.19,/home/utr_lefebvre/adr4mip//data/s090.kp
DMi,8,-12758,   Optimal,   Proved,0.875391,/home/utr_lefebvre/adr4mip//data/s090.kp
DMc,8,-13116.8,   Optimal,   Proved,24.9819,/home/utr_lefebvre/adr4mip//data/s090.kp
OPT,5,-17994,   Optimal,   Proved,373.477,/home/utr_lefebvre/adr4mip//data/s070.kp
DMi,5,-17570,   Optimal,   Proved,0.80962,/home/utr_lefebvre/adr4mip//data/s070.kp
DMc,5,-17624.4,   Optimal,   Proved,11.612,/home/utr_lefebvre/adr4mip//data/s070.kp
OPT,8,-15032,  Feasible,TimeLimit,3609.95,/home/utr_lefebvre/adr4mip//data/s055.kp
DMi,8,-12367,   Optimal,   Proved,0.912196,/home/utr_lefebvre/adr4mip//data/s055.kp
DMc,8,-13145.3,   Optimal,   Proved,31.9833,/home/utr_lefebvre/adr4mip//data/s055.kp
OPT,5,-17064,   Optimal,   Proved,1710.65,/home/utr_lefebvre/adr4mip//data/s030.kp
DMi,5,-15262,   Optimal,   Proved,0.822176,/home/utr_lefebvre/adr4mip//data/s030.kp
DMc,5,-15656.6,   Optimal,   Proved,14.9694,/home/utr_lefebvre/adr4mip//data/s030.kp
OPT,3,-17273,   Optimal,   Proved,259.541,/home/utr_lefebvre/adr4mip//data/s031.kp
DMi,3,-16787,   Optimal,   Proved,0.832012,/home/utr_lefebvre/adr4mip//data/s031.kp
DMc,3,-16812.1,   Optimal,   Proved,3.37998,/home/utr_lefebvre/adr4mip//data/s031.kp
OPT,3,-19041,   Optimal,   Proved,86.6323,/home/utr_lefebvre/adr4mip//data/s076.kp
DMi,3,-18581,   Optimal,   Proved,0.025928,/home/utr_lefebvre/adr4mip//data/s076.kp
DMc,3,-18605.2,   Optimal,   Proved,4.97558,/home/utr_lefebvre/adr4mip//data/s076.kp
OPT,8,-15964,  Feasible,TimeLimit,3600.48,/home/utr_lefebvre/adr4mip//data/s086.kp
DMi,8,-14856,   Optimal,   Proved,0.819954,/home/utr_lefebvre/adr4mip//data/s086.kp
DMc,8,-15005.3,   Optimal,   Proved,17.5267,/home/utr_lefebvre/adr4mip//data/s086.kp
OPT,5,-14590,   Optimal,   Proved,288.597,/home/utr_lefebvre/adr4mip//data/s044.kp
DMi,5,-13638,   Optimal,   Proved,0.841394,/home/utr_lefebvre/adr4mip//data/s044.kp
DMc,5,-13927.4,   Optimal,   Proved,14.9519,/home/utr_lefebvre/adr4mip//data/s044.kp
OPT,3,-17395,   Optimal,   Proved,257.526,/home/utr_lefebvre/adr4mip//data/s062.kp
DMi,3,-17147,   Optimal,   Proved,0.894954,/home/utr_lefebvre/adr4mip//data/s062.kp
DMc,3,-17162.8,   Optimal,   Proved,4.16074,/home/utr_lefebvre/adr4mip//data/s062.kp
OPT,5,-13781,   Optimal,   Proved,845.629,/home/utr_lefebvre/adr4mip//data/s071.kp
DMi,5,-12200,   Optimal,   Proved,0.897405,/home/utr_lefebvre/adr4mip//data/s071.kp
DMc,5,-12611.6,   Optimal,   Proved,14.0489,/home/utr_lefebvre/adr4mip//data/s071.kp
OPT,3,-18682,   Optimal,   Proved,74.4109,/home/utr_lefebvre/adr4mip//data/s057.kp
DMi,3,-18309,   Optimal,   Proved,0.914943,/home/utr_lefebvre/adr4mip//data/s057.kp
DMc,3,-18318.8,   Optimal,   Proved,7.48702,/home/utr_lefebvre/adr4mip//data/s057.kp
OPT,3,-16602,   Optimal,   Proved,50.0269,/home/utr_lefebvre/adr4mip//data/s020.kp
DMi,3,-16117,   Optimal,   Proved,0.019979,/home/utr_lefebvre/adr4mip//data/s020.kp
DMc,3,-16229.9,   Optimal,   Proved,7.44831,/home/utr_lefebvre/adr4mip//data/s020.kp
OPT,5,-15777,   Optimal,   Proved,2913.22,/home/utr_lefebvre/adr4mip//data/s053.kp
DMi,5,-13818,   Optimal,   Proved,0.91459,/home/utr_lefebvre/adr4mip//data/s053.kp
DMc,5,-14347.7,   Optimal,   Proved,15.8147,/home/utr_lefebvre/adr4mip//data/s053.kp
OPT,3,-16977,   Optimal,   Proved,48.8821,/home/utr_lefebvre/adr4mip//data/s029.kp
DMi,3,-16540,   Optimal,   Proved,0.885893,/home/utr_lefebvre/adr4mip//data/s029.kp
DMc,3,-16583.8,   Optimal,   Proved,5.0087,/home/utr_lefebvre/adr4mip//data/s029.kp
OPT,5,-16987,   Optimal,   Proved,623.862,/home/utr_lefebvre/adr4mip//data/s045.kp
DMi,5,-16122,   Optimal,   Proved,0.8459,/home/utr_lefebvre/adr4mip//data/s045.kp
DMc,5,-16288.8,   Optimal,   Proved,15.6975,/home/utr_lefebvre/adr4mip//data/s045.kp
OPT,5,-14715,   Optimal,   Proved,379.71,/home/utr_lefebvre/adr4mip//data/s056.kp
DMi,5,-13539,   Optimal,   Proved,0.839319,/home/utr_lefebvre/adr4mip//data/s056.kp
DMc,5,-13964.8,   Optimal,   Proved,10.0254,/home/utr_lefebvre/adr4mip//data/s056.kp
OPT,8,-13783,  Feasible,TimeLimit,3622.8,/home/utr_lefebvre/adr4mip//data/s069.kp
DMi,8,-11679,   Optimal,   Proved,0.030112,/home/utr_lefebvre/adr4mip//data/s069.kp
DMc,8,-12163.5,   Optimal,   Proved,29.0549,/home/utr_lefebvre/adr4mip//data/s069.kp
OPT,5,-15485,   Optimal,   Proved,471.092,/home/utr_lefebvre/adr4mip//data/s025.kp
DMi,5,-14436,   Optimal,   Proved,0.808484,/home/utr_lefebvre/adr4mip//data/s025.kp
DMc,5,-14632.3,   Optimal,   Proved,13.3264,/home/utr_lefebvre/adr4mip//data/s025.kp
OPT,5,-15885,   Optimal,   Proved,1292.51,/home/utr_lefebvre/adr4mip//data/s052.kp
DMi,5,-15043,   Optimal,   Proved,0.8532,/home/utr_lefebvre/adr4mip//data/s052.kp
DMc,5,-15146.8,   Optimal,   Proved,11.7086,/home/utr_lefebvre/adr4mip//data/s052.kp
OPT,5,-15040,   Optimal,   Proved,493.671,/home/utr_lefebvre/adr4mip//data/s075.kp
DMi,5,-14547,   Optimal,   Proved,0.833246,/home/utr_lefebvre/adr4mip//data/s075.kp
DMc,5,-14610,   Optimal,   Proved,9.92146,/home/utr_lefebvre/adr4mip//data/s075.kp
OPT,8,-15158,   Optimal,   Proved,2035.04,/home/utr_lefebvre/adr4mip//data/s057.kp
DMi,8,-13675,   Optimal,   Proved,0.856229,/home/utr_lefebvre/adr4mip//data/s057.kp
DMc,8,-14215.8,   Optimal,   Proved,20.7308,/home/utr_lefebvre/adr4mip//data/s057.kp
OPT,3,-19925,   Optimal,   Proved,524.005,/home/utr_lefebvre/adr4mip//data/s015.kp
DMi,3,-19394,   Optimal,   Proved,0.845396,/home/utr_lefebvre/adr4mip//data/s015.kp
DMc,3,-19454.3,   Optimal,   Proved,4.16184,/home/utr_lefebvre/adr4mip//data/s015.kp
OPT,8,-13610,  Feasible,TimeLimit,3604.27,/home/utr_lefebvre/adr4mip//data/s046.kp
DMi,8,-12233,   Optimal,   Proved,0.830701,/home/utr_lefebvre/adr4mip//data/s046.kp
DMc,8,-12583.9,   Optimal,   Proved,21.7123,/home/utr_lefebvre/adr4mip//data/s046.kp
OPT,5,-17191,   Optimal,   Proved,417.306,/home/utr_lefebvre/adr4mip//data/s057.kp
DMi,5,-16357,   Optimal,   Proved,0.8464,/home/utr_lefebvre/adr4mip//data/s057.kp
DMc,5,-16452.6,   Optimal,   Proved,10.9042,/home/utr_lefebvre/adr4mip//data/s057.kp
OPT,8,-16833,  Feasible,TimeLimit,3651.2,/home/utr_lefebvre/adr4mip//data/s000.kp
DMi,8,-13542,   Optimal,   Proved,0.980039,/home/utr_lefebvre/adr4mip//data/s000.kp
DMc,8,-14304,   Optimal,   Proved,44.8037,/home/utr_lefebvre/adr4mip//data/s000.kp
OPT,5,-16331,   Optimal,   Proved,343.026,/home/utr_lefebvre/adr4mip//data/s065.kp
DMi,5,-15401,   Optimal,   Proved,0.965959,/home/utr_lefebvre/adr4mip//data/s065.kp
DMc,5,-15606.6,   Optimal,   Proved,17.3952,/home/utr_lefebvre/adr4mip//data/s065.kp
OPT,8,-14280,  Feasible,TimeLimit,3621.16,/home/utr_lefebvre/adr4mip//data/s095.kp
DMi,8,-11761,   Optimal,   Proved,0.822184,/home/utr_lefebvre/adr4mip//data/s095.kp
DMc,8,-12583.9,   Optimal,   Proved,29.8145,/home/utr_lefebvre/adr4mip//data/s095.kp
OPT,8,-16601,  Feasible,TimeLimit,3618.96,/home/utr_lefebvre/adr4mip//data/s092.kp
DMi,8,-13495,   Optimal,   Proved,0.949462,/home/utr_lefebvre/adr4mip//data/s092.kp
DMc,8,-14296.2,   Optimal,   Proved,43.8489,/home/utr_lefebvre/adr4mip//data/s092.kp
OPT,3,-16977,   Optimal,   Proved,185.751,/home/utr_lefebvre/adr4mip//data/s082.kp
DMi,3,-16455,   Optimal,   Proved,0.799037,/home/utr_lefebvre/adr4mip//data/s082.kp
DMc,3,-16495.7,   Optimal,   Proved,5.8426,/home/utr_lefebvre/adr4mip//data/s082.kp
OPT,5,-17705,   Optimal,   Proved,997.642,/home/utr_lefebvre/adr4mip//data/s076.kp
DMi,5,-16705,   Optimal,   Proved,0.028339,/home/utr_lefebvre/adr4mip//data/s076.kp
DMc,5,-16876,   Optimal,   Proved,11.722,/home/utr_lefebvre/adr4mip//data/s076.kp
OPT,5,-15786,   Optimal,   Proved,1350,/home/utr_lefebvre/adr4mip//data/s031.kp
DMi,5,-14893,   Optimal,   Proved,0.829571,/home/utr_lefebvre/adr4mip//data/s031.kp
DMc,5,-15076.8,   Optimal,   Proved,11.5335,/home/utr_lefebvre/adr4mip//data/s031.kp
OPT,3,-16122,   Optimal,   Proved,389.727,/home/utr_lefebvre/adr4mip//data/s009.kp
DMi,3,-15601,   Optimal,   Proved,0.811637,/home/utr_lefebvre/adr4mip//data/s009.kp
DMc,3,-15629.1,   Optimal,   Proved,7.42898,/home/utr_lefebvre/adr4mip//data/s009.kp
OPT,8,-15592,  Feasible,TimeLimit,3651.54,/home/utr_lefebvre/adr4mip//data/s087.kp
DMi,8,-14010,   Optimal,   Proved,0.815395,/home/utr_lefebvre/adr4mip//data/s087.kp
DMc,8,-14388.5,   Optimal,   Proved,20.9538,/home/utr_lefebvre/adr4mip//data/s087.kp
OPT,5,-17296,   Optimal,   Proved,1634.12,/home/utr_lefebvre/adr4mip//data/s040.kp
DMi,5,-16591,   Optimal,   Proved,0.828146,/home/utr_lefebvre/adr4mip//data/s040.kp
DMc,5,-16689.6,   Optimal,   Proved,8.35822,/home/utr_lefebvre/adr4mip//data/s040.kp
OPT,5,-17016,   Optimal,   Proved,1972.79,/home/utr_lefebvre/adr4mip//data/s005.kp
DMi,5,-14983,   Optimal,   Proved,1.18822,/home/utr_lefebvre/adr4mip//data/s005.kp
DMc,5,-15747.1,   Optimal,   Proved,30.6542,/home/utr_lefebvre/adr4mip//data/s005.kp
OPT,3,-16886,   Optimal,   Proved,166.751,/home/utr_lefebvre/adr4mip//data/s083.kp
DMi,3,-16624,   Optimal,   Proved,0.843823,/home/utr_lefebvre/adr4mip//data/s083.kp
DMc,3,-16631.7,   Optimal,   Proved,3.31862,/home/utr_lefebvre/adr4mip//data/s083.kp
OPT,8,-14714,   Optimal,   Proved,1173.69,/home/utr_lefebvre/adr4mip//data/s035.kp
DMi,8,-13723,   Optimal,   Proved,0.834419,/home/utr_lefebvre/adr4mip//data/s035.kp
DMc,8,-13945.2,   Optimal,   Proved,24.7291,/home/utr_lefebvre/adr4mip//data/s035.kp
OPT,5,-17092,   Optimal,   Proved,1203.46,/home/utr_lefebvre/adr4mip//data/s002.kp
DMi,5,-15667,   Optimal,   Proved,0.822426,/home/utr_lefebvre/adr4mip//data/s002.kp
DMc,5,-15872.1,   Optimal,   Proved,23.9786,/home/utr_lefebvre/adr4mip//data/s002.kp
OPT,5,-17775,   Optimal,   Proved,988.718,/home/utr_lefebvre/adr4mip//data/s051.kp
DMi,5,-16067,   Optimal,   Proved,0.942539,/home/utr_lefebvre/adr4mip//data/s051.kp
DMc,5,-16473.6,   Optimal,   Proved,23.3457,/home/utr_lefebvre/adr4mip//data/s051.kp
OPT,5,-15074,   Optimal,   Proved,1251.85,/home/utr_lefebvre/adr4mip//data/s049.kp
DMi,5,-13482,   Optimal,   Proved,0.037378,/home/utr_lefebvre/adr4mip//data/s049.kp
DMc,5,-13888.1,   Optimal,   Proved,16.592,/home/utr_lefebvre/adr4mip//data/s049.kp
OPT,8,-16176,  Feasible,TimeLimit,3605.69,/home/utr_lefebvre/adr4mip//data/s091.kp
DMi,8,-13918,   Optimal,   Proved,0.884727,/home/utr_lefebvre/adr4mip//data/s091.kp
DMc,8,-14398.2,   Optimal,   Proved,35.7045,/home/utr_lefebvre/adr4mip//data/s091.kp
OPT,5,-13239,   Optimal,   Proved,736.288,/home/utr_lefebvre/adr4mip//data/s048.kp
DMi,5,-12565,   Optimal,   Proved,0.017116,/home/utr_lefebvre/adr4mip//data/s048.kp
DMc,5,-12650.8,   Optimal,   Proved,6.59812,/home/utr_lefebvre/adr4mip//data/s048.kp
OPT,3,-16289,   Optimal,   Proved,114.225,/home/utr_lefebvre/adr4mip//data/s084.kp
DMi,3,-15416,   Optimal,   Proved,0.023827,/home/utr_lefebvre/adr4mip//data/s084.kp
DMc,3,-15576,   Optimal,   Proved,5.81449,/home/utr_lefebvre/adr4mip//data/s084.kp
OPT,3,-16966,   Optimal,   Proved,351.729,/home/utr_lefebvre/adr4mip//data/s008.kp
DMi,3,-16444,   Optimal,   Proved,0.851835,/home/utr_lefebvre/adr4mip//data/s008.kp
DMc,3,-16480.6,   Optimal,   Proved,7.43251,/home/utr_lefebvre/adr4mip//data/s008.kp
OPT,8,-14715,  Feasible,TimeLimit,3607.47,/home/utr_lefebvre/adr4mip//data/s013.kp
DMi,8,-13063,   Optimal,   Proved,0.824913,/home/utr_lefebvre/adr4mip//data/s013.kp
DMc,8,-13363.7,   Optimal,   Proved,31.3098,/home/utr_lefebvre/adr4mip//data/s013.kp
OPT,3,-19701,   Optimal,   Proved,309.2,/home/utr_lefebvre/adr4mip//data/s024.kp
DMi,3,-19154,   Optimal,   Proved,0.8415,/home/utr_lefebvre/adr4mip//data/s024.kp
DMc,3,-19215.7,   Optimal,   Proved,7.46414,/home/utr_lefebvre/adr4mip//data/s024.kp
